date,symbol,nav,ltp,discount_pct,volume,trades,source
2026-02-09,C30MF,10.47,9.65,-7.83,600,4,nepse_playwright
2026-02-09,GBIMESY2,9.82,9.08,-7.54,2450,17,nepse_playwright
2026-02-09,GIBF1,11.68,10.6,-9.25,101600,22,nepse_playwright
2026-02-09,GSY,10.1,9.42,-6.73,4400,22,nepse_playwright
2026-02-09,H8020,11.9,11.5,-3.36,5400,15,nepse_playwright
2026-02-09,HLICF,9.64,9.72,0.83,3140,11,nepse_playwright
2026-02-09,KDBY,10.95,10.02,-8.49,23914,40,nepse_playwright
2026-02-09,KEF,10.08,9.34,-7.34,3960,14,nepse_playwright
2026-02-09,CMF2,10.04,10.1,0.6,2290,5,nepse_playwright
2026-02-09,NIBLSTF,9.75,9.22,-5.44,2500,11,nepse_playwright
2026-02-09,LVF2,11.41,9.5,-16.74,2705,11,nepse_playwright
2026-02-09,MBLEF,10.83,10.09,-6.83,43400,23,nepse_playwright
2026-02-09,MMF1,9.55,8.92,-6.6,7100,27,nepse_playwright
2026-02-09,MNMF1,10.23,9.36,-8.5,3300,19,nepse_playwright
2026-02-09,NBF2,10.42,9.72,-6.72,105890,16,nepse_playwright
2026-02-09,NBF3,10.2,9.4,-7.84,12200,25,nepse_playwright
2026-02-09,NIBLGF,9.77,9.82,0.51,4177,11,nepse_playwright
2026-02-09,LUK,11.66,9.85,-15.52,200,2,nepse_playwright
2026-02-09,NICBF,10.04,9.32,-7.17,2100,3,nepse_playwright
2026-02-09,NIBSF2,9.78,9.29,-5.01,2150,9,nepse_playwright
2026-02-09,KSY,10.26,9.34,-8.97,400,3,nepse_playwright
2026-02-09,NICFC,10.02,9.16,-8.58,2300,17,nepse_playwright
2026-02-09,RMF1,10.02,9.48,-5.39,11118,20,nepse_playwright
2026-02-09,NMB50,10.31,10.31,0.0,6800,3,nepse_playwright
2026-02-09,NMBHF2,10.36,9.38,-9.46,3150,21,nepse_playwright
2026-02-09,NSIF2,11.63,10.61,-8.77,20500,16,nepse_playwright
2026-02-09,PRSF,12.29,11.25,-8.46,700,5,nepse_playwright
2026-02-09,PSF,12.03,11.07,-7.98,2000,13,nepse_playwright
2026-02-09,RBBF40,9.97,9.5,-4.71,4100,21,nepse_playwright
2026-02-09,RMF2,10.71,10.0,-6.63,900,5,nepse_playwright
2026-02-09,RSY,10.65,9.91,-6.95,357150,16,nepse_playwright
2026-02-09,NICSF,9.54,8.89,-6.81,1900,7,nepse_playwright
2026-02-09,NICGF2,10.14,9.27,-8.58,2700,15,nepse_playwright
2026-02-09,SBCF,11.34,9.53,-15.96,8850,17,nepse_playwright
2026-02-09,SEF,10.02,9.79,-2.3,8000,7,nepse_playwright
2026-02-09,SFEF,11.43,9.75,-14.7,4900,9,nepse_playwright
2026-02-09,SFMF,11.3,10.38,-8.14,1000,1,nepse_playwright
2026-02-09,SIGS2,10.41,9.81,-5.76,1950,4,nepse_playwright
2026-02-09,SIGS3,10.77,10.19,-5.39,400,2,nepse_playwright
2026-02-09,SLCF,10.12,9.66,-4.55,2850,13,nepse_playwright
2026-02-09,SAGF,10.48,9.71,-7.35,5500,7,nepse_playwright
2026-02-10,HLICF,9.64,9.55,-0.93,1100,11,nepse_playwright
2026-02-10,H8020,11.9,11.7,-1.68,5420,14,nepse_playwright
2026-02-10,GSY,10.1,9.5,-5.94,25699,40,nepse_playwright
2026-02-10,NICBF,10.04,9.3,-7.37,7200,1,nepse_playwright
2026-02-10,GBIMESY2,9.82,9.12,-7.13,1200,11,nepse_playwright
2026-02-10,CMF2,10.04,10.01,-0.3,8295,6,nepse_playwright
2026-02-10,KDBY,10.95,10.02,-8.49,14300,36,nepse_playwright
2026-02-10,GIBF1,11.68,10.64,-8.9,1800,13,nepse_playwright
2026-02-10,KEF,10.08,9.58,-4.96,12610,25,nepse_playwright
2026-02-10,NBF2,10.42,9.58,-8.06,56232,9,nepse_playwright
2026-02-10,LUK,11.66,9.95,-14.67,600,3,nepse_playwright
2026-02-10,NIBLGF,9.77,10.21,4.5,12680,12,nepse_playwright
2026-02-10,NBF3,10.2,9.58,-6.08,51940,33,nepse_playwright
2026-02-10,NIBLSTF,9.75,9.28,-4.82,6000,24,nepse_playwright
2026-02-10,MMF1,9.55,9.05,-5.24,19570,27,nepse_playwright
2026-02-10,MBLEF,10.83,10.07,-7.02,38600,29,nepse_playwright
2026-02-10,LVF2,11.41,9.45,-17.18,1600,7,nepse_playwright
2026-02-10,MNMF1,10.23,9.73,-4.89,77652,43,nepse_playwright
2026-02-10,C30MF,10.47,9.83,-6.11,2700,5,nepse_playwright
2026-02-10,NIBSF2,9.78,9.31,-4.81,2000,10,nepse_playwright
2026-02-10,SEF,10.02,9.7,-3.19,15000,1,nepse_playwright
2026-02-10,NICFC,10.02,9.15,-8.68,5500,14,nepse_playwright
2026-02-10,KSY,10.26,9.4,-8.38,3400,6,nepse_playwright
2026-02-10,PRSF,12.29,11.18,-9.03,500,5,nepse_playwright
2026-02-10,NSIF2,11.63,10.61,-8.77,2900,10,nepse_playwright
2026-02-10,NICGF2,10.14,9.45,-6.8,40610,24,nepse_playwright
2026-02-10,NMB50,10.31,10.51,1.94,4208,6,nepse_playwright
2026-02-10,NICSF,9.54,8.91,-6.6,18600,17,nepse_playwright
2026-02-10,RBBF40,9.97,9.88,-0.9,39866,38,nepse_playwright
2026-02-10,NMBHF2,10.36,9.35,-9.75,6500,20,nepse_playwright
2026-02-10,RMF1,10.02,9.35,-6.69,15300,30,nepse_playwright
2026-02-10,PSF,12.03,11.18,-7.07,5100,14,nepse_playwright
2026-02-10,RSY,10.65,9.8,-7.98,83200,22,nepse_playwright
2026-02-10,SLCF,10.12,9.85,-2.67,121600,22,nepse_playwright
2026-02-10,SIGS3,10.77,10.3,-4.36,1500,6,nepse_playwright
2026-02-10,SIGS2,10.41,9.62,-7.59,1000,1,nepse_playwright
2026-02-10,RMF2,10.71,9.99,-6.72,9400,4,nepse_playwright
2026-02-10,SFEF,11.43,9.59,-16.1,200,2,nepse_playwright
2026-02-10,SBCF,11.34,9.5,-16.23,9000,12,nepse_playwright
2026-02-10,SAGF,10.48,9.75,-6.97,2800,9,nepse_playwright
2026-02-10,SFMF,11.3,10.21,-9.65,13964,5,nepse_playwright
2026-02-11,C30MF,10.47,9.82,-6.21,14804,9,nepse_playwright
2026-02-11,GBIMESY2,9.82,9.48,-3.46,5315,11,nepse_playwright
2026-02-11,GIBF1,11.68,10.79,-7.62,10700,10,nepse_playwright
2026-02-11,GSY,10.1,9.5,-5.94,14000,57,nepse_playwright
2026-02-11,H8020,11.9,11.65,-2.1,31500,17,nepse_playwright
2026-02-11,HLICF,9.64,9.4,-2.49,1300,12,nepse_playwright
2026-02-11,KDBY,10.95,10.0,-8.68,4510,32,nepse_playwright
2026-02-11,KEF,10.08,9.3,-7.74,3710,14,nepse_playwright
2026-02-11,NICBF,10.04,9.19,-8.47,7300,7,nepse_playwright
2026-02-11,MNMF1,10.23,9.45,-7.62,7200,18,nepse_playwright
2026-02-11,MBLEF,10.83,10.1,-6.74,48000,28,nepse_playwright
2026-02-11,MMF1,9.55,8.92,-6.6,16830,32,nepse_playwright
2026-02-11,CMF2,10.04,9.83,-2.09,100,1,nepse_playwright
2026-02-11,NBF2,10.42,9.68,-7.1,5000,12,nepse_playwright
2026-02-11,NBF3,10.2,9.77,-4.22,90149,34,nepse_playwright
2026-02-11,NIBLGF,9.77,9.8,0.31,50800,44,nepse_playwright
2026-02-11,NIBLSTF,9.75,9.09,-6.77,3700,16,nepse_playwright
2026-02-11,LUK,11.66,9.89,-15.18,2300,8,nepse_playwright
2026-02-11,LVF2,11.41,9.5,-16.74,13670,17,nepse_playwright
2026-02-11,NIBSF2,9.78,9.15,-6.44,5240,17,nepse_playwright
2026-02-11,SEF,10.02,9.79,-2.3,5300,12,nepse_playwright
2026-02-11,NICFC,10.02,9.16,-8.58,4200,21,nepse_playwright
2026-02-11,NICSF,9.54,8.82,-7.55,4000,11,nepse_playwright
2026-02-11,NMB50,10.31,10.26,-0.48,52700,8,nepse_playwright
2026-02-11,NMBHF2,10.36,9.4,-9.27,9230,38,nepse_playwright
2026-02-11,NSIF2,11.63,10.7,-8.0,50800,10,nepse_playwright
2026-02-11,PRSF,12.29,11.26,-8.38,600,2,nepse_playwright
2026-02-11,PSF,12.03,11.1,-7.73,12449,20,nepse_playwright
2026-02-11,RBBF40,9.97,9.61,-3.61,350,3,nepse_playwright
2026-02-11,RMF2,10.71,9.9,-7.56,4650,5,nepse_playwright
2026-02-11,RMF1,10.02,9.65,-3.69,227200,34,nepse_playwright
2026-02-11,KSY,10.26,9.58,-6.63,3650,12,nepse_playwright
2026-02-11,SBCF,11.34,9.5,-16.23,8975,13,nepse_playwright
2026-02-11,NICGF2,10.14,9.1,-10.26,130600,23,nepse_playwright
2026-02-11,SFEF,11.43,9.94,-13.04,58704,16,nepse_playwright
2026-02-11,SFMF,11.3,10.21,-9.65,2070,5,nepse_playwright
2026-02-11,SIGS2,10.41,9.8,-5.86,5000,7,nepse_playwright
2026-02-11,SIGS3,10.77,9.81,-8.91,34300,10,nepse_playwright
2026-02-11,SLCF,10.12,9.71,-4.05,1950,7,nepse_playwright
2026-02-11,RSY,10.65,9.8,-7.98,23700,36,nepse_playwright
2026-02-11,SAGF,10.48,9.87,-5.82,43000,15,nepse_playwright
2026-02-12,HLICF,9.64,9.25,-4.05,2380,15,nepse_playwright
2026-02-12,H8020,11.9,11.42,-4.03,15100,20,nepse_playwright
2026-02-12,GIBF1,11.68,10.81,-7.45,30200,30,nepse_playwright
2026-02-12,NIBSF2,9.78,9.15,-6.44,10315,14,nepse_playwright
2026-02-12,CMF2,10.04,9.83,-2.09,2500,4,nepse_playwright
2026-02-12,C30MF,10.47,9.71,-7.26,800,6,nepse_playwright
2026-02-12,KDBY,10.95,10.3,-5.94,16500,47,nepse_playwright
2026-02-12,GBIMESY2,9.82,9.53,-2.95,1600,15,nepse_playwright
2026-02-12,KEF,10.08,9.38,-6.94,11600,19,nepse_playwright
2026-02-12,MMF1,9.55,9.08,-4.92,50545,47,nepse_playwright
2026-02-12,LUK,11.66,9.9,-15.09,1000,3,nepse_playwright
2026-02-12,KSY,10.24,9.58,-6.45,400,3,nepse_playwright
2026-02-12,NBF3,10.32,9.65,-6.49,26825,23,nepse_playwright
2026-02-12,MNMF1,10.23,9.7,-5.18,13100,39,nepse_playwright
2026-02-12,NIBLGF,9.77,9.52,-2.56,3050,12,nepse_playwright
2026-02-12,MBLEF,10.83,10.09,-6.83,17400,37,nepse_playwright
2026-02-12,LVF2,11.41,9.64,-15.51,1300,4,nepse_playwright
2026-02-12,NIBLSTF,9.75,9.26,-5.03,2900,7,nepse_playwright
2026-02-12,GSY,10.1,9.65,-4.46,16100,38,nepse_playwright
2026-02-12,NBF2,10.47,9.85,-5.92,102500,14,nepse_playwright
2026-02-12,NICBF,10.03,9.2,-8.28,892,3,nepse_playwright
2026-02-12,RMF2,10.71,10.18,-4.95,26800,7,nepse_playwright
2026-02-12,SEF,10.02,9.79,-2.3,20800,6,nepse_playwright
2026-02-12,PSF,12.05,11.3,-6.22,2901,14,nepse_playwright
2026-02-12,PRSF,12.32,11.27,-8.52,13100,8,nepse_playwright
2026-02-12,NSIF2,11.63,10.66,-8.34,175750,20,nepse_playwright
2026-02-12,NICGF2,10.15,9.19,-9.46,3180,19,nepse_playwright
2026-02-12,NICSF,9.54,8.92,-6.5,6200,11,nepse_playwright
2026-02-12,RBBF40,9.97,9.38,-5.92,2440,15,nepse_playwright
2026-02-12,NMBHF2,10.37,9.45,-8.87,5700,21,nepse_playwright
2026-02-12,RMF1,10.02,9.6,-4.19,22700,23,nepse_playwright
2026-02-12,NMB50,10.32,10.25,-0.68,1990,7,nepse_playwright
2026-02-12,RSY,10.65,9.78,-8.17,14250,26,nepse_playwright
2026-02-12,SLCF,10.12,9.89,-2.27,11440,10,nepse_playwright
2026-02-12,SIGS3,10.77,10.35,-3.9,6500,11,nepse_playwright
2026-02-12,SIGS2,10.41,9.7,-6.82,400,2,nepse_playwright
2026-02-12,SFMF,11.3,10.23,-9.47,6000,3,nepse_playwright
2026-02-12,NICFC,10.09,9.16,-9.22,3600,26,nepse_playwright
2026-02-12,SBCF,11.34,9.4,-17.11,1300,5,nepse_playwright
2026-02-12,SAGF,10.53,9.87,-6.27,1150,8,nepse_playwright
2026-02-12,SFEF,11.43,9.8,-14.26,1300,7,nepse_playwright
2026-02-16,KEF,10.08,9.56,-5.16,5300,18,nepse_playwright
2026-02-16,CMF2,10.28,9.86,-4.09,1300,3,nepse_playwright
2026-02-16,GBIMESY2,9.91,9.34,-5.75,33310,18,nepse_playwright
2026-02-16,GIBF1,11.78,10.77,-8.57,2600,14,nepse_playwright
2026-02-16,GSY,10.37,9.6,-7.43,16350,51,nepse_playwright
2026-02-16,H8020,12.12,11.45,-5.53,27900,23,nepse_playwright
2026-02-16,HLICF,9.56,9.26,-3.14,1900,15,nepse_playwright
2026-02-16,KDBY,10.93,10.3,-5.76,3900,35,nepse_playwright
2026-02-16,NICBF,10.03,9.32,-7.08,5900,6,nepse_playwright
2026-02-16,C30MF,10.6,9.68,-8.68,3000,6,nepse_playwright
2026-02-16,NIBLGF,9.79,9.33,-4.7,900,5,nepse_playwright
2026-02-16,NBF3,10.32,9.47,-8.24,13900,21,nepse_playwright
2026-02-16,NBF2,10.47,9.61,-8.21,60360,11,nepse_playwright
2026-02-16,NIBLSTF,9.77,9.23,-5.53,6300,15,nepse_playwright
2026-02-16,MMF1,9.58,8.92,-6.89,14750,26,nepse_playwright
2026-02-16,MBLEF,10.94,10.07,-7.95,21230,25,nepse_playwright
2026-02-16,LVF2,11.41,9.71,-14.9,13845,11,nepse_playwright
2026-02-16,MNMF1,10.38,9.6,-7.51,7200,29,nepse_playwright
2026-02-16,LUK,11.66,9.9,-15.09,8945,9,nepse_playwright
2026-02-16,NIBSF2,9.82,9.08,-7.54,4470,12,nepse_playwright
2026-02-16,NICGF2,10.15,9.16,-9.75,2900,18,nepse_playwright
2026-02-16,NICFC,10.09,9.2,-8.82,3110,29,nepse_playwright
2026-02-16,RMF1,10.03,9.78,-2.49,2650,12,nepse_playwright
2026-02-16,NICSF,9.53,8.9,-6.61,5600,14,nepse_playwright
2026-02-16,NMB50,10.32,10.45,1.26,5270,7,nepse_playwright
2026-02-16,NMBHF2,10.37,9.55,-7.91,12909,41,nepse_playwright
2026-02-16,NSIF2,11.63,10.75,-7.57,18370,14,nepse_playwright
2026-02-16,PRSF,12.32,11.32,-8.12,4594,11,nepse_playwright
2026-02-16,PSF,12.05,11.08,-8.05,1500,6,nepse_playwright
2026-02-16,RBBF40,9.9,9.16,-7.47,3900,27,nepse_playwright
2026-02-16,RMF2,10.72,9.81,-8.49,1900,6,nepse_playwright
2026-02-16,KSY,10.24,9.39,-8.3,1200,9,nepse_playwright
2026-02-16,SAGF,10.53,9.99,-5.13,29900,19,nepse_playwright
2026-02-16,SLCF,10.15,9.75,-3.94,3200,12,nepse_playwright
2026-02-16,SIGS3,10.79,10.3,-4.54,9800,12,nepse_playwright
2026-02-16,SIGS2,10.44,9.88,-5.36,15700,4,nepse_playwright
2026-02-16,RSY,10.77,10.0,-7.15,18361,19,nepse_playwright
2026-02-16,SFEF,11.43,9.71,-15.05,900,5,nepse_playwright
2026-02-16,SEF,10.05,9.65,-3.98,15875,12,nepse_playwright
2026-02-16,SBCF,11.34,9.58,-15.52,124150,19,nepse_playwright
2026-02-16,SFMF,11.3,10.27,-9.12,19280,8,nepse_playwright
2026-02-17,KSY,10.24,9.68,-5.47,10800,21,nepse_playwright
2026-02-17,GBIMESY2,9.91,9.3,-6.16,1310,10,nepse_playwright
2026-02-17,GIBF1,11.78,10.7,-9.17,1600,15,nepse_playwright
2026-02-17,H8020,12.12,11.41,-5.86,3410,13,nepse_playwright
2026-02-17,HLICF,9.56,9.61,0.52,5709,21,nepse_playwright
2026-02-17,KDBY,10.93,10.16,-7.04,5100,34,nepse_playwright
2026-02-17,KEF,10.08,9.56,-5.16,24965,25,nepse_playwright
2026-02-17,NICBF,10.03,9.65,-3.79,38385,17,nepse_playwright
2026-02-17,NBF2,10.47,9.62,-8.12,9039,11,nepse_playwright
2026-02-17,LUK,11.66,9.7,-16.81,18060,8,nepse_playwright
2026-02-17,NIBLGF,9.79,9.5,-2.96,71300,18,nepse_playwright
2026-02-17,NBF3,10.32,9.45,-8.43,36330,33,nepse_playwright
2026-02-17,CMF2,10.28,10.2,-0.78,2810,6,nepse_playwright
2026-02-17,NIBLSTF,9.77,9.12,-6.65,5250,27,nepse_playwright
2026-02-17,MNMF1,10.38,9.46,-8.86,21209,38,nepse_playwright
2026-02-17,MMF1,9.58,9.0,-6.05,9100,34,nepse_playwright
2026-02-17,MBLEF,10.94,10.01,-8.5,25400,40,nepse_playwright
2026-02-17,LVF2,11.41,9.54,-16.39,19335,15,nepse_playwright
2026-02-17,NIBSF2,9.82,9.26,-5.7,40600,23,nepse_playwright
2026-02-17,GSY,10.37,9.7,-6.46,31200,53,nepse_playwright
2026-02-17,RMF1,10.03,9.77,-2.59,103700,19,nepse_playwright
2026-02-17,NMBHF2,10.37,9.5,-8.39,8700,27,nepse_playwright
2026-02-17,NICSF,9.53,9.12,-4.3,8613,29,nepse_playwright
2026-02-17,NMB50,10.32,10.17,-1.45,990,5,nepse_playwright
2026-02-17,NSIF2,11.63,10.6,-8.86,1711,9,nepse_playwright
2026-02-17,PRSF,12.32,11.19,-9.17,74700,14,nepse_playwright
2026-02-17,PSF,12.05,11.2,-7.05,7400,24,nepse_playwright
2026-02-17,RBBF40,9.9,9.52,-3.84,3400,12,nepse_playwright
2026-02-17,RMF2,10.72,9.95,-7.18,1900,6,nepse_playwright
2026-02-17,SFEF,11.43,9.66,-15.49,63600,9,nepse_playwright
2026-02-17,SAGF,10.53,9.87,-6.27,1850,12,nepse_playwright
2026-02-17,C30MF,10.6,9.57,-9.72,600,6,nepse_playwright
2026-02-17,SEF,10.05,9.73,-3.18,6360,6,nepse_playwright
2026-02-17,SBCF,11.34,9.4,-17.11,36034,17,nepse_playwright
2026-02-17,RSY,10.77,10.09,-6.31,46100,30,nepse_playwright
2026-02-17,SLCF,10.15,9.58,-5.62,1620,9,nepse_playwright
2026-02-17,SIGS3,10.79,10.21,-5.38,11600,9,nepse_playwright
2026-02-17,NICFC,10.09,9.2,-8.82,3300,23,nepse_playwright
2026-02-17,SIGS2,10.44,9.69,-7.18,800,2,nepse_playwright
2026-02-17,SFMF,11.3,10.26,-9.2,22138,5,nepse_playwright
2026-02-17,NICGF2,10.15,9.47,-6.7,67994,29,nepse_playwright
2026-02-22,KDBY,10.93,9.83,-10.06,14520,38,nepse_playwright
2026-02-22,CMF2,10.28,10.2,-0.78,169,1,nepse_playwright
2026-02-22,GBIMESY2,9.91,9.15,-7.67,1300,8,nepse_playwright
2026-02-22,GIBF1,11.78,10.65,-9.59,13432,19,nepse_playwright
2026-02-22,GSY,10.37,9.43,-9.06,18880,31,nepse_playwright
2026-02-22,H8020,12.12,11.42,-5.78,27100,17,nepse_playwright
2026-02-22,HLICF,9.56,9.3,-2.72,699,6,nepse_playwright
2026-02-22,C30MF,10.6,9.61,-9.34,1500,7,nepse_playwright
2026-02-22,KEF,10.08,9.4,-6.75,8450,7,nepse_playwright
2026-02-22,MBLEF,10.94,10.09,-7.77,5020,25,nepse_playwright
2026-02-22,LUK,11.66,9.7,-16.81,100,1,nepse_playwright
2026-02-22,LVF2,11.41,9.48,-16.91,5177,11,nepse_playwright
2026-02-22,MMF1,9.58,9.05,-5.53,24416,31,nepse_playwright
2026-02-22,MNMF1,10.38,9.77,-5.88,26500,31,nepse_playwright
2026-02-22,NBF2,10.47,9.6,-8.31,18900,7,nepse_playwright
2026-02-22,NBF3,10.32,9.51,-7.85,31100,28,nepse_playwright
2026-02-22,NIBLGF,9.79,9.88,0.92,3460,11,nepse_playwright
2026-02-22,KSY,10.24,9.43,-7.91,1150,6,nepse_playwright
2026-02-22,NIBSF2,9.82,9.57,-2.55,27455,20,nepse_playwright
2026-02-22,NIBLSTF,9.77,9.2,-5.83,3112,16,nepse_playwright
2026-02-22,NICBF,10.03,9.61,-4.19,1300,2,nepse_playwright
2026-02-22,RMF2,10.72,9.87,-7.93,11000,7,nepse_playwright
2026-02-22,RBBF40,9.9,9.77,-1.31,4425,20,nepse_playwright
2026-02-22,NICSF,9.53,9.1,-4.51,600,4,nepse_playwright
2026-02-22,NMB50,10.32,10.3,-0.19,34000,6,nepse_playwright
2026-02-22,NMBHF2,10.37,9.46,-8.78,3250,22,nepse_playwright
2026-02-22,NSIF2,11.63,10.45,-10.15,130359,18,nepse_playwright
2026-02-22,PRSF,12.32,11.18,-9.25,21652,13,nepse_playwright
2026-02-22,PSF,12.05,11.08,-8.05,9500,16,nepse_playwright
2026-02-22,NICGF2,10.15,9.4,-7.39,27300,14,nepse_playwright
2026-02-22,RMF1,10.03,9.65,-3.79,174540,21,nepse_playwright
2026-02-22,NICFC,10.09,9.16,-9.22,45250,27,nepse_playwright
2026-02-22,RSY,10.77,10.0,-7.15,32900,25,nepse_playwright
2026-02-22,SAGF,10.53,10.06,-4.46,11598,9,nepse_playwright
2026-02-22,SEF,10.05,9.43,-6.17,52030,17,nepse_playwright
2026-02-22,SFEF,11.43,9.63,-15.75,64838,11,nepse_playwright
2026-02-22,SFMF,11.3,10.26,-9.2,0,0,nepse_playwright
2026-02-22,SIGS2,10.44,9.88,-5.36,3000,1,nepse_playwright
2026-02-22,SIGS3,10.79,10.21,-5.38,9800,8,nepse_playwright
2026-02-22,SLCF,10.15,9.7,-4.43,3700,18,nepse_playwright
2026-02-22,SBCF,11.34,9.58,-15.52,8300,11,nepse_playwright
2026-02-23,HLICF,9.56,9.17,-4.08,1710,12,nepse_playwright
2026-02-23,H8020,12.12,11.5,-5.12,117091,65,nepse_playwright
2026-02-23,GIBF1,11.78,10.65,-9.59,2728,14,nepse_playwright
2026-02-23,NIBSF2,9.82,9.11,-7.23,43330,28,nepse_playwright
2026-02-23,CMF2,10.28,9.87,-3.99,30325,3,nepse_playwright
2026-02-23,C30MF,10.6,9.8,-7.55,3300,6,nepse_playwright
2026-02-23,KDBY,10.93,10.0,-8.51,6400,24,nepse_playwright
2026-02-23,GBIMESY2,9.91,9.33,-5.85,3900,18,nepse_playwright
2026-02-23,KEF,10.08,9.21,-8.63,2700,11,nepse_playwright
2026-02-23,NBF3,10.32,9.4,-8.91,10042,27,nepse_playwright
2026-02-23,LUK,11.66,9.94,-14.75,5499,8,nepse_playwright
2026-02-23,KSY,10.24,9.33,-8.89,12500,9,nepse_playwright
2026-02-23,NBF2,10.47,9.61,-8.21,2450,7,nepse_playwright
2026-02-23,MNMF1,10.38,9.5,-8.48,2900,17,nepse_playwright
2026-02-23,NIBLGF,9.79,9.65,-1.43,87150,19,nepse_playwright
2026-02-23,MBLEF,10.94,10.1,-7.68,3300,23,nepse_playwright
2026-02-23,LVF2,11.41,9.62,-15.69,4865,12,nepse_playwright
2026-02-23,NIBLSTF,9.77,9.25,-5.32,10960,27,nepse_playwright
2026-02-23,GSY,10.37,9.4,-9.35,3600,27,nepse_playwright
2026-02-23,MMF1,9.58,9.61,0.31,210071,89,nepse_playwright
2026-02-23,NICBF,10.03,9.6,-4.29,18500,3,nepse_playwright
2026-02-23,RMF2,10.72,10.0,-6.72,1039,7,nepse_playwright
2026-02-23,SLCF,10.15,9.52,-6.21,1150,5,nepse_playwright
2026-02-23,PSF,12.05,11.1,-7.88,3200,11,nepse_playwright
2026-02-23,PRSF,12.32,11.15,-9.5,4500,8,nepse_playwright
2026-02-23,NSIF2,11.63,10.5,-9.72,500,5,nepse_playwright
2026-02-23,NICGF2,10.15,9.25,-8.87,1300,13,nepse_playwright
2026-02-23,NICSF,9.53,8.89,-6.72,7500,11,nepse_playwright
2026-02-23,RBBF40,9.9,9.6,-3.03,12788,22,nepse_playwright
2026-02-23,NMBHF2,10.37,9.65,-6.94,44898,35,nepse_playwright
2026-02-23,RMF1,10.03,9.65,-3.79,88100,22,nepse_playwright
2026-02-23,NMB50,10.32,10.49,1.65,3600,5,nepse_playwright
2026-02-23,RSY,10.77,9.8,-9.01,2810,18,nepse_playwright
2026-02-23,SBCF,11.34,9.66,-14.81,138810,7,nepse_playwright
2026-02-23,SIGS3,10.79,10.11,-6.3,1550,5,nepse_playwright
2026-02-23,SIGS2,10.44,9.69,-7.18,100,1,nepse_playwright
2026-02-23,SFMF,11.3,10.07,-10.88,63450,8,nepse_playwright
2026-02-23,NICFC,10.09,9.16,-9.22,13350,19,nepse_playwright
2026-02-23,SEF,10.05,9.61,-4.38,14400,7,nepse_playwright
2026-02-23,SAGF,10.53,9.9,-5.98,1100,10,nepse_playwright
2026-02-23,SFEF,11.43,9.6,-16.01,10300,4,nepse_playwright
2026-02-24,KEF,10.08,9.3,-7.74,6604,18,nepse_playwright
2026-02-24,CMF2,10.28,9.86,-4.09,200,1,nepse_playwright
2026-02-24,GBIMESY2,9.91,9.17,-7.47,1570,8,nepse_playwright
2026-02-24,GIBF1,11.78,10.66,-9.51,800,4,nepse_playwright
2026-02-24,GSY,10.37,9.41,-9.26,1850,15,nepse_playwright
2026-02-24,H8020,12.12,11.5,-5.12,400,4,nepse_playwright
2026-02-24,HLICF,9.56,9.15,-4.29,1000,9,nepse_playwright
2026-02-24,KDBY,10.93,10.11,-7.5,1950,19,nepse_playwright
2026-02-24,NICBF,10.03,9.6,-4.29,0,0,nepse_playwright
2026-02-24,C30MF,10.6,9.7,-8.49,400,4,nepse_playwright
2026-02-24,NIBLGF,9.79,9.46,-3.37,400,4,nepse_playwright
2026-02-24,NBF3,10.32,9.4,-8.91,29954,26,nepse_playwright
2026-02-24,NBF2,10.47,9.61,-8.21,11871,8,nepse_playwright
2026-02-24,NIBLSTF,9.77,9.25,-5.32,26780,47,nepse_playwright
2026-02-24,MMF1,9.58,9.62,0.42,8860,25,nepse_playwright
2026-02-24,MBLEF,10.94,10.1,-7.68,4050,25,nepse_playwright
2026-02-24,LVF2,11.41,9.5,-16.74,84256,11,nepse_playwright
2026-02-24,MNMF1,10.38,9.7,-6.55,16200,17,nepse_playwright
2026-02-24,LUK,11.66,9.75,-16.38,1100,3,nepse_playwright
2026-02-24,NIBSF2,9.82,9.03,-8.04,4400,10,nepse_playwright
2026-02-24,NICGF2,10.15,9.26,-8.77,1750,14,nepse_playwright
2026-02-24,NICFC,10.09,9.2,-8.82,1300,9,nepse_playwright
2026-02-24,RMF1,10.03,9.45,-5.78,4065,7,nepse_playwright
2026-02-24,NICSF,9.53,9.1,-4.51,18250,18,nepse_playwright
2026-02-24,NMB50,10.32,10.79,4.55,950,4,nepse_playwright
2026-02-24,NMBHF2,10.37,9.73,-6.17,12948,19,nepse_playwright
2026-02-24,NSIF2,11.63,10.55,-9.29,26500,6,nepse_playwright
2026-02-24,PRSF,12.32,11.36,-7.79,5300,4,nepse_playwright
2026-02-24,PSF,12.05,11.01,-8.63,8000,13,nepse_playwright
2026-02-24,RBBF40,9.9,9.6,-3.03,0,0,nepse_playwright
2026-02-24,RMF2,10.72,9.66,-9.89,200,2,nepse_playwright
2026-02-24,KSY,10.24,9.7,-5.27,35370,15,nepse_playwright
2026-02-24,SAGF,10.53,9.9,-5.98,12100,6,nepse_playwright
2026-02-24,SLCF,10.15,9.51,-6.31,10460,15,nepse_playwright
2026-02-24,SIGS3,10.79,10.17,-5.75,27800,11,nepse_playwright
2026-02-24,SIGS2,10.44,9.69,-7.18,0,0,nepse_playwright
2026-02-24,RSY,10.77,9.9,-8.08,3100,16,nepse_playwright
2026-02-24,SFEF,11.43,9.54,-16.54,100,1,nepse_playwright
2026-02-24,SEF,10.05,9.62,-4.28,3000,2,nepse_playwright
2026-02-24,SBCF,11.34,9.75,-14.02,13100,10,nepse_playwright
2026-02-24,SFMF,11.3,10.27,-9.12,26955,5,nepse_playwright
2026-02-25,KEF,10.08,9.26,-8.13,3700,21,nepse_playwright
2026-02-25,NIBSF2,9.82,9.03,-8.04,4360,15,nepse_playwright
2026-02-25,CMF2,10.28,10.18,-0.97,4369,4,nepse_playwright
2026-02-25,GBIMESY2,9.91,9.35,-5.65,6000,11,nepse_playwright
2026-02-25,GSY,10.37,9.47,-8.68,7800,24,nepse_playwright
2026-02-25,H8020,12.12,11.73,-3.22,3900,10,nepse_playwright
2026-02-25,HLICF,9.56,9.15,-4.29,1730,15,nepse_playwright
2026-02-25,KDBY,10.93,10.11,-7.5,6400,24,nepse_playwright
2026-02-25,C30MF,10.6,9.53,-10.09,500,1,nepse_playwright
2026-02-25,NBF2,10.47,9.7,-7.35,21600,7,nepse_playwright
2026-02-25,KSY,10.24,9.33,-8.89,200,2,nepse_playwright
2026-02-25,NBF3,10.32,9.5,-7.95,22280,27,nepse_playwright
2026-02-25,NIBLSTF,9.77,9.13,-6.55,5743,26,nepse_playwright
2026-02-25,NIBLGF,9.79,9.28,-5.21,200,2,nepse_playwright
2026-02-25,MMF1,9.58,9.75,1.77,1400,3,nepse_playwright
2026-02-25,MBLEF,10.94,10.04,-8.23,23900,33,nepse_playwright
2026-02-25,LVF2,11.41,9.51,-16.65,4600,6,nepse_playwright
2026-02-25,MNMF1,10.38,9.79,-5.68,21600,20,nepse_playwright
2026-02-25,LUK,11.66,9.77,-16.21,1100,2,nepse_playwright
2026-02-25,NMBHF2,10.37,9.73,-6.17,0,0,nepse_playwright
2026-02-25,GIBF1,11.78,10.65,-9.59,8050,15,nepse_playwright
2026-02-25,RSY,10.77,10.01,-7.06,3862,19,nepse_playwright
2026-02-25,NICBF,10.03,9.6,-4.29,0,0,nepse_playwright
2026-02-25,NICGF2,10.15,9.4,-7.39,500,5,nepse_playwright
2026-02-25,NICSF,9.53,9.1,-4.51,5350,12,nepse_playwright
2026-02-25,NMB50,10.32,10.4,0.78,17270,14,nepse_playwright
2026-02-25,NSIF2,11.63,10.42,-10.4,400,2,nepse_playwright
2026-02-25,PRSF,12.32,11.38,-7.63,107000,16,nepse_playwright
2026-02-25,PSF,12.05,11.05,-8.3,7700,13,nepse_playwright
2026-02-25,RBBF40,9.9,9.26,-6.46,3500,13,nepse_playwright
2026-02-25,RMF2,10.72,9.84,-8.21,1100,4,nepse_playwright
2026-02-25,RMF1,10.03,9.62,-4.09,48800,22,nepse_playwright
2026-02-25,SAGF,10.53,10.09,-4.18,3100,10,nepse_playwright
2026-02-25,SEF,10.05,9.55,-4.98,42500,10,nepse_playwright
2026-02-25,SIGS3,10.79,9.97,-7.6,200,2,nepse_playwright
2026-02-25,SIGS2,10.44,9.88,-5.36,1100,3,nepse_playwright
2026-02-25,SLCF,10.15,9.46,-6.8,1600,8,nepse_playwright
2026-02-25,SFEF,11.43,9.61,-15.92,41550,5,nepse_playwright
2026-02-25,NICFC,10.09,9.2,-8.82,8300,16,nepse_playwright
2026-02-25,SBCF,11.34,9.51,-16.14,900,6,nepse_playwright
2026-02-25,SFMF,11.3,10.26,-9.2,600,2,nepse_playwright
2026-02-26,GIBF1,11.78,10.62,-9.85,1300,8,nepse_playwright
2026-02-26,C30MF,10.6,9.63,-9.15,3800,8,nepse_playwright
2026-02-26,GSY,10.37,9.51,-8.29,15500,33,nepse_playwright
2026-02-26,HLICF,9.56,9.08,-5.02,1410,11,nepse_playwright
2026-02-26,KDBY,10.93,9.99,-8.6,23228,19,nepse_playwright
2026-02-26,KEF,10.08,9.3,-7.74,4600,7,nepse_playwright
2026-02-26,KSY,10.24,9.32,-8.98,420,4,nepse_playwright
2026-02-26,LVF2,11.41,9.7,-14.99,30450,19,nepse_playwright
2026-02-26,NIBSF2,9.82,9.04,-7.94,3650,7,nepse_playwright
2026-02-26,NIBLSTF,9.77,9.05,-7.37,1800,15,nepse_playwright
2026-02-26,NIBLGF,9.79,9.16,-6.44,1131,6,nepse_playwright
2026-02-26,NBF3,10.32,9.51,-7.85,35990,25,nepse_playwright
2026-02-26,MNMF1,10.38,9.65,-7.03,11000,19,nepse_playwright
2026-02-26,MMF1,9.58,9.53,-0.52,16829,38,nepse_playwright
2026-02-26,MBLEF,10.94,10.04,-8.23,2600,9,nepse_playwright
2026-02-26,NBF2,10.47,9.65,-7.83,12740,11,nepse_playwright
2026-02-26,GBIMESY2,9.91,9.32,-5.95,1850,9,nepse_playwright
2026-02-26,LUK,11.66,9.8,-15.95,2480,4,nepse_playwright
2026-02-26,CMF2,10.28,10.24,-0.39,279,2,nepse_playwright
2026-02-26,H8020,12.12,11.52,-4.95,1200,3,nepse_playwright
2026-02-26,NICBF,10.03,9.61,-4.19,1200,1,nepse_playwright
2026-02-26,RMF1,10.03,9.62,-4.09,52050,29,nepse_playwright
2026-02-26,NMB50,10.32,10.3,-0.19,800,4,nepse_playwright
2026-02-26,NSIF2,11.63,10.62,-8.68,7500,12,nepse_playwright
2026-02-26,PRSF,12.32,11.3,-8.28,750,5,nepse_playwright
2026-02-26,PSF,12.05,11.02,-8.55,1900,10,nepse_playwright
2026-02-26,RBBF40,9.9,9.46,-4.44,2420,19,nepse_playwright
2026-02-26,RMF2,10.72,9.81,-8.49,5200,3,nepse_playwright
2026-02-26,SFEF,11.43,9.79,-14.35,51747,14,nepse_playwright
2026-02-26,SAGF,10.53,9.9,-5.98,2100,9,nepse_playwright
2026-02-26,NICSF,9.53,9.02,-5.35,7000,13,nepse_playwright
2026-02-26,SEF,10.05,9.57,-4.78,2700,5,nepse_playwright
2026-02-26,SBCF,11.34,9.35,-17.55,1650,6,nepse_playwright
2026-02-26,NICFC,10.09,9.46,-6.24,36907,21,nepse_playwright
2026-02-26,RSY,10.77,10.0,-7.15,28500,26,nepse_playwright
2026-02-26,NICGF2,10.15,9.22,-9.16,2800,17,nepse_playwright
2026-02-26,NMBHF2,10.37,9.41,-9.26,4800,21,nepse_playwright
2026-02-26,SIGS3,10.79,10.3,-4.54,4054,13,nepse_playwright
2026-02-26,SIGS2,10.44,9.69,-7.18,13400,4,nepse_playwright
2026-02-26,SFMF,11.3,10.26,-9.2,2500,5,nepse_playwright
2026-02-26,SLCF,10.15,9.66,-4.83,4800,6,nepse_playwright
2026-03-01,MMF1,9.58,9.25,-3.44,29800,49,nepse_playwright
2026-03-01,NICBF,10.03,9.43,-5.98,500,3,nepse_playwright
2026-03-01,C30MF,10.6,9.82,-7.36,2200,3,nepse_playwright
2026-03-01,CMF2,10.28,10.23,-0.49,400,3,nepse_playwright
2026-03-01,GBIMESY2,9.91,9.14,-7.77,2430,10,nepse_playwright
2026-03-01,GIBF1,11.78,10.63,-9.76,1100,10,nepse_playwright
2026-03-01,H8020,12.12,11.62,-4.13,4600,14,nepse_playwright
2026-03-01,HLICF,9.56,9.09,-4.92,300,2,nepse_playwright
2026-03-01,KDBY,10.93,9.91,-9.33,11400,13,nepse_playwright
2026-03-01,LUK,11.66,9.8,-15.95,1450,5,nepse_playwright
2026-03-01,GSY,10.37,9.48,-8.58,34000,19,nepse_playwright
2026-03-01,KSY,10.24,9.4,-8.2,2800,10,nepse_playwright
2026-03-01,NBF3,10.32,9.42,-8.72,4040,11,nepse_playwright
2026-03-01,MNMF1,10.38,9.68,-6.74,5200,13,nepse_playwright
2026-03-01,NIBLGF,9.79,9.71,-0.82,33000,27,nepse_playwright
2026-03-01,MBLEF,10.94,10.05,-8.14,374600,24,nepse_playwright
2026-03-01,LVF2,11.41,9.6,-15.86,6630,8,nepse_playwright
2026-03-01,NIBLSTF,9.77,9.28,-5.02,7012,22,nepse_playwright
2026-03-01,KEF,10.08,9.18,-8.93,6900,14,nepse_playwright
2026-03-01,NBF2,10.47,9.53,-8.98,22900,13,nepse_playwright
2026-03-01,SEF,10.05,9.6,-4.48,1300,4,nepse_playwright
2026-03-01,RMF1,10.03,9.75,-2.79,36100,17,nepse_playwright
2026-03-01,NIBSF2,9.82,9.22,-6.11,9390,14,nepse_playwright
2026-03-01,SLCF,10.15,9.5,-6.4,850,4,nepse_playwright
2026-03-01,NICGF2,10.15,9.4,-7.39,3540,15,nepse_playwright
2026-03-01,NICSF,9.53,9.18,-3.67,21994,10,nepse_playwright
2026-03-01,NMB50,10.32,10.13,-1.84,4100,3,nepse_playwright
2026-03-01,NSIF2,11.63,10.69,-8.08,23665,10,nepse_playwright
2026-03-01,PRSF,12.32,11.21,-9.01,600,6,nepse_playwright
2026-03-01,PSF,12.05,10.87,-9.79,2500,4,nepse_playwright
2026-03-01,RBBF40,9.9,9.48,-4.24,1100,9,nepse_playwright
2026-03-01,NMBHF2,10.37,9.46,-8.78,18150,21,nepse_playwright
2026-03-01,RMF2,10.72,9.82,-8.4,700,4,nepse_playwright
2026-03-01,RSY,10.77,9.9,-8.08,12250,10,nepse_playwright
2026-03-01,SIGS3,10.79,10.3,-4.54,5300,5,nepse_playwright
2026-03-01,SIGS2,10.44,9.58,-8.24,10300,5,nepse_playwright
2026-03-01,SFMF,11.3,10.06,-10.97,100,1,nepse_playwright
2026-03-01,NICFC,10.09,9.44,-6.44,1000,7,nepse_playwright
2026-03-01,SBCF,11.34,9.45,-16.67,23730,14,nepse_playwright
2026-03-01,SAGF,10.53,9.9,-5.98,3300,7,nepse_playwright
2026-03-01,SFEF,11.43,9.75,-14.7,55999,12,nepse_playwright
2026-03-03,KDBY,10.93,9.96,-8.87,12001,37,nepse_playwright
2026-03-03,C30MF,10.6,9.82,-7.36,32500,10,nepse_playwright
2026-03-03,CMF2,10.28,10.1,-1.75,35325,4,nepse_playwright
2026-03-03,GBIMESY2,9.91,9.2,-7.16,2400,5,nepse_playwright
2026-03-03,GIBF1,11.78,10.82,-8.15,2050,8,nepse_playwright
2026-03-03,GSY,10.37,9.6,-7.43,4300,16,nepse_playwright
2026-03-03,H8020,12.12,11.95,-1.4,7350,12,nepse_playwright
2026-03-03,HLICF,9.56,9.18,-3.97,800,8,nepse_playwright
2026-03-03,KEF,10.08,9.36,-7.14,10350,7,nepse_playwright
2026-03-03,KSY,10.24,9.58,-6.45,310,3,nepse_playwright
2026-03-03,LUK,11.66,9.7,-16.81,700,4,nepse_playwright
2026-03-03,LVF2,11.41,9.79,-14.2,21695,2,nepse_playwright
2026-03-03,MBLEF,10.94,10.12,-7.5,32100,20,nepse_playwright
2026-03-03,MMF1,9.58,9.43,-1.57,30806,36,nepse_playwright
2026-03-03,MNMF1,10.38,9.62,-7.32,3900,15,nepse_playwright
2026-03-03,NBF2,10.47,9.72,-7.16,3046,7,nepse_playwright
2026-03-03,NBF3,10.32,9.6,-6.98,4350,7,nepse_playwright
2026-03-03,NIBLGF,9.79,9.9,1.12,21540,14,nepse_playwright
2026-03-03,NIBSF2,9.82,9.11,-7.23,2500,6,nepse_playwright
2026-03-03,NIBLSTF,9.77,9.2,-5.83,6088,11,nepse_playwright
2026-03-03,NICBF,10.03,9.61,-4.19,500,1,nepse_playwright
2026-03-03,RMF2,10.72,10.0,-6.72,10100,6,nepse_playwright
2026-03-03,RBBF40,9.9,9.45,-4.55,4000,14,nepse_playwright
2026-03-03,NICGF2,10.15,9.27,-8.67,5530,11,nepse_playwright
2026-03-03,NICSF,9.53,9.48,-0.52,30985,16,nepse_playwright
2026-03-03,NMB50,10.32,10.53,2.03,4120,4,nepse_playwright
2026-03-03,NMBHF2,10.37,9.44,-8.97,2700,16,nepse_playwright
2026-03-03,NSIF2,11.63,10.62,-8.68,800,3,nepse_playwright
2026-03-03,PRSF,12.32,11.38,-7.63,1030,3,nepse_playwright
2026-03-03,PSF,12.05,11.2,-7.05,26800,12,nepse_playwright
2026-03-03,RMF1,10.03,9.58,-4.49,6906,9,nepse_playwright
2026-03-03,NICFC,10.09,9.62,-4.66,27023,20,nepse_playwright
2026-03-03,RSY,10.77,10.0,-7.15,86684,28,nepse_playwright
2026-03-03,SAGF,10.53,9.9,-5.98,500,5,nepse_playwright
2026-03-03,SBCF,11.34,9.62,-15.17,710,4,nepse_playwright
2026-03-03,SEF,10.05,9.7,-3.48,7250,11,nepse_playwright
2026-03-03,SFEF,11.43,9.93,-13.12,1692,1,nepse_playwright
2026-03-03,SFMF,11.3,10.06,-10.97,0,0,nepse_playwright
2026-03-03,SIGS2,10.44,9.5,-9.0,200,1,nepse_playwright
2026-03-03,SIGS3,10.79,10.12,-6.21,300,3,nepse_playwright
2026-03-03,SLCF,10.15,9.68,-4.63,10279,7,nepse_playwright
2026-03-09,KEF,10.08,9.36,-7.14,0,0,nepse_playwright
2026-03-09,KDBY,10.93,9.96,-8.87,0,0,nepse_playwright
2026-03-09,HLICF,9.56,9.18,-3.97,0,0,nepse_playwright
2026-03-09,CMF2,10.28,10.1,-1.75,0,0,nepse_playwright
2026-03-09,GBIMESY2,9.91,9.2,-7.16,0,0,nepse_playwright
2026-03-09,H8020,12.12,11.95,-1.4,0,0,nepse_playwright
2026-03-09,GSY,10.37,9.6,-7.43,0,0,nepse_playwright
2026-03-09,LUK,11.66,9.7,-16.81,0,0,nepse_playwright
2026-03-09,NBF2,10.47,9.89,-5.54,5000,1,nepse_playwright
2026-03-09,NIBLGF,9.79,9.9,1.12,0,0,nepse_playwright
2026-03-09,NBF3,10.32,9.6,-6.98,0,0,nepse_playwright
2026-03-09,C30MF,10.6,9.82,-7.36,0,0,nepse_playwright
2026-03-09,NIBLSTF,9.77,9.38,-3.99,100,1,nepse_playwright
2026-03-09,MMF1,9.58,9.43,-1.57,0,0,nepse_playwright
2026-03-09,MBLEF,10.94,10.12,-7.5,0,0,nepse_playwright
2026-03-09,LVF2,11.41,9.79,-14.2,0,0,nepse_playwright
2026-03-09,MNMF1,10.38,9.62,-7.32,0,0,nepse_playwright
2026-03-09,KSY,10.24,9.58,-6.45,0,0,nepse_playwright
2026-03-09,NIBSF2,9.82,9.11,-7.23,0,0,nepse_playwright
2026-03-09,GIBF1,11.78,10.82,-8.15,0,0,nepse_playwright
2026-03-09,NICBF,10.03,9.61,-4.19,0,0,nepse_playwright
2026-03-09,NMBHF2,10.37,9.44,-8.97,0,0,nepse_playwright
2026-03-09,RBBF40,9.9,9.45,-4.55,0,0,nepse_playwright
2026-03-09,PSF,12.05,11.2,-7.05,0,0,nepse_playwright
2026-03-09,PRSF,12.32,11.38,-7.63,0,0,nepse_playwright
2026-03-09,NICSF,9.53,9.48,-0.52,0,0,nepse_playwright
2026-03-09,NMB50,10.32,10.53,2.03,0,0,nepse_playwright
2026-03-09,NSIF2,11.63,10.62,-8.68,0,0,nepse_playwright
2026-03-09,RMF2,10.72,10.0,-6.72,0,0,nepse_playwright
2026-03-09,SEF,10.05,9.7,-3.48,0,0,nepse_playwright
2026-03-09,RMF1,10.03,9.77,-2.59,100,1,nepse_playwright
2026-03-09,SBCF,11.34,9.62,-15.17,0,0,nepse_playwright
2026-03-09,SAGF,10.53,9.9,-5.98,0,0,nepse_playwright
2026-03-09,RSY,10.77,10.0,-7.15,0,0,nepse_playwright
2026-03-09,SLCF,10.15,9.68,-4.63,0,0,nepse_playwright
2026-03-09,SIGS3,10.79,10.12,-6.21,0,0,nepse_playwright
2026-03-09,NICFC,10.09,9.81,-2.78,200,2,nepse_playwright
2026-03-09,SFMF,11.3,10.06,-10.97,0,0,nepse_playwright
2026-03-09,SFEF,11.43,10.12,-11.46,47183,1,nepse_playwright
2026-03-09,NICGF2,10.15,9.27,-8.67,0,0,nepse_playwright
2026-03-09,SIGS2,10.44,9.5,-9.0,0,0,nepse_playwright
2026-03-10,KDBY,10.93,10.15,-7.14,55623,67,nepse_playwright
2026-03-10,C30MF,10.6,9.93,-6.32,2300,9,nepse_playwright
2026-03-10,CMF2,10.28,10.32,0.39,27538,19,nepse_playwright
2026-03-10,GBIMESY2,9.91,9.37,-5.45,12673,25,nepse_playwright
2026-03-10,GIBF1,11.78,10.71,-9.08,20190,21,nepse_playwright
2026-03-10,GSY,10.37,9.79,-5.59,48150,46,nepse_playwright
2026-03-10,H8020,12.12,11.8,-2.64,3400,5,nepse_playwright
2026-03-10,HLICF,9.56,9.45,-1.15,2520,17,nepse_playwright
2026-03-10,KEF,10.08,9.53,-5.46,14600,23,nepse_playwright
2026-03-10,NIBLSTF,9.77,9.36,-4.2,6600,30,nepse_playwright
2026-03-10,LUK,11.66,9.8,-15.95,4800,10,nepse_playwright
2026-03-10,LVF2,11.41,9.82,-13.94,42820,26,nepse_playwright
2026-03-10,MBLEF,10.94,10.43,-4.66,8900,42,nepse_playwright
2026-03-10,MMF1,9.58,9.55,-0.31,60999,57,nepse_playwright
2026-03-10,MNMF1,10.38,9.8,-5.59,54400,42,nepse_playwright
2026-03-10,NBF2,10.47,10.0,-4.49,49996,13,nepse_playwright
2026-03-10,NBF3,10.32,9.75,-5.52,46520,49,nepse_playwright
2026-03-10,NIBLGF,9.79,10.3,5.21,13350,32,nepse_playwright
2026-03-10,NIBSF2,9.82,9.12,-7.13,25000,23,nepse_playwright
2026-03-10,KSY,10.24,9.46,-7.62,2500,12,nepse_playwright
2026-03-10,NICBF,10.03,9.06,-9.67,350,3,nepse_playwright
2026-03-10,RMF2,10.72,10.03,-6.44,7400,10,nepse_playwright
2026-03-10,RBBF40,9.9,9.28,-6.26,13900,21,nepse_playwright
2026-03-10,NICGF2,10.15,9.3,-8.37,3750,16,nepse_playwright
2026-03-10,NICSF,9.53,9.49,-0.42,14150,9,nepse_playwright
2026-03-10,NMB50,10.32,10.75,4.17,57500,13,nepse_playwright
2026-03-10,NMBHF2,10.37,9.82,-5.3,5250,28,nepse_playwright
2026-03-10,NSIF2,11.63,11.03,-5.16,325759,36,nepse_playwright
2026-03-10,PRSF,12.32,11.32,-8.12,26800,11,nepse_playwright
2026-03-10,PSF,12.05,11.39,-5.48,73500,27,nepse_playwright
2026-03-10,RMF1,10.03,9.65,-3.79,47110,33,nepse_playwright
2026-03-10,SLCF,10.15,9.6,-5.42,3200,12,nepse_playwright
2026-03-10,RSY,10.77,10.2,-5.29,35040,57,nepse_playwright
2026-03-10,SAGF,10.53,10.05,-4.56,6038,28,nepse_playwright
2026-03-10,SBCF,11.34,9.9,-12.7,24470,19,nepse_playwright
2026-03-10,SEF,10.05,9.9,-1.49,45950,18,nepse_playwright
2026-03-10,SFEF,11.43,10.1,-11.64,292200,17,nepse_playwright
2026-03-10,SFMF,11.3,10.26,-9.2,7924,10,nepse_playwright
2026-03-10,SIGS2,10.44,9.7,-7.09,21295,14,nepse_playwright
2026-03-10,SIGS3,10.79,10.2,-5.47,1700,12,nepse_playwright
2026-03-10,NICFC,10.09,9.35,-7.33,3600,15,nepse_playwright
2026-03-11,HLICF,9.56,9.5,-0.63,13800,9,nepse_playwright
2026-03-11,H8020,12.12,11.81,-2.56,22750,16,nepse_playwright
2026-03-11,GIBF1,11.78,10.77,-8.57,12200,17,nepse_playwright
2026-03-11,NIBSF2,9.82,9.5,-3.26,184258,33,nepse_playwright
2026-03-11,CMF2,10.28,10.45,1.65,14800,12,nepse_playwright
2026-03-11,C30MF,10.6,10.16,-4.15,132600,21,nepse_playwright
2026-03-11,KDBY,10.93,10.2,-6.68,155840,54,nepse_playwright
2026-03-11,GBIMESY2,9.91,9.52,-3.94,2100,8,nepse_playwright
2026-03-11,KEF,10.08,9.55,-5.26,21710,23,nepse_playwright
2026-03-11,NBF3,10.32,9.7,-6.01,37950,31,nepse_playwright
2026-03-11,LUK,11.66,9.99,-14.32,6450,8,nepse_playwright
2026-03-11,KSY,10.24,9.95,-2.83,53370,23,nepse_playwright
2026-03-11,NBF2,10.47,9.9,-5.44,4900,6,nepse_playwright
2026-03-11,MNMF1,10.38,9.85,-5.11,30590,36,nepse_playwright
2026-03-11,NIBLGF,9.79,9.9,1.12,45285,27,nepse_playwright
2026-03-11,MBLEF,10.94,10.5,-4.02,1067820,36,nepse_playwright
2026-03-11,LVF2,11.41,9.93,-12.97,7460,13,nepse_playwright
2026-03-11,NIBLSTF,9.77,9.47,-3.07,16720,20,nepse_playwright
2026-03-11,GSY,10.37,9.65,-6.94,22900,32,nepse_playwright
2026-03-11,MMF1,9.58,9.6,0.21,9078,42,nepse_playwright
2026-03-11,NICBF,10.03,9.34,-6.88,7900,5,nepse_playwright
2026-03-11,RMF2,10.72,10.02,-6.53,900,5,nepse_playwright
2026-03-11,SLCF,10.15,9.6,-5.42,7900,13,nepse_playwright
2026-03-11,PSF,12.05,11.51,-4.48,161267,30,nepse_playwright
2026-03-11,PRSF,12.32,11.51,-6.57,76770,19,nepse_playwright
2026-03-11,NSIF2,11.63,10.85,-6.71,235612,19,nepse_playwright
2026-03-11,NICGF2,10.15,9.39,-7.49,16900,28,nepse_playwright
2026-03-11,NICSF,9.53,9.5,-0.31,233750,26,nepse_playwright
2026-03-11,RBBF40,9.9,9.55,-3.54,5400,16,nepse_playwright
2026-03-11,NMBHF2,10.37,9.56,-7.81,2860,19,nepse_playwright
2026-03-11,RMF1,10.03,9.8,-2.29,81300,30,nepse_playwright
2026-03-11,NMB50,10.32,10.36,0.39,21835,5,nepse_playwright
2026-03-11,RSY,10.77,10.08,-6.41,121300,26,nepse_playwright
2026-03-11,SBCF,11.34,9.61,-15.26,9300,14,nepse_playwright
2026-03-11,SIGS3,10.79,10.4,-3.61,10300,13,nepse_playwright
2026-03-11,SIGS2,10.44,10.18,-2.49,1600,3,nepse_playwright
2026-03-11,SFMF,11.3,10.5,-7.08,15100,7,nepse_playwright
2026-03-11,NICFC,10.09,9.42,-6.64,3400,17,nepse_playwright
2026-03-11,SEF,10.05,9.56,-4.88,68145,50,nepse_playwright
2026-03-11,SAGF,10.53,10.06,-4.46,4450,17,nepse_playwright
2026-03-11,SFEF,11.43,10.1,-11.64,8200,10,nepse_playwright
2026-03-12,KEF,10.08,9.6,-4.76,5450,17,nepse_playwright
2026-03-12,CMF2,10.28,10.25,-0.29,10591,9,nepse_playwright
2026-03-12,GBIMESY2,9.91,9.36,-5.55,1050,6,nepse_playwright
2026-03-12,GIBF1,11.78,11.0,-6.62,30700,24,nepse_playwright
2026-03-12,GSY,10.37,9.85,-5.01,33325,56,nepse_playwright
2026-03-12,H8020,12.12,11.81,-2.56,1288,9,nepse_playwright
2026-03-12,HLICF,9.56,9.54,-0.21,1200,12,nepse_playwright
2026-03-12,KDBY,10.93,10.19,-6.77,11280,51,nepse_playwright
2026-03-12,NICBF,10.03,9.71,-3.19,9100,8,nepse_playwright
2026-03-12,C30MF,10.6,10.2,-3.77,27000,9,nepse_playwright
2026-03-12,NIBLGF,9.79,9.55,-2.45,8110,20,nepse_playwright
2026-03-12,NBF3,10.32,9.8,-5.04,57336,45,nepse_playwright
2026-03-12,NBF2,10.47,9.87,-5.73,42180,12,nepse_playwright
2026-03-12,NIBLSTF,9.77,9.6,-1.74,213600,49,nepse_playwright
2026-03-12,MMF1,9.58,9.5,-0.84,318307,63,nepse_playwright
2026-03-12,MBLEF,10.94,10.69,-2.29,12800,31,nepse_playwright
2026-03-12,LVF2,11.41,9.98,-12.53,700,6,nepse_playwright
2026-03-12,MNMF1,10.38,10.0,-3.66,9360,36,nepse_playwright
2026-03-12,LUK,11.66,10.0,-14.24,3600,11,nepse_playwright
2026-03-12,NIBSF2,9.82,9.36,-4.68,15431,14,nepse_playwright
2026-03-12,NICGF2,10.15,9.44,-7.0,4310,19,nepse_playwright
2026-03-12,NICFC,10.09,9.5,-5.85,5700,24,nepse_playwright
2026-03-12,RMF1,10.03,9.74,-2.89,43400,21,nepse_playwright
2026-03-12,NICSF,9.53,9.54,0.1,24900,15,nepse_playwright
2026-03-12,NMB50,10.32,10.34,0.19,8915,7,nepse_playwright
2026-03-12,NMBHF2,10.37,9.61,-7.33,7500,40,nepse_playwright
2026-03-12,NSIF2,11.63,10.84,-6.79,173700,25,nepse_playwright
2026-03-12,PRSF,12.32,11.51,-6.57,27175,11,nepse_playwright
2026-03-12,PSF,12.05,11.6,-3.73,52230,27,nepse_playwright
2026-03-12,RBBF40,9.9,9.52,-3.84,14700,17,nepse_playwright
2026-03-12,RMF2,10.72,10.01,-6.62,400,3,nepse_playwright
2026-03-12,KSY,10.24,9.58,-6.45,1710,11,nepse_playwright
2026-03-12,SAGF,10.53,10.2,-3.13,2950,18,nepse_playwright
2026-03-12,SLCF,10.15,9.64,-5.02,69950,24,nepse_playwright
2026-03-12,SIGS3,10.79,10.33,-4.26,600,6,nepse_playwright
2026-03-12,SIGS2,10.44,10.38,-0.57,20000,4,nepse_playwright
2026-03-12,RSY,10.77,10.19,-5.39,20740,32,nepse_playwright
2026-03-12,SFEF,11.43,10.3,-9.89,366404,44,nepse_playwright
2026-03-12,SEF,10.05,10.09,0.4,202657,50,nepse_playwright
2026-03-12,SBCF,11.34,9.89,-12.79,43600,21,nepse_playwright
2026-03-12,SFMF,11.3,10.5,-7.08,10600,3,nepse_playwright
2026-03-15,KEF,10.55,9.57,-9.29,20350,31,nepse_playwright
2026-03-15,NIBSF2,10.25,9.32,-9.07,15335,22,nepse_playwright
2026-03-15,CMF2,10.62,10.4,-2.07,15547,13,nepse_playwright
2026-03-15,GBIMESY2,10.4,9.51,-8.56,9233,22,nepse_playwright
2026-03-15,GSY,10.85,9.95,-8.29,53720,57,nepse_playwright
2026-03-15,H8020,12.58,11.81,-6.12,12660,19,nepse_playwright
2026-03-15,HLICF,9.64,9.38,-2.7,8190,18,nepse_playwright
2026-03-15,KDBY,11.41,10.45,-8.41,140473,89,nepse_playwright
2026-03-15,C30MF,11.0,10.15,-7.73,28500,12,nepse_playwright
2026-03-15,NBF2,10.47,9.9,-5.44,71200,7,nepse_playwright
2026-03-15,KSY,10.75,9.8,-8.84,14730,22,nepse_playwright
2026-03-15,NBF3,10.32,9.68,-6.2,16270,20,nepse_playwright
2026-03-15,NIBLSTF,10.26,9.32,-9.16,15010,28,nepse_playwright
2026-03-15,NIBLGF,10.26,9.39,-8.48,16708,14,nepse_playwright
2026-03-15,MMF1,10.15,9.36,-7.78,29944,54,nepse_playwright
2026-03-15,MBLEF,11.46,10.4,-9.25,95150,41,nepse_playwright
2026-03-15,LVF2,11.41,9.84,-13.76,3000,11,nepse_playwright
2026-03-15,MNMF1,10.86,9.72,-10.5,15900,35,nepse_playwright
2026-03-15,LUK,11.66,9.91,-15.01,3670,5,nepse_playwright
2026-03-15,NMBHF2,10.75,9.84,-8.47,11761,38,nepse_playwright
2026-03-15,GIBF1,12.38,10.9,-11.95,3400,12,nepse_playwright
2026-03-15,RSY,11.29,10.25,-9.21,138400,78,nepse_playwright
2026-03-15,NICBF,10.47,9.71,-7.26,34420,10,nepse_playwright
2026-03-15,NICGF2,10.67,9.5,-10.97,35500,23,nepse_playwright
2026-03-15,NICSF,10.04,9.52,-5.18,25768,26,nepse_playwright
2026-03-15,NMB50,10.86,10.34,-4.79,39600,10,nepse_playwright
2026-03-15,NSIF2,12.2,10.88,-10.82,86821,21,nepse_playwright
2026-03-15,PRSF,12.98,11.74,-9.55,22900,26,nepse_playwright
2026-03-15,PSF,12.75,11.74,-7.92,53000,40,nepse_playwright
2026-03-15,RBBF40,10.37,9.83,-5.21,14250,23,nepse_playwright
2026-03-15,RMF2,11.27,10.06,-10.74,3200,10,nepse_playwright
2026-03-15,RMF1,10.56,9.68,-8.33,36800,39,nepse_playwright
2026-03-15,SAGF,10.96,10.0,-8.76,38900,12,nepse_playwright
2026-03-15,SEF,10.55,10.49,-0.57,88053,29,nepse_playwright
2026-03-15,SIGS3,11.35,10.32,-9.07,4300,8,nepse_playwright
2026-03-15,SIGS2,10.98,10.0,-8.93,18300,12,nepse_playwright
2026-03-15,SLCF,10.6,9.72,-8.3,25000,16,nepse_playwright
2026-03-15,SFEF,11.43,10.1,-11.64,143517,32,nepse_playwright
2026-03-15,NICFC,10.52,9.5,-9.7,46860,47,nepse_playwright
2026-03-15,SBCF,11.34,9.7,-14.46,24277,16,nepse_playwright
2026-03-15,SFMF,11.3,10.71,-5.22,2200,4,nepse_playwright
2026-03-16,CMF2,10.62,10.02,-5.65,10200,3,nepse_playwright
2026-03-16,KSY,10.75,9.49,-11.72,900,7,nepse_playwright
2026-03-16,GBIMESY2,10.4,9.7,-6.73,8350,14,nepse_playwright
2026-03-16,GIBF1,12.38,10.9,-11.95,6820,24,nepse_playwright
2026-03-16,H8020,12.58,11.62,-7.63,17100,18,nepse_playwright
2026-03-16,HLICF,9.64,9.25,-4.05,700,7,nepse_playwright
2026-03-16,KDBY,11.41,10.3,-9.73,10799,37,nepse_playwright
2026-03-16,KEF,10.55,9.6,-9.0,29206,36,nepse_playwright
2026-03-16,C30MF,11.0,10.05,-8.64,6500,9,nepse_playwright
2026-03-16,NBF3,10.32,9.67,-6.3,45251,29,nepse_playwright
2026-03-16,LUK,11.66,9.75,-16.38,1150,5,nepse_playwright
2026-03-16,NIBLGF,10.26,9.43,-8.09,23490,14,nepse_playwright
2026-03-16,NBF2,10.47,9.91,-5.35,21820,9,nepse_playwright
2026-03-16,NIBSF2,10.25,9.38,-8.49,20304,27,nepse_playwright
2026-03-16,MNMF1,10.86,9.66,-11.05,17700,30,nepse_playwright
2026-03-16,MMF1,10.15,9.53,-6.11,23369,48,nepse_playwright
2026-03-16,MBLEF,11.46,10.3,-10.12,104300,26,nepse_playwright
2026-03-16,NIBLSTF,10.26,9.22,-10.14,3900,11,nepse_playwright
2026-03-16,LVF2,11.41,9.87,-13.5,1700,13,nepse_playwright
2026-03-16,NMBHF2,10.75,9.7,-9.77,5803,25,nepse_playwright
2026-03-16,GSY,10.85,9.8,-9.68,6710,35,nepse_playwright
2026-03-16,RSY,11.29,10.11,-10.45,36200,23,nepse_playwright
2026-03-16,RMF1,10.56,9.8,-7.2,17300,25,nepse_playwright
2026-03-16,NICSF,10.04,9.5,-5.38,8860,16,nepse_playwright
2026-03-16,NMB50,10.86,10.31,-5.06,1820,5,nepse_playwright
2026-03-16,NSIF2,12.2,10.85,-11.07,7550,16,nepse_playwright
2026-03-16,PRSF,12.98,11.78,-9.24,12200,12,nepse_playwright
2026-03-16,PSF,12.75,11.54,-9.49,155612,26,nepse_playwright
2026-03-16,RBBF40,10.37,9.89,-4.63,2800,13,nepse_playwright
2026-03-16,RMF2,11.27,10.06,-10.74,11465,12,nepse_playwright
2026-03-16,SEF,10.55,10.03,-4.93,352115,48,nepse_playwright
2026-03-16,NICGF2,10.67,9.7,-9.09,23850,27,nepse_playwright
2026-03-16,SBCF,11.34,9.6,-15.34,6554,14,nepse_playwright
2026-03-16,SAGF,10.96,10.02,-8.58,8622,9,nepse_playwright
2026-03-16,NICFC,10.52,9.51,-9.6,5100,24,nepse_playwright
2026-03-16,SLCF,10.6,9.8,-7.55,18299,19,nepse_playwright
2026-03-16,SIGS3,11.35,10.31,-9.16,2100,11,nepse_playwright
2026-03-16,NICBF,10.47,9.6,-8.31,200,2,nepse_playwright
2026-03-16,SIGS2,10.98,9.98,-9.11,3100,6,nepse_playwright
2026-03-16,SFMF,11.3,10.71,-5.22,0,0,nepse_playwright
2026-03-16,SFEF,11.43,10.02,-12.34,500,4,nepse_playwright
2026-03-17,NICBF,10.47,9.98,-4.68,20200,15,nepse_playwright
2026-03-17,C30MF,11.0,10.13,-7.91,4500,9,nepse_playwright
2026-03-17,CMF2,10.62,10.22,-3.77,35225,4,nepse_playwright
2026-03-17,GBIMESY2,10.4,9.35,-10.1,1500,12,nepse_playwright
2026-03-17,GIBF1,12.38,11.1,-10.34,51660,21,nepse_playwright
2026-03-17,GSY,10.85,9.9,-8.76,76238,47,nepse_playwright
2026-03-17,HLICF,9.64,9.48,-1.66,2300,14,nepse_playwright
2026-03-17,KDBY,11.41,10.25,-10.17,26700,42,nepse_playwright
2026-03-17,KEF,10.55,9.6,-9.0,4604,21,nepse_playwright
2026-03-17,H8020,12.58,11.55,-8.19,34925,16,nepse_playwright
2026-03-17,LUK,11.66,9.94,-14.75,6871,6,nepse_playwright
2026-03-17,KSY,10.75,9.67,-10.05,22660,7,nepse_playwright
2026-03-17,NBF2,10.47,9.97,-4.78,1650,6,nepse_playwright
2026-03-17,MNMF1,10.86,9.7,-10.68,21400,30,nepse_playwright
2026-03-17,NIBLGF,10.26,9.46,-7.8,19290,10,nepse_playwright
2026-03-17,MBLEF,11.46,10.3,-10.12,59280,24,nepse_playwright
2026-03-17,LVF2,11.41,9.95,-12.8,13100,13,nepse_playwright
2026-03-17,NIBLSTF,10.26,9.35,-8.87,13450,15,nepse_playwright
2026-03-17,MMF1,10.15,9.45,-6.9,11219,33,nepse_playwright
2026-03-17,NBF3,10.32,9.71,-5.91,53120,40,nepse_playwright
2026-03-17,SEF,10.55,10.14,-3.89,53930,11,nepse_playwright
2026-03-17,SBCF,11.34,9.64,-14.99,5950,10,nepse_playwright
2026-03-17,NIBSF2,10.25,9.37,-8.59,15281,20,nepse_playwright
2026-03-17,NICGF2,10.67,9.24,-13.4,550,3,nepse_playwright
2026-03-17,NICSF,10.04,9.32,-7.17,14500,22,nepse_playwright
2026-03-17,NMB50,10.86,10.33,-4.88,6100,3,nepse_playwright
2026-03-17,NMBHF2,10.75,9.8,-8.84,20100,27,nepse_playwright
2026-03-17,NSIF2,12.2,10.88,-10.82,115700,19,nepse_playwright
2026-03-17,PSF,12.75,11.6,-9.02,28600,23,nepse_playwright
2026-03-17,RBBF40,10.37,9.66,-6.85,700,7,nepse_playwright
2026-03-17,RMF1,10.56,9.8,-7.2,78500,24,nepse_playwright
2026-03-17,PRSF,12.98,11.55,-11.02,300,3,nepse_playwright
2026-03-17,RSY,11.29,10.45,-7.44,112050,50,nepse_playwright
2026-03-17,RMF2,11.27,10.25,-9.05,3300,6,nepse_playwright
2026-03-17,SLCF,10.6,9.9,-6.6,19093,14,nepse_playwright
2026-03-17,SIGS3,11.35,10.32,-9.07,13400,14,nepse_playwright
2026-03-17,SIGS2,10.98,9.8,-10.75,30000,7,nepse_playwright
2026-03-17,NICFC,10.52,9.4,-10.65,2400,22,nepse_playwright
2026-03-17,SFEF,11.43,10.42,-8.84,38500,23,nepse_playwright
2026-03-17,SAGF,10.96,10.02,-8.58,3400,7,nepse_playwright
2026-03-17,SFMF,11.3,10.4,-7.96,300,3,nepse_playwright
2026-03-19,KSY,10.75,9.81,-8.74,13843,18,nepse_playwright
2026-03-19,GBIMESY2,10.4,9.4,-9.62,7000,20,nepse_playwright
2026-03-19,GIBF1,12.38,11.02,-10.99,3800,20,nepse_playwright
2026-03-19,H8020,12.58,11.68,-7.15,12910,20,nepse_playwright
2026-03-19,HLICF,9.64,9.34,-3.11,1700,13,nepse_playwright
2026-03-19,KDBY,11.41,10.36,-9.2,159056,72,nepse_playwright
2026-03-19,KEF,10.55,9.89,-6.26,165583,56,nepse_playwright
2026-03-19,NIBSF2,10.25,9.48,-7.51,13550,27,nepse_playwright
2026-03-19,CMF2,10.62,10.22,-3.77,7150,12,nepse_playwright
2026-03-19,LUK,11.66,10.0,-14.24,1100,5,nepse_playwright
2026-03-19,NIBLGF,10.26,9.36,-8.77,27590,15,nepse_playwright
2026-03-19,NBF3,10.32,9.85,-4.55,164505,51,nepse_playwright
2026-03-19,NBF2,10.47,10.02,-4.3,545450,25,nepse_playwright
2026-03-19,NIBLSTF,10.26,9.49,-7.5,17620,29,nepse_playwright
2026-03-19,MNMF1,10.86,9.74,-10.31,39790,43,nepse_playwright
2026-03-19,MMF1,10.15,9.43,-7.09,85978,64,nepse_playwright
2026-03-19,MBLEF,11.46,10.32,-9.95,5000,35,nepse_playwright
2026-03-19,LVF2,11.41,10.01,-12.27,12200,25,nepse_playwright
2026-03-19,C30MF,11.0,10.12,-8.0,11500,11,nepse_playwright
2026-03-19,GSY,10.85,9.9,-8.76,91566,58,nepse_playwright
2026-03-19,NICBF,10.47,10.16,-2.96,3400,6,nepse_playwright
2026-03-19,RMF1,10.56,9.82,-7.01,225172,45,nepse_playwright
2026-03-19,NICSF,10.04,9.6,-4.38,21230,31,nepse_playwright
2026-03-19,NMB50,10.86,10.38,-4.42,2150,9,nepse_playwright
2026-03-19,NSIF2,12.2,11.0,-9.84,105669,24,nepse_playwright
2026-03-19,PRSF,12.98,11.57,-10.86,8100,13,nepse_playwright
2026-03-19,PSF,12.75,11.57,-9.25,22000,32,nepse_playwright
2026-03-19,RBBF40,10.37,9.6,-7.43,5200,22,nepse_playwright
2026-03-19,RMF2,11.27,10.13,-10.12,12200,13,nepse_playwright
2026-03-19,NICGF2,10.67,9.63,-9.75,54700,29,nepse_playwright
2026-03-19,SAGF,10.96,10.02,-8.58,6050,17,nepse_playwright
2026-03-19,NMBHF2,10.75,9.74,-9.4,62120,41,nepse_playwright
2026-03-19,SEF,10.55,10.1,-4.27,7600,11,nepse_playwright
2026-03-19,SBCF,11.34,9.66,-14.81,27550,23,nepse_playwright
2026-03-19,RSY,11.29,10.45,-7.44,235610,47,nepse_playwright
2026-03-19,SLCF,10.6,9.89,-6.7,65889,39,nepse_playwright
2026-03-19,SIGS3,11.35,10.29,-9.34,5600,19,nepse_playwright
2026-03-19,NICFC,10.52,9.43,-10.36,10747,41,nepse_playwright
2026-03-19,SIGS2,10.98,10.01,-8.83,52625,9,nepse_playwright
2026-03-19,SFMF,11.3,10.6,-6.19,13299,7,nepse_playwright
2026-03-19,SFEF,11.43,10.48,-8.31,496596,27,nepse_playwright
2026-03-22,KDBY,11.41,10.68,-6.4,80050,93,nepse_playwright
2026-03-22,CMF2,10.62,10.31,-2.92,12414,11,nepse_playwright
2026-03-22,GBIMESY2,10.4,9.6,-7.69,4270,26,nepse_playwright
2026-03-22,GSY,10.85,9.9,-8.76,19126,63,nepse_playwright
2026-03-22,H8020,12.58,11.9,-5.41,31480,21,nepse_playwright
2026-03-22,HLICF,9.64,9.45,-1.97,3420,24,nepse_playwright
2026-03-22,C30MF,11.0,10.21,-7.18,23500,19,nepse_playwright
2026-03-22,KEF,10.55,9.89,-6.26,133977,50,nepse_playwright
2026-03-22,MBLEF,11.46,10.41,-9.16,26750,48,nepse_playwright
2026-03-22,LUK,11.66,10.0,-14.24,4450,8,nepse_playwright
2026-03-22,LVF2,11.41,9.9,-13.23,18205,30,nepse_playwright
2026-03-22,NIBLSTF,10.26,9.6,-6.43,45400,30,nepse_playwright
2026-03-22,MMF1,10.15,9.88,-2.66,241871,139,nepse_playwright
2026-03-22,MNMF1,10.86,9.84,-9.39,69220,68,nepse_playwright
2026-03-22,NBF2,10.47,10.08,-3.72,39800,17,nepse_playwright
2026-03-22,NBF3,10.32,9.87,-4.36,92012,60,nepse_playwright
2026-03-22,NIBLGF,10.26,9.46,-7.8,265400,50,nepse_playwright
2026-03-22,KSY,10.75,9.9,-7.91,14100,21,nepse_playwright
2026-03-22,NIBSF2,10.25,9.74,-4.98,135248,35,nepse_playwright
2026-03-22,NMBHF2,10.75,9.91,-7.81,910717,55,nepse_playwright
2026-03-22,GIBF1,12.38,11.35,-8.32,353350,49,nepse_playwright
2026-03-22,RMF2,11.27,10.35,-8.16,6070,11,nepse_playwright
2026-03-22,RBBF40,10.37,9.82,-5.3,7750,25,nepse_playwright
2026-03-22,NICSF,10.04,9.6,-4.38,43963,32,nepse_playwright
2026-03-22,NMB50,10.86,10.59,-2.49,70100,25,nepse_playwright
2026-03-22,NSIF2,12.2,10.95,-10.25,5511,11,nepse_playwright
2026-03-22,PRSF,12.98,11.72,-9.71,146800,20,nepse_playwright
2026-03-22,PSF,12.75,12.0,-5.88,346550,58,nepse_playwright
2026-03-22,NICGF2,10.67,9.64,-9.65,43850,29,nepse_playwright
2026-03-22,RMF1,10.56,10.01,-5.21,63872,26,nepse_playwright
2026-03-22,SBCF,11.34,9.72,-14.29,88510,31,nepse_playwright
2026-03-22,NICBF,10.47,9.58,-8.5,20900,15,nepse_playwright
2026-03-22,SAGF,10.96,10.22,-6.75,69320,31,nepse_playwright
2026-03-22,NICFC,10.52,9.63,-8.46,23970,40,nepse_playwright
2026-03-22,SEF,10.55,10.16,-3.7,145170,31,nepse_playwright
2026-03-22,SFEF,11.43,10.31,-9.8,850,8,nepse_playwright
2026-03-22,SFMF,11.3,10.79,-4.51,2200,2,nepse_playwright
2026-03-22,SIGS2,10.98,10.58,-3.64,63292,11,nepse_playwright
2026-03-22,SIGS3,11.35,10.3,-9.25,4800,21,nepse_playwright
2026-03-22,SLCF,10.6,9.93,-6.32,14560,25,nepse_playwright
2026-03-22,RSY,11.29,10.55,-6.55,97308,81,nepse_playwright
2026-03-23,HLICF,9.64,9.91,2.8,5630,23,nepse_playwright
2026-03-23,H8020,12.58,11.69,-7.07,7600,6,nepse_playwright
2026-03-23,GSY,10.85,10.0,-7.83,30810,77,nepse_playwright
2026-03-23,C30MF,11.0,10.2,-7.27,502400,18,nepse_playwright
2026-03-23,GBIMESY2,10.4,9.59,-7.79,6010,14,nepse_playwright
2026-03-23,CMF2,10.62,10.46,-1.51,2598,10,nepse_playwright
2026-03-23,KDBY,11.41,10.3,-9.73,206200,40,nepse_playwright
2026-03-23,GIBF1,12.38,11.24,-9.21,35700,20,nepse_playwright
2026-03-23,KEF,10.55,10.0,-5.21,47610,44,nepse_playwright
2026-03-23,MBLEF,11.46,10.3,-10.12,250411,73,nepse_playwright
2026-03-23,LUK,11.66,10.0,-14.24,3700,12,nepse_playwright
2026-03-23,LVF2,11.41,10.0,-12.36,21501,24,nepse_playwright
2026-03-23,MMF1,10.15,9.97,-1.77,9010,36,nepse_playwright
2026-03-23,MNMF1,10.86,9.85,-9.3,79500,45,nepse_playwright
2026-03-23,NBF2,10.47,10.06,-3.92,34780,26,nepse_playwright
2026-03-23,NBF3,10.32,10.05,-2.62,164900,74,nepse_playwright
2026-03-23,NIBLGF,10.26,9.56,-6.82,60200,20,nepse_playwright
2026-03-23,NIBLSTF,10.26,9.55,-6.92,81830,33,nepse_playwright
2026-03-23,NICBF,10.47,9.97,-4.78,99965,19,nepse_playwright
2026-03-23,KSY,10.75,9.75,-9.3,2524,11,nepse_playwright
2026-03-23,SLCF,10.6,10.15,-4.25,110089,47,nepse_playwright
2026-03-23,RMF2,11.27,10.23,-9.23,1900,11,nepse_playwright
2026-03-23,PSF,12.75,12.01,-5.8,36425,43,nepse_playwright
2026-03-23,PRSF,12.98,11.98,-7.7,17200,17,nepse_playwright
2026-03-23,NSIF2,12.2,10.92,-10.49,1000,9,nepse_playwright
2026-03-23,NICGF2,10.67,9.71,-9.0,2975,15,nepse_playwright
2026-03-23,NMB50,10.86,10.7,-1.47,5763,5,nepse_playwright
2026-03-23,NICSF,10.04,9.7,-3.39,28510,30,nepse_playwright
2026-03-23,RBBF40,10.37,9.95,-4.05,8400,31,nepse_playwright
2026-03-23,NMBHF2,10.75,10.1,-6.05,64980,44,nepse_playwright
2026-03-23,RMF1,10.56,9.84,-6.82,59286,21,nepse_playwright
2026-03-23,NIBSF2,10.25,9.65,-5.85,69830,39,nepse_playwright
2026-03-23,RSY,11.29,10.45,-7.44,17340,42,nepse_playwright
2026-03-23,SAGF,10.96,10.35,-5.57,65250,21,nepse_playwright
2026-03-23,SEF,10.55,10.21,-3.22,188998,15,nepse_playwright
2026-03-23,SFEF,11.43,10.31,-9.8,119900,20,nepse_playwright
2026-03-23,SFMF,11.3,10.39,-8.05,11350,2,nepse_playwright
2026-03-23,SIGS2,10.98,10.61,-3.37,50198,15,nepse_playwright
2026-03-23,SIGS3,11.35,10.68,-5.9,10615,16,nepse_playwright
2026-03-23,NICFC,10.52,9.63,-8.46,4400,23,nepse_playwright
2026-03-23,SBCF,11.34,10.0,-11.82,127650,49,nepse_playwright
2026-03-24,HLICF,9.64,9.72,0.83,100800,10,nepse_playwright
2026-03-24,H8020,12.58,11.75,-6.6,20592,21,nepse_playwright
2026-03-24,GIBF1,12.38,11.4,-7.92,19750,22,nepse_playwright
2026-03-24,NIBSF2,10.25,9.8,-4.39,34060,35,nepse_playwright
2026-03-24,CMF2,10.62,10.31,-2.92,11436,15,nepse_playwright
2026-03-24,C30MF,11.0,10.24,-6.91,12200,9,nepse_playwright
2026-03-24,KDBY,11.41,10.51,-7.89,761451,75,nepse_playwright
2026-03-24,GBIMESY2,10.4,9.78,-5.96,4300,14,nepse_playwright
2026-03-24,KEF,10.55,10.02,-5.02,37401,44,nepse_playwright
2026-03-24,NBF3,10.32,10.14,-1.74,81400,66,nepse_playwright
2026-03-24,LUK,11.66,10.0,-14.24,2800,8,nepse_playwright
2026-03-24,KSY,10.75,9.8,-8.84,2076,10,nepse_playwright
2026-03-24,NBF2,10.47,10.05,-4.01,18170,17,nepse_playwright
2026-03-24,MNMF1,10.86,10.0,-7.92,152400,66,nepse_playwright
2026-03-24,NIBLGF,10.26,9.89,-3.61,83200,30,nepse_playwright
2026-03-24,MBLEF,11.46,10.65,-7.07,16830,41,nepse_playwright
2026-03-24,LVF2,11.41,9.99,-12.45,4200,13,nepse_playwright
2026-03-24,NIBLSTF,10.26,9.7,-5.46,30060,34,nepse_playwright
2026-03-24,GSY,10.85,9.96,-8.2,17890,65,nepse_playwright
2026-03-24,MMF1,10.15,9.88,-2.66,27758,67,nepse_playwright
2026-03-24,NICBF,10.47,10.48,0.1,5850,9,nepse_playwright
2026-03-24,RMF2,11.27,10.34,-8.25,177700,10,nepse_playwright
2026-03-24,SLCF,10.6,10.01,-5.57,5800,17,nepse_playwright
2026-03-24,PSF,12.75,11.97,-6.12,45740,34,nepse_playwright
2026-03-24,PRSF,12.98,11.92,-8.17,50700,14,nepse_playwright
2026-03-24,NSIF2,12.2,11.13,-8.77,10970,16,nepse_playwright
2026-03-24,NICGF2,10.67,9.66,-9.47,3400,16,nepse_playwright
2026-03-24,NICSF,10.04,9.78,-2.59,29168,22,nepse_playwright
2026-03-24,RBBF40,10.37,10.0,-3.57,87450,56,nepse_playwright
2026-03-24,NMBHF2,10.75,10.0,-6.98,9900,54,nepse_playwright
2026-03-24,RMF1,10.56,9.98,-5.49,49450,28,nepse_playwright
2026-03-24,NMB50,10.86,10.5,-3.31,48980,18,nepse_playwright
2026-03-24,RSY,11.29,10.45,-7.44,19000,37,nepse_playwright
2026-03-24,SBCF,11.34,10.16,-10.41,41325,41,nepse_playwright
2026-03-24,SIGS3,11.35,10.6,-6.61,5910,11,nepse_playwright
2026-03-24,SIGS2,10.98,10.3,-6.19,8000,5,nepse_playwright
2026-03-24,SFMF,11.3,10.6,-6.19,12750,12,nepse_playwright
2026-03-24,NICFC,10.52,9.69,-7.89,2340,18,nepse_playwright
2026-03-24,SEF,10.55,10.29,-2.46,73600,17,nepse_playwright
2026-03-24,SAGF,10.96,10.25,-6.48,3400,18,nepse_playwright
2026-03-24,SFEF,11.43,10.5,-8.14,55500,16,nepse_playwright
2026-03-25,KDBY,11.41,10.52,-7.8,110115,50,nepse_playwright
2026-03-25,C30MF,11.0,10.12,-8.0,1800,8,nepse_playwright
2026-03-25,CMF2,10.62,10.35,-2.54,22213,14,nepse_playwright
2026-03-25,GBIMESY2,10.4,9.83,-5.48,16040,20,nepse_playwright
2026-03-25,GIBF1,12.38,11.28,-8.89,28770,20,nepse_playwright
2026-03-25,GSY,10.85,9.98,-8.02,101795,87,nepse_playwright
2026-03-25,H8020,12.58,12.0,-4.61,253900,23,nepse_playwright
2026-03-25,HLICF,9.64,9.79,1.56,53700,27,nepse_playwright
2026-03-25,KEF,10.55,9.95,-5.69,51320,40,nepse_playwright
2026-03-25,MNMF1,10.86,10.0,-7.92,276804,113,nepse_playwright
2026-03-25,LUK,11.66,10.0,-14.24,4400,14,nepse_playwright
2026-03-25,NIBLGF,10.26,10.0,-2.53,26500,26,nepse_playwright
2026-03-25,NBF3,10.32,10.05,-2.62,94757,80,nepse_playwright
2026-03-25,NBF2,10.47,10.05,-4.01,26020,19,nepse_playwright
2026-03-25,KSY,10.75,9.9,-7.91,2200,6,nepse_playwright
2026-03-25,MMF1,10.15,9.83,-3.15,37750,53,nepse_playwright
2026-03-25,MBLEF,11.46,10.4,-9.25,5000,32,nepse_playwright
2026-03-25,LVF2,11.41,9.95,-12.8,6100,29,nepse_playwright
2026-03-25,NICBF,10.47,10.45,-0.19,2900,6,nepse_playwright
2026-03-25,NIBLSTF,10.26,9.87,-3.8,43890,22,nepse_playwright
2026-03-25,NICFC,10.52,9.7,-7.79,4590,19,nepse_playwright
2026-03-25,RMF2,11.27,10.4,-7.72,6300,5,nepse_playwright
2026-03-25,RBBF40,10.37,9.65,-6.94,3920,28,nepse_playwright
2026-03-25,NICGF2,10.67,9.8,-8.15,166673,21,nepse_playwright
2026-03-25,NICSF,10.04,9.52,-5.18,16494,15,nepse_playwright
2026-03-25,NMB50,10.86,10.65,-1.93,34889,12,nepse_playwright
2026-03-25,NMBHF2,10.75,9.92,-7.72,14795,53,nepse_playwright
2026-03-25,NSIF2,12.2,10.98,-10.0,324691,35,nepse_playwright
2026-03-25,PRSF,12.98,12.06,-7.09,700582,35,nepse_playwright
2026-03-25,PSF,12.75,11.86,-6.98,16250,24,nepse_playwright
2026-03-25,RMF1,10.56,10.0,-5.3,52835,33,nepse_playwright
2026-03-25,NIBSF2,10.25,9.8,-4.39,11967,23,nepse_playwright
2026-03-25,RSY,11.29,10.33,-8.5,111520,42,nepse_playwright
2026-03-25,SIGS3,11.35,10.7,-5.73,14500,17,nepse_playwright
2026-03-25,SIGS2,10.98,10.1,-8.01,5003,6,nepse_playwright
2026-03-25,SFMF,11.3,10.4,-7.96,1500,2,nepse_playwright
2026-03-25,SLCF,10.6,9.9,-6.6,22300,25,nepse_playwright
2026-03-25,SEF,10.55,10.12,-4.08,13300,13,nepse_playwright
2026-03-25,SBCF,11.34,10.15,-10.49,22550,36,nepse_playwright
2026-03-25,SAGF,10.96,10.16,-7.3,1800,11,nepse_playwright
2026-03-25,SFEF,11.43,10.36,-9.36,2350,15,nepse_playwright
2026-03-26,KEF,10.55,10.15,-3.79,38395,68,nepse_playwright
2026-03-26,NIBSF2,10.25,9.55,-6.83,16035,23,nepse_playwright
2026-03-26,CMF2,10.62,10.36,-2.45,37280,7,nepse_playwright
2026-03-26,GBIMESY2,10.4,9.7,-6.73,1900,15,nepse_playwright
2026-03-26,GSY,10.85,10.01,-7.74,45762,76,nepse_playwright
2026-03-26,H8020,12.58,12.0,-4.61,6600,13,nepse_playwright
2026-03-26,HLICF,9.64,9.6,-0.41,3000,13,nepse_playwright
2026-03-26,KDBY,11.41,10.76,-5.7,366450,78,nepse_playwright
2026-03-26,C30MF,11.0,10.25,-6.82,20000,9,nepse_playwright
2026-03-26,NBF2,10.47,10.05,-4.01,7905,11,nepse_playwright
2026-03-26,KSY,10.75,9.77,-9.12,3700,16,nepse_playwright
2026-03-26,NBF3,10.32,10.1,-2.13,39995,50,nepse_playwright
2026-03-26,NIBLSTF,10.26,9.7,-5.46,146973,58,nepse_playwright
2026-03-26,NIBLGF,10.26,9.74,-5.07,67300,19,nepse_playwright
2026-03-26,MMF1,10.15,9.8,-3.45,19635,60,nepse_playwright
2026-03-26,MBLEF,11.46,10.6,-7.5,270050,33,nepse_playwright
2026-03-26,LVF2,11.41,10.0,-12.36,1150,10,nepse_playwright
2026-03-26,MNMF1,10.86,10.09,-7.09,125150,52,nepse_playwright
2026-03-26,LUK,11.66,10.09,-13.46,2600,11,nepse_playwright
2026-03-26,NMBHF2,10.75,9.93,-7.63,7860,40,nepse_playwright
2026-03-26,GIBF1,12.38,11.32,-8.56,208220,25,nepse_playwright
2026-03-26,RSY,11.29,10.25,-9.21,420700,37,nepse_playwright
2026-03-26,NICBF,10.47,10.55,0.76,52700,11,nepse_playwright
2026-03-26,NICGF2,10.67,9.8,-8.15,86500,25,nepse_playwright
2026-03-26,NICSF,10.04,9.55,-4.88,19500,26,nepse_playwright
2026-03-26,NMB50,10.86,10.7,-1.47,29380,9,nepse_playwright
2026-03-26,NSIF2,12.2,11.2,-8.2,37800,20,nepse_playwright
2026-03-26,PRSF,12.98,12.1,-6.78,503700,13,nepse_playwright
2026-03-26,PSF,12.75,12.05,-5.49,31630,38,nepse_playwright
2026-03-26,RBBF40,10.37,9.85,-5.01,3100,14,nepse_playwright
2026-03-26,RMF2,11.27,10.29,-8.7,1200,7,nepse_playwright
2026-03-26,RMF1,10.56,9.9,-6.25,85551,34,nepse_playwright
2026-03-26,SAGF,10.96,10.4,-5.11,24700,22,nepse_playwright
2026-03-26,SEF,10.55,10.32,-2.18,7100,8,nepse_playwright
2026-03-26,SIGS3,11.35,10.55,-7.05,5900,14,nepse_playwright
2026-03-26,SIGS2,10.98,10.18,-7.29,10100,8,nepse_playwright
2026-03-26,SLCF,10.6,9.94,-6.23,15300,20,nepse_playwright
2026-03-26,SFEF,11.43,10.47,-8.4,9700,17,nepse_playwright
2026-03-26,NICFC,10.52,9.8,-6.84,13850,24,nepse_playwright
2026-03-26,SBCF,11.34,10.13,-10.67,65999,44,nepse_playwright
2026-03-26,SFMF,11.3,10.3,-8.85,46468,12,nepse_playwright
2026-03-29,C30MF,11.0,10.3,-6.36,22014,15,nepse_playwright
2026-03-29,KDBY,11.41,10.6,-7.1,121754,41,nepse_playwright
2026-03-29,CMF2,10.62,10.37,-2.35,66000,9,nepse_playwright
2026-03-29,GBIMESY2,10.4,9.7,-6.73,6400,14,nepse_playwright
2026-03-29,KSY,10.75,9.85,-8.37,79492,17,nepse_playwright
2026-03-29,GSY,10.85,10.05,-7.37,13830,65,nepse_playwright
2026-03-29,H8020,12.58,11.9,-5.41,16100,12,nepse_playwright
2026-03-29,HLICF,9.64,9.61,-0.31,1400,10,nepse_playwright
2026-03-29,KEF,10.55,10.0,-5.21,27708,37,nepse_playwright
2026-03-29,MBLEF,11.46,10.31,-10.03,3450,32,nepse_playwright
2026-03-29,LUK,11.66,10.1,-13.38,12200,19,nepse_playwright
2026-03-29,LVF2,11.41,9.9,-13.23,2200,13,nepse_playwright
2026-03-29,MMF1,10.15,9.8,-3.45,9211,51,nepse_playwright
2026-03-29,MNMF1,10.86,10.1,-7.0,128000,68,nepse_playwright
2026-03-29,NBF2,10.47,10.06,-3.92,24237,14,nepse_playwright
2026-03-29,NBF3,10.32,9.99,-3.2,104200,44,nepse_playwright
2026-03-29,NIBLGF,10.26,10.32,0.58,23500,29,nepse_playwright
2026-03-29,NIBLSTF,10.26,9.6,-6.43,43450,37,nepse_playwright
2026-03-29,NIBSF2,10.25,9.55,-6.83,6150,11,nepse_playwright
2026-03-29,NMBHF2,10.75,9.75,-9.3,14470,33,nepse_playwright
2026-03-29,GIBF1,12.38,11.3,-8.72,5590,30,nepse_playwright
2026-03-29,RMF2,11.27,10.4,-7.72,65300,9,nepse_playwright
2026-03-29,NICGF2,10.67,9.78,-8.34,1850,16,nepse_playwright
2026-03-29,RBBF40,10.37,9.68,-6.65,2400,24,nepse_playwright
2026-03-29,NICSF,10.04,9.5,-5.38,11853,16,nepse_playwright
2026-03-29,NMB50,10.86,10.7,-1.47,14200,7,nepse_playwright
2026-03-29,SLCF,10.6,10.0,-5.66,15950,17,nepse_playwright
2026-03-29,NSIF2,12.2,11.01,-9.75,157650,23,nepse_playwright
2026-03-29,PRSF,12.98,12.04,-7.24,3350,14,nepse_playwright
2026-03-29,PSF,12.75,11.91,-6.59,2490,9,nepse_playwright
2026-03-29,RMF1,10.56,9.87,-6.53,13400,16,nepse_playwright
2026-03-29,NICBF,10.47,10.19,-2.67,13800,9,nepse_playwright
2026-03-29,RSY,11.29,10.5,-7.0,204925,64,nepse_playwright
2026-03-29,SAGF,10.96,10.2,-6.93,1100,11,nepse_playwright
2026-03-29,SEF,10.55,10.1,-4.27,17125,12,nepse_playwright
2026-03-29,SFEF,11.43,10.6,-7.26,8900,14,nepse_playwright
2026-03-29,SFMF,11.3,10.53,-6.81,9704,7,nepse_playwright
2026-03-29,SIGS2,10.98,10.02,-8.74,500,3,nepse_playwright
2026-03-29,SIGS3,11.35,10.6,-6.61,13200,15,nepse_playwright
2026-03-29,NICFC,10.52,9.66,-8.17,19430,22,nepse_playwright
2026-03-29,SBCF,11.34,9.85,-13.14,4650,16,nepse_playwright
2026-03-30,KDBY,11.41,10.5,-7.98,20300,33,nepse_playwright
2026-03-30,HLICF,9.64,9.44,-2.07,1800,9,nepse_playwright
2026-03-30,H8020,12.58,11.8,-6.2,26100,22,nepse_playwright
2026-03-30,CMF2,10.62,10.3,-3.01,28140,10,nepse_playwright
2026-03-30,GBIMESY2,10.4,9.8,-5.77,9330,14,nepse_playwright
2026-03-30,KEF,10.55,9.95,-5.69,23000,29,nepse_playwright
2026-03-30,GIBF1,12.38,11.15,-9.94,57400,20,nepse_playwright
2026-03-30,NIBSF2,10.25,9.51,-7.22,10400,8,nepse_playwright
2026-03-30,MMF1,10.15,9.8,-3.45,14940,58,nepse_playwright
2026-03-30,LVF2,11.41,9.85,-13.67,1000,9,nepse_playwright
2026-03-30,MBLEF,11.46,10.33,-9.86,7610,37,nepse_playwright
2026-03-30,C30MF,11.0,10.1,-8.18,77660,15,nepse_playwright
2026-03-30,MNMF1,10.86,9.96,-8.29,19704,29,nepse_playwright
2026-03-30,NBF2,10.47,10.05,-4.01,4500,8,nepse_playwright
2026-03-30,NBF3,10.32,9.95,-3.59,28480,27,nepse_playwright
2026-03-30,NIBLGF,10.26,9.75,-4.97,53968,29,nepse_playwright
2026-03-30,KSY,10.75,9.75,-9.3,1250,10,nepse_playwright
2026-03-30,LUK,11.66,10.0,-14.24,9600,10,nepse_playwright
2026-03-30,NIBLSTF,10.26,9.41,-8.28,30230,24,nepse_playwright
2026-03-30,GSY,10.85,10.0,-7.83,6950,43,nepse_playwright
2026-03-30,NICFC,10.52,9.52,-9.51,3000,18,nepse_playwright
2026-03-30,RBBF40,10.37,9.65,-6.94,4900,20,nepse_playwright
2026-03-30,PSF,12.75,11.85,-7.06,14450,16,nepse_playwright
2026-03-30,PRSF,12.98,11.97,-7.78,1400,10,nepse_playwright
2026-03-30,NICSF,10.04,9.38,-6.57,7300,11,nepse_playwright
2026-03-30,NMB50,10.86,10.63,-2.12,100,1,nepse_playwright
2026-03-30,RMF1,10.56,9.68,-8.33,70585,21,nepse_playwright
2026-03-30,NMBHF2,10.75,9.92,-7.72,57896,29,nepse_playwright
2026-03-30,RMF2,11.27,10.21,-9.41,70500,11,nepse_playwright
2026-03-30,SEF,10.55,9.98,-5.4,14475,12,nepse_playwright
2026-03-30,NSIF2,12.2,11.08,-9.18,61915,22,nepse_playwright
2026-03-30,SBCF,11.34,9.57,-15.61,15644,20,nepse_playwright
2026-03-30,NICGF2,10.67,9.8,-8.15,21200,20,nepse_playwright
2026-03-30,SFEF,11.43,10.33,-9.62,199362,34,nepse_playwright
2026-03-30,SFMF,11.3,10.35,-8.41,10433,8,nepse_playwright
2026-03-30,SIGS2,10.98,10.1,-8.01,12700,5,nepse_playwright
2026-03-30,SIGS3,11.35,10.55,-7.05,1100,7,nepse_playwright
2026-03-30,SLCF,10.6,9.95,-6.13,7050,15,nepse_playwright
2026-03-30,RSY,11.29,10.27,-9.03,3800,24,nepse_playwright
2026-03-30,SAGF,10.96,10.25,-6.48,5430,21,nepse_playwright
2026-03-31,HLICF,9.64,9.67,0.31,5460,20,nepse_playwright
2026-03-31,H8020,12.58,11.63,-7.55,9489,11,nepse_playwright
2026-03-31,GSY,10.85,10.01,-7.74,163045,66,nepse_playwright
2026-03-31,C30MF,11.0,10.17,-7.55,30800,9,nepse_playwright
2026-03-31,GBIMESY2,10.4,9.55,-8.17,5700,17,nepse_playwright
2026-03-31,CMF2,10.62,10.47,-1.41,10909,8,nepse_playwright
2026-03-31,KDBY,11.41,10.76,-5.7,263749,64,nepse_playwright
2026-03-31,GIBF1,12.38,11.15,-9.94,22100,23,nepse_playwright
2026-03-31,KEF,10.55,9.99,-5.31,30720,28,nepse_playwright
2026-03-31,MBLEF,11.46,10.26,-10.47,35700,36,nepse_playwright
2026-03-31,LUK,11.66,9.86,-15.44,1600,5,nepse_playwright
2026-03-31,LVF2,11.41,9.86,-13.58,2000,10,nepse_playwright
2026-03-31,MMF1,10.15,9.94,-2.07,28120,28,nepse_playwright
2026-03-31,MNMF1,10.86,10.1,-7.0,43900,43,nepse_playwright
2026-03-31,NBF2,10.47,10.0,-4.49,34820,14,nepse_playwright
2026-03-31,NBF3,10.32,9.99,-3.2,36500,28,nepse_playwright
2026-03-31,NIBLGF,10.26,9.36,-8.77,7300,20,nepse_playwright
2026-03-31,NIBLSTF,10.26,9.31,-9.26,33932,31,nepse_playwright
2026-03-31,NIBSF2,10.25,9.35,-8.78,5000,14,nepse_playwright
2026-03-31,KSY,10.75,9.75,-9.3,3110,10,nepse_playwright
2026-03-31,NICBF,10.47,9.58,-8.5,5200,5,nepse_playwright
2026-03-31,RMF2,11.27,10.15,-9.94,44600,10,nepse_playwright
2026-03-31,PSF,12.75,12.2,-4.31,13400,26,nepse_playwright
2026-03-31,PRSF,12.98,11.93,-8.09,11150,14,nepse_playwright
2026-03-31,NSIF2,12.2,11.1,-9.02,18575,11,nepse_playwright
2026-03-31,NICGF2,10.67,9.71,-9.0,10240,17,nepse_playwright
2026-03-31,NMB50,10.86,10.5,-3.31,1900,7,nepse_playwright
2026-03-31,NICSF,10.04,9.41,-6.27,17470,19,nepse_playwright
2026-03-31,RBBF40,10.37,9.55,-7.91,2400,19,nepse_playwright
2026-03-31,NMBHF2,10.75,9.91,-7.81,15900,23,nepse_playwright
2026-03-31,RMF1,10.56,9.82,-7.01,63610,16,nepse_playwright
2026-03-31,SLCF,10.6,10.0,-5.66,31600,15,nepse_playwright
2026-03-31,RSY,11.29,10.2,-9.65,604080,41,nepse_playwright
2026-03-31,SAGF,10.96,10.2,-6.93,24000,9,nepse_playwright
2026-03-31,SEF,10.55,10.2,-3.32,23475,9,nepse_playwright
2026-03-31,SFEF,11.43,10.23,-10.5,115600,11,nepse_playwright
2026-03-31,SFMF,11.3,10.2,-9.73,100,1,nepse_playwright
2026-03-31,SIGS2,10.98,9.96,-9.29,17979,6,nepse_playwright
2026-03-31,SIGS3,11.35,10.5,-7.49,835,7,nepse_playwright
2026-03-31,NICFC,10.52,9.6,-8.75,8905,27,nepse_playwright
2026-03-31,SBCF,11.34,9.62,-15.17,34160,24,nepse_playwright
2026-04-01,KEF,10.55,9.88,-6.35,18850,19,nepse_playwright
2026-04-01,KDBY,11.41,10.71,-6.13,94700,39,nepse_playwright
2026-04-01,HLICF,9.64,9.33,-3.22,1910,13,nepse_playwright
2026-04-01,CMF2,10.62,10.13,-4.61,14350,3,nepse_playwright
2026-04-01,GBIMESY2,10.4,9.6,-7.69,1000,8,nepse_playwright
2026-04-01,H8020,12.58,11.54,-8.27,22875,19,nepse_playwright
2026-04-01,GSY,10.85,10.0,-7.83,15950,30,nepse_playwright
2026-04-01,LUK,11.66,9.85,-15.52,13100,9,nepse_playwright
2026-04-01,NBF2,10.47,9.98,-4.68,22000,9,nepse_playwright
2026-04-01,NIBLGF,10.26,9.32,-9.16,4800,11,nepse_playwright
2026-04-01,NBF3,10.32,9.99,-3.2,41840,27,nepse_playwright
2026-04-01,C30MF,11.0,10.1,-8.18,305915,40,nepse_playwright
2026-04-01,NIBLSTF,10.26,9.34,-8.97,33283,19,nepse_playwright
2026-04-01,MMF1,10.15,9.8,-3.45,19800,33,nepse_playwright
2026-04-01,MBLEF,11.46,10.3,-10.12,30820,23,nepse_playwright
2026-04-01,LVF2,11.41,10.0,-12.36,22623,15,nepse_playwright
2026-04-01,MNMF1,10.86,10.0,-7.92,76210,40,nepse_playwright
2026-04-01,KSY,10.75,9.58,-10.88,6000,7,nepse_playwright
2026-04-01,NIBSF2,10.25,9.22,-10.05,49279,27,nepse_playwright
2026-04-01,GIBF1,12.38,11.07,-10.58,112835,21,nepse_playwright
2026-04-01,NICBF,10.47,9.39,-10.32,15200,6,nepse_playwright
2026-04-01,NMBHF2,10.75,9.9,-7.91,9730,33,nepse_playwright
2026-04-01,RBBF40,10.37,9.5,-8.39,1500,14,nepse_playwright
2026-04-01,PSF,12.75,11.9,-6.67,81900,21,nepse_playwright
2026-04-01,PRSF,12.98,11.93,-8.09,275331,20,nepse_playwright
2026-04-01,NICSF,10.04,9.4,-6.37,9600,12,nepse_playwright
2026-04-01,NMB50,10.86,10.44,-3.87,25004,7,nepse_playwright
2026-04-01,NSIF2,12.2,10.83,-11.23,100500,21,nepse_playwright
2026-04-01,RMF2,11.27,10.2,-9.49,7589,7,nepse_playwright
2026-04-01,SEF,10.55,9.9,-6.16,37985,13,nepse_playwright
2026-04-01,RMF1,10.56,9.66,-8.52,11950,11,nepse_playwright
2026-04-01,SBCF,11.34,9.46,-16.58,27885,21,nepse_playwright
2026-04-01,SAGF,10.96,10.1,-7.85,3050,5,nepse_playwright
2026-04-01,RSY,11.29,10.1,-10.54,161700,23,nepse_playwright
2026-04-01,SLCF,10.6,9.9,-6.6,7000,21,nepse_playwright
2026-04-01,SIGS3,11.35,10.41,-8.28,11300,10,nepse_playwright
2026-04-01,NICFC,10.52,9.36,-11.03,11500,14,nepse_playwright
2026-04-01,SFMF,11.3,10.5,-7.08,1450,5,nepse_playwright
2026-04-01,SFEF,11.43,10.11,-11.55,63000,11,nepse_playwright
2026-04-01,NICGF2,10.67,9.56,-10.4,2900,11,nepse_playwright
2026-04-01,SIGS2,10.98,9.98,-9.11,31100,3,nepse_playwright
2026-04-02,KDBY,11.41,10.5,-7.98,4000,19,nepse_playwright
2026-04-02,C30MF,11.0,10.0,-9.09,5455,4,nepse_playwright
2026-04-02,CMF2,10.62,10.13,-4.61,2410,3,nepse_playwright
2026-04-02,GBIMESY2,10.4,9.65,-7.21,3400,14,nepse_playwright
2026-04-02,GIBF1,12.38,10.8,-12.76,1400,13,nepse_playwright
2026-04-02,GSY,10.85,9.91,-8.66,8040,28,nepse_playwright
2026-04-02,H8020,12.58,11.4,-9.38,2300,6,nepse_playwright
2026-04-02,HLICF,9.64,9.49,-1.56,1600,13,nepse_playwright
2026-04-02,KSY,10.75,9.58,-10.88,3550,10,nepse_playwright
2026-04-02,NIBSF2,10.25,9.58,-6.54,73495,28,nepse_playwright
2026-04-02,LVF2,11.41,9.83,-13.85,53450,9,nepse_playwright
2026-04-02,MBLEF,11.46,10.25,-10.56,18050,19,nepse_playwright
2026-04-02,MMF1,10.15,9.57,-5.71,26012,33,nepse_playwright
2026-04-02,MNMF1,10.86,9.85,-9.3,9890,26,nepse_playwright
2026-04-02,NBF2,10.47,9.91,-5.35,495,2,nepse_playwright
2026-04-02,NBF3,10.32,9.86,-4.46,13725,21,nepse_playwright
2026-04-02,NIBLGF,10.26,9.69,-5.56,190510,23,nepse_playwright
2026-04-02,NIBLSTF,10.26,9.33,-9.06,5330,12,nepse_playwright
2026-04-02,NICBF,10.47,9.38,-10.41,2100,2,nepse_playwright
2026-04-02,LUK,11.66,9.79,-16.04,1195,3,nepse_playwright
2026-04-02,NICFC,10.52,9.3,-11.6,1700,11,nepse_playwright
2026-04-02,RSY,11.29,10.15,-10.1,11966,13,nepse_playwright
2026-04-02,RMF1,10.56,9.75,-7.67,16050,12,nepse_playwright
2026-04-02,NICSF,10.04,9.4,-6.37,7800,19,nepse_playwright
2026-04-02,NMB50,10.86,10.44,-3.87,0,0,nepse_playwright
2026-04-02,NMBHF2,10.75,9.63,-10.42,3100,14,nepse_playwright
2026-04-02,NSIF2,12.2,11.1,-9.02,3400,14,nepse_playwright
2026-04-02,PRSF,12.98,11.96,-7.86,228500,28,nepse_playwright
2026-04-02,PSF,12.75,11.8,-7.45,2500,11,nepse_playwright
2026-04-02,RBBF40,10.37,9.51,-8.29,1100,10,nepse_playwright
2026-04-02,RMF2,11.27,10.3,-8.61,100,1,nepse_playwright
2026-04-02,KEF,10.55,9.78,-7.3,23550,21,nepse_playwright
2026-04-02,SAGF,10.96,10.15,-7.39,1100,10,nepse_playwright
2026-04-02,SBCF,11.34,9.54,-15.87,11200,15,nepse_playwright
2026-04-02,SEF,10.55,10.01,-5.12,31811,11,nepse_playwright
2026-04-02,SFEF,11.43,10.2,-10.76,1200,7,nepse_playwright
2026-04-02,SFMF,11.3,10.5,-7.08,0,0,nepse_playwright
2026-04-02,SIGS2,10.98,10.17,-7.38,4100,4,nepse_playwright
2026-04-02,SIGS3,11.35,10.35,-8.81,650,4,nepse_playwright
2026-04-02,SLCF,10.6,9.8,-7.55,2100,10,nepse_playwright
2026-04-02,NICGF2,10.67,9.35,-12.37,4100,14,nepse_playwright
2026-04-05,HLICF,9.64,9.32,-3.32,7100,16,nepse_playwright
2026-04-05,H8020,12.58,11.31,-10.1,6500,8,nepse_playwright
2026-04-05,GIBF1,12.38,10.51,-15.11,54322,21,nepse_playwright
2026-04-05,NIBSF2,10.25,9.5,-7.32,9400,12,nepse_playwright
2026-04-05,CMF2,10.62,9.94,-6.4,31550,12,nepse_playwright
2026-04-05,C30MF,11.0,9.86,-10.36,109510,15,nepse_playwright
2026-04-05,KDBY,11.41,10.41,-8.76,24850,37,nepse_playwright
2026-04-05,GBIMESY2,10.4,9.53,-8.37,4850,17,nepse_playwright
2026-04-05,KEF,10.55,9.71,-7.96,143628,21,nepse_playwright
2026-04-05,NBF3,10.32,9.8,-5.04,41600,24,nepse_playwright
2026-04-05,LUK,11.66,9.65,-17.24,32140,11,nepse_playwright
2026-04-05,KSY,10.75,9.6,-10.7,6000,11,nepse_playwright
2026-04-05,NBF2,10.47,10.05,-4.01,78180,34,nepse_playwright
2026-04-05,MNMF1,10.86,9.85,-9.3,178510,34,nepse_playwright
2026-04-05,NIBLGF,10.26,9.84,-4.09,3800,11,nepse_playwright
2026-04-05,MBLEF,11.46,10.14,-11.52,13350,18,nepse_playwright
2026-04-05,LVF2,11.41,9.78,-14.29,21700,11,nepse_playwright
2026-04-05,NIBLSTF,10.26,9.16,-10.72,11000,13,nepse_playwright
2026-04-05,GSY,10.85,9.78,-9.86,72750,27,nepse_playwright
2026-04-05,MMF1,10.15,9.47,-6.7,33515,37,nepse_playwright
2026-04-05,NICBF,10.47,9.6,-8.31,101838,27,nepse_playwright
2026-04-05,RMF2,11.27,9.91,-12.07,400,3,nepse_playwright
2026-04-05,SLCF,10.6,9.7,-8.49,18670,18,nepse_playwright
2026-04-05,PSF,12.75,12.03,-5.65,33450,22,nepse_playwright
2026-04-05,PRSF,12.98,11.9,-8.32,252269,24,nepse_playwright
2026-04-05,NSIF2,12.2,10.5,-13.93,400,4,nepse_playwright
2026-04-05,NICGF2,10.67,9.18,-13.96,11580,17,nepse_playwright
2026-04-05,NICSF,10.04,9.11,-9.26,22300,17,nepse_playwright
2026-04-05,RBBF40,10.37,9.6,-7.43,6650,25,nepse_playwright
2026-04-05,NMBHF2,10.75,9.8,-8.84,9601,29,nepse_playwright
2026-04-05,RMF1,10.56,9.61,-9.0,128800,19,nepse_playwright
2026-04-05,NMB50,10.86,10.24,-5.71,12800,13,nepse_playwright
2026-04-05,RSY,11.29,10.05,-10.98,4000,20,nepse_playwright
2026-04-05,SBCF,11.34,9.47,-16.49,2330,6,nepse_playwright
2026-04-05,SIGS3,11.35,10.19,-10.22,300,3,nepse_playwright
2026-04-05,SIGS2,10.98,10.2,-7.1,11830,4,nepse_playwright
2026-04-05,SFMF,11.3,10.49,-7.17,13875,7,nepse_playwright
2026-04-05,NICFC,10.52,9.33,-11.31,18819,28,nepse_playwright
2026-04-05,SEF,10.55,9.72,-7.87,55000,19,nepse_playwright
2026-04-05,SAGF,10.96,10.1,-7.85,14500,10,nepse_playwright
2026-04-05,SFEF,11.43,9.88,-13.56,3560,8,nepse_playwright
2026-04-06,KSY,10.75,9.59,-10.79,700,5,nepse_playwright
2026-04-06,CMF2,10.62,9.92,-6.59,6110,2,nepse_playwright
2026-04-06,GBIMESY2,10.4,9.6,-7.69,2400,8,nepse_playwright
2026-04-06,GIBF1,12.38,10.71,-13.49,15150,19,nepse_playwright
2026-04-06,GSY,10.85,9.95,-8.29,13000,31,nepse_playwright
2026-04-06,H8020,12.58,11.52,-8.43,14713,21,nepse_playwright
2026-04-06,HLICF,9.64,9.2,-4.56,6600,10,nepse_playwright
2026-04-06,KDBY,11.41,10.45,-8.41,23900,37,nepse_playwright
2026-04-06,C30MF,11.0,9.99,-9.18,50250,10,nepse_playwright
2026-04-06,NIBLSTF,10.26,9.24,-9.94,5100,11,nepse_playwright
2026-04-06,LVF2,11.41,9.6,-15.86,3400,9,nepse_playwright
2026-04-06,MBLEF,11.46,10.4,-9.25,13650,26,nepse_playwright
2026-04-06,MMF1,10.15,9.58,-5.62,70687,49,nepse_playwright
2026-04-06,MNMF1,10.86,10.2,-6.08,190369,57,nepse_playwright
2026-04-06,NBF2,10.47,10.0,-4.49,4900,8,nepse_playwright
2026-04-06,NBF3,10.32,9.9,-4.07,11500,26,nepse_playwright
2026-04-06,NIBLGF,10.26,10.74,4.68,61790,37,nepse_playwright
2026-04-06,LUK,11.66,9.84,-15.61,2150,5,nepse_playwright
2026-04-06,NIBSF2,10.25,10.12,-1.27,106299,39,nepse_playwright
2026-04-06,RBBF40,10.37,9.5,-8.39,1100,7,nepse_playwright
2026-04-06,KEF,10.55,10.05,-4.74,242858,61,nepse_playwright
2026-04-06,RSY,11.29,10.2,-9.65,15530,25,nepse_playwright
2026-04-06,NICGF2,10.67,9.54,-10.59,3700,14,nepse_playwright
2026-04-06,NICSF,10.04,9.31,-7.27,11050,16,nepse_playwright
2026-04-06,NMB50,10.86,10.64,-2.03,5000,4,nepse_playwright
2026-04-06,NMBHF2,10.75,9.83,-8.56,3800,22,nepse_playwright
2026-04-06,NSIF2,12.2,10.56,-13.44,53300,16,nepse_playwright
2026-04-06,PRSF,12.98,11.91,-8.24,264032,11,nepse_playwright
2026-04-06,PSF,12.75,11.85,-7.06,54770,21,nepse_playwright
2026-04-06,RMF2,11.27,10.3,-8.61,2100,2,nepse_playwright
2026-04-06,NICFC,10.52,9.31,-11.5,5981,17,nepse_playwright
2026-04-06,RMF1,10.56,9.63,-8.81,6400,13,nepse_playwright
2026-04-06,NICBF,10.47,9.96,-4.87,10100,3,nepse_playwright
2026-04-06,SBCF,11.34,9.6,-15.34,25250,16,nepse_playwright
2026-04-06,SEF,10.55,9.85,-6.64,54000,12,nepse_playwright
2026-04-06,SFEF,11.43,10.1,-11.64,2700,4,nepse_playwright
2026-04-06,SFMF,11.3,10.49,-7.17,0,0,nepse_playwright
2026-04-06,SIGS2,10.98,10.4,-5.28,300,1,nepse_playwright
2026-04-06,SIGS3,11.35,10.2,-10.13,3000,11,nepse_playwright
2026-04-06,SLCF,10.6,9.81,-7.45,19230,21,nepse_playwright
2026-04-06,SAGF,10.96,10.1,-7.85,29500,10,nepse_playwright
2026-04-07,KDBY,11.41,10.98,-3.77,47500,62,nepse_playwright
2026-04-07,HLICF,9.64,9.15,-5.08,3000,14,nepse_playwright
2026-04-07,GSY,10.85,9.86,-9.12,2800,19,nepse_playwright
2026-04-07,C30MF,11.0,9.92,-9.82,25500,6,nepse_playwright
2026-04-07,GBIMESY2,10.4,9.42,-9.42,2600,18,nepse_playwright
2026-04-07,CMF2,10.62,10.11,-4.8,1100,2,nepse_playwright
2026-04-07,KEF,10.55,10.09,-4.36,114210,55,nepse_playwright
2026-04-07,GIBF1,12.38,11.0,-11.15,8000,12,nepse_playwright
2026-04-07,H8020,12.58,11.93,-5.17,4600,17,nepse_playwright
2026-04-07,NBF2,10.47,10.09,-3.63,4300,6,nepse_playwright
2026-04-07,KSY,10.75,9.44,-12.19,2150,8,nepse_playwright
2026-04-07,NBF3,10.32,9.9,-4.07,36188,38,nepse_playwright
2026-04-07,MNMF1,10.86,10.0,-7.92,544400,61,nepse_playwright
2026-04-07,NIBLGF,10.26,9.98,-2.73,194618,33,nepse_playwright
2026-04-07,MBLEF,11.46,10.2,-10.99,2050,15,nepse_playwright
2026-04-07,LVF2,11.41,9.6,-15.86,2100,10,nepse_playwright
2026-04-07,MMF1,10.15,9.61,-5.32,35716,47,nepse_playwright
2026-04-07,NIBLSTF,10.26,9.3,-9.36,7300,12,nepse_playwright
2026-04-07,LUK,11.66,9.7,-16.81,3090,9,nepse_playwright
2026-04-07,NIBSF2,10.25,9.81,-4.29,171300,45,nepse_playwright
2026-04-07,NICBF,10.47,10.34,-1.24,45200,12,nepse_playwright
2026-04-07,RSY,11.29,10.22,-9.48,8020,27,nepse_playwright
2026-04-07,RBBF40,10.37,9.4,-9.35,1100,10,nepse_playwright
2026-04-07,PSF,12.75,11.7,-8.24,63700,32,nepse_playwright
2026-04-07,PRSF,12.98,11.87,-8.55,1500,7,nepse_playwright
2026-04-07,NICSF,10.04,9.32,-7.17,1470,6,nepse_playwright
2026-04-07,NMBHF2,10.75,9.81,-8.74,1830,14,nepse_playwright
2026-04-07,RMF1,10.56,9.55,-9.56,64110,32,nepse_playwright
2026-04-07,NSIF2,12.2,10.86,-10.98,29350,8,nepse_playwright
2026-04-07,RMF2,11.27,10.15,-9.94,12600,8,nepse_playwright
2026-04-07,NMB50,10.86,10.36,-4.6,36693,12,nepse_playwright
2026-04-07,SAGF,10.96,10.12,-7.66,7315,14,nepse_playwright
2026-04-07,SEF,10.55,9.9,-6.16,10400,7,nepse_playwright
2026-04-07,SLCF,10.6,9.9,-6.6,1400,6,nepse_playwright
2026-04-07,SIGS3,11.35,10.25,-9.69,3050,7,nepse_playwright
2026-04-07,SIGS2,10.98,10.21,-7.01,500,1,nepse_playwright
2026-04-07,NICGF2,10.67,9.43,-11.62,1790,9,nepse_playwright
2026-04-07,SFEF,11.43,10.1,-11.64,0,0,nepse_playwright
2026-04-07,SBCF,11.34,9.59,-15.43,2310,6,nepse_playwright
2026-04-07,SFMF,11.3,10.49,-7.17,0,0,nepse_playwright
2026-04-08,KSY,10.75,9.45,-12.09,400,3,nepse_playwright
2026-04-08,GBIMESY2,10.4,9.59,-7.79,2300,11,nepse_playwright
2026-04-08,GIBF1,12.38,10.9,-11.95,10850,33,nepse_playwright
2026-04-08,GSY,10.85,9.88,-8.94,5400,27,nepse_playwright
2026-04-08,H8020,12.58,11.7,-7.0,300,3,nepse_playwright
2026-04-08,HLICF,9.64,9.35,-3.01,1120,10,nepse_playwright
2026-04-08,KDBY,11.41,11.26,-1.31,138121,73,nepse_playwright
2026-04-08,KEF,10.55,10.58,0.28,137800,113,nepse_playwright
2026-04-08,C30MF,11.0,10.15,-7.73,4050,10,nepse_playwright
2026-04-08,LUK,11.66,9.89,-15.18,900,4,nepse_playwright
2026-04-08,MBLEF,11.46,10.24,-10.65,24650,37,nepse_playwright
2026-04-08,MMF1,10.15,9.64,-5.02,62927,57,nepse_playwright
2026-04-08,MNMF1,10.86,9.97,-8.2,36845,49,nepse_playwright
2026-04-08,NBF2,10.47,10.2,-2.58,40232,10,nepse_playwright
2026-04-08,NBF3,10.32,9.9,-4.07,26240,37,nepse_playwright
2026-04-08,NIBLGF,10.26,9.79,-4.58,1200,12,nepse_playwright
2026-04-08,NIBLSTF,10.26,9.3,-9.36,1700,13,nepse_playwright
2026-04-08,CMF2,10.62,10.11,-4.8,505,3,nepse_playwright
2026-04-08,LVF2,11.41,9.91,-13.15,123353,18,nepse_playwright
2026-04-08,NIBSF2,10.25,9.72,-5.17,15380,24,nepse_playwright
2026-04-08,NICBF,10.47,10.54,0.67,68800,24,nepse_playwright
2026-04-08,NICFC,10.52,9.39,-10.74,3550,16,nepse_playwright
2026-04-08,NICSF,10.04,9.45,-5.88,8350,10,nepse_playwright
2026-04-08,NMB50,10.86,10.56,-2.76,18425,4,nepse_playwright
2026-04-08,NMBHF2,10.75,9.95,-7.44,5450,32,nepse_playwright
2026-04-08,NSIF2,12.2,11.0,-9.84,55800,13,nepse_playwright
2026-04-08,PRSF,12.98,12.11,-6.7,440500,27,nepse_playwright
2026-04-08,PSF,12.75,11.81,-7.37,6840,14,nepse_playwright
2026-04-08,RBBF40,10.37,9.55,-7.91,5670,20,nepse_playwright
2026-04-08,RMF2,11.27,10.22,-9.32,500,5,nepse_playwright
2026-04-08,SLCF,10.6,10.09,-4.81,8450,22,nepse_playwright
2026-04-08,RMF1,10.56,9.85,-6.72,62550,15,nepse_playwright
2026-04-08,SBCF,11.34,9.77,-13.84,68300,18,nepse_playwright
2026-04-08,SEF,10.55,10.06,-4.64,19200,8,nepse_playwright
2026-04-08,SFEF,11.43,10.05,-12.07,1800,7,nepse_playwright
2026-04-08,SFMF,11.3,10.71,-5.22,316,2,nepse_playwright
2026-04-08,SIGS2,10.98,10.12,-7.83,19145,5,nepse_playwright
2026-04-08,SIGS3,11.35,10.33,-8.99,39590,13,nepse_playwright
2026-04-08,NICGF2,10.67,9.53,-10.68,7300,24,nepse_playwright
2026-04-08,RSY,11.29,10.23,-9.39,27680,42,nepse_playwright
2026-04-08,SAGF,10.96,10.17,-7.21,10500,16,nepse_playwright
2026-04-09,KEF,10.55,10.58,0.28,80519,62,nepse_playwright
2026-04-09,KDBY,11.41,11.61,1.75,78710,91,nepse_playwright
2026-04-09,HLICF,9.64,9.35,-3.01,4000,20,nepse_playwright
2026-04-09,GBIMESY2,10.4,9.56,-8.08,12910,17,nepse_playwright
2026-04-09,GSY,10.85,10.0,-7.83,39200,64,nepse_playwright
2026-04-09,GIBF1,12.38,11.3,-8.72,63770,25,nepse_playwright
2026-04-09,KSY,10.75,9.65,-10.23,1250,11,nepse_playwright
2026-04-09,H8020,12.58,11.5,-8.59,14093,15,nepse_playwright
2026-04-09,C30MF,11.0,10.18,-7.45,10800,7,nepse_playwright
2026-04-09,MNMF1,10.86,10.0,-7.92,55850,38,nepse_playwright
2026-04-09,MBLEF,11.46,10.1,-11.87,215010,47,nepse_playwright
2026-04-09,MMF1,10.15,9.66,-4.83,49600,57,nepse_playwright
2026-04-09,NBF2,10.47,10.05,-4.01,1700,5,nepse_playwright
2026-04-09,NBF3,10.32,10.0,-3.1,49207,57,nepse_playwright
2026-04-09,NIBLGF,10.26,9.85,-4.0,3715,17,nepse_playwright
2026-04-09,NIBLSTF,10.26,9.25,-9.84,48927,48,nepse_playwright
2026-04-09,LUK,11.66,9.71,-16.72,36800,20,nepse_playwright
2026-04-09,CMF2,10.62,10.19,-4.05,300,2,nepse_playwright
2026-04-09,LVF2,11.41,9.9,-13.23,2860,16,nepse_playwright
2026-04-09,NIBSF2,10.25,9.5,-7.32,20100,33,nepse_playwright
2026-04-09,NICBF,10.47,9.83,-6.11,7052,8,nepse_playwright
2026-04-09,NICFC,10.52,9.5,-9.7,8100,23,nepse_playwright
2026-04-09,PSF,12.75,12.06,-5.41,37900,35,nepse_playwright
2026-04-09,PRSF,12.98,12.37,-4.7,4881081,69,nepse_playwright
2026-04-09,NICSF,10.04,9.3,-7.37,4400,19,nepse_playwright
2026-04-09,NMBHF2,10.75,9.99,-7.07,21756,35,nepse_playwright
2026-04-09,NMB50,10.86,10.4,-4.24,770,4,nepse_playwright
2026-04-09,RMF1,10.56,9.87,-6.53,7655,21,nepse_playwright
2026-04-09,NSIF2,12.2,10.95,-10.25,91052,9,nepse_playwright
2026-04-09,RMF2,11.27,10.05,-10.83,23750,7,nepse_playwright
2026-04-09,SEF,10.55,9.9,-6.16,7600,3,nepse_playwright
2026-04-09,RBBF40,10.37,9.6,-7.43,4500,20,nepse_playwright
2026-04-09,SBCF,11.34,9.99,-11.9,64000,32,nepse_playwright
2026-04-09,SFEF,11.43,10.11,-11.55,94140,19,nepse_playwright
2026-04-09,SFMF,11.3,10.71,-5.22,0,0,nepse_playwright
2026-04-09,SIGS2,10.98,10.03,-8.65,7800,3,nepse_playwright
2026-04-09,SIGS3,11.35,10.49,-7.58,1755,10,nepse_playwright
2026-04-09,SLCF,10.6,9.91,-6.51,6980,31,nepse_playwright
2026-04-09,NICGF2,10.67,9.47,-11.25,2750,13,nepse_playwright
2026-04-09,RSY,11.29,10.23,-9.39,105800,41,nepse_playwright
2026-04-09,SAGF,10.96,10.22,-6.75,1200,9,nepse_playwright
2026-04-10,HLICF,9.64,9.23,-4.25,67000,27,nepse_playwright
2026-04-10,H8020,12.58,11.9,-5.41,3220,22,nepse_playwright
2026-04-10,GSY,10.85,9.97,-8.11,7370,37,nepse_playwright
2026-04-10,C30MF,11.0,10.01,-9.0,200,2,nepse_playwright
2026-04-10,GBIMESY2,10.4,9.37,-9.9,1800,16,nepse_playwright
2026-04-10,CMF2,10.62,10.21,-3.86,3600,6,nepse_playwright
2026-04-10,KDBY,11.41,11.59,1.58,8100,48,nepse_playwright
2026-04-10,GIBF1,12.38,11.13,-10.1,660400,17,nepse_playwright
2026-04-10,KEF,10.55,10.48,-0.66,46892,44,nepse_playwright
2026-04-10,MBLEF,11.46,10.21,-10.91,123400,34,nepse_playwright
2026-04-10,LUK,11.66,9.85,-15.52,1000,5,nepse_playwright
2026-04-10,LVF2,11.41,9.9,-13.23,8100,12,nepse_playwright
2026-04-10,MMF1,10.15,9.68,-4.63,86807,49,nepse_playwright
2026-04-10,MNMF1,10.86,9.9,-8.84,7300,22,nepse_playwright
2026-04-10,NBF2,10.47,10.0,-4.49,21800,10,nepse_playwright
2026-04-10,NBF3,10.32,10.0,-3.1,23300,37,nepse_playwright
2026-04-10,NIBLGF,10.26,9.45,-7.89,4350,16,nepse_playwright
2026-04-10,NIBLSTF,10.26,9.28,-9.55,11250,19,nepse_playwright
2026-04-10,NIBSF2,10.25,9.47,-7.61,7100,19,nepse_playwright
2026-04-10,SLCF,10.6,9.96,-6.04,8550,13,nepse_playwright
2026-04-10,KSY,10.75,9.64,-10.33,1200,7,nepse_playwright
2026-04-10,RMF2,11.27,10.22,-9.32,16500,6,nepse_playwright
2026-04-10,PSF,12.75,12.2,-4.31,91315,52,nepse_playwright
2026-04-10,PRSF,12.98,12.79,-1.46,53108,29,nepse_playwright
2026-04-10,NSIF2,12.2,10.87,-10.9,10865,10,nepse_playwright
2026-04-10,NICGF2,10.67,9.48,-11.15,5001,19,nepse_playwright
2026-04-10,NMB50,10.86,10.36,-4.6,1400,5,nepse_playwright
2026-04-10,NICSF,10.04,9.3,-7.37,4500,20,nepse_playwright
2026-04-10,RBBF40,10.37,9.6,-7.43,2100,14,nepse_playwright
2026-04-10,NMBHF2,10.75,9.99,-7.07,6500,31,nepse_playwright
2026-04-10,RMF1,10.56,9.71,-8.05,10400,13,nepse_playwright
2026-04-10,NICBF,10.47,9.42,-10.03,42448,15,nepse_playwright
2026-04-10,RSY,11.29,10.3,-8.77,105500,43,nepse_playwright
2026-04-10,SAGF,10.96,10.3,-6.02,53700,18,nepse_playwright
2026-04-10,SEF,10.55,9.9,-6.16,16334,7,nepse_playwright
2026-04-10,SFEF,11.43,10.05,-12.07,7500,15,nepse_playwright
2026-04-10,SFMF,11.3,10.71,-5.22,0,0,nepse_playwright
2026-04-10,SIGS2,10.98,10.06,-8.38,6500,7,nepse_playwright
2026-04-10,SIGS3,11.35,10.38,-8.55,2000,10,nepse_playwright
2026-04-10,NICFC,10.52,9.45,-10.17,10693,25,nepse_playwright
2026-04-10,SBCF,11.34,9.74,-14.11,84250,28,nepse_playwright
2026-04-13,HLICF,9.64,9.4,-2.49,2600,16,nepse_playwright
2026-04-13,H8020,12.58,11.88,-5.56,9075,22,nepse_playwright
2026-04-13,GSY,10.85,9.97,-8.11,14130,51,nepse_playwright
2026-04-13,C30MF,11.0,10.19,-7.36,73423,17,nepse_playwright
2026-04-13,GBIMESY2,10.4,9.26,-10.96,5300,18,nepse_playwright
2026-04-13,CMF2,10.62,10.42,-1.88,26360,5,nepse_playwright
2026-04-13,KDBY,11.41,11.88,4.12,92913,78,nepse_playwright
2026-04-13,GIBF1,12.38,11.22,-9.37,274808,25,nepse_playwright
2026-04-13,KEF,10.55,10.84,2.75,102355,64,nepse_playwright
2026-04-13,MBLEF,11.46,10.21,-10.91,59800,38,nepse_playwright
2026-04-13,LUK,11.66,10.05,-13.81,4100,3,nepse_playwright
2026-04-13,LVF2,11.41,9.86,-13.58,2300,20,nepse_playwright
2026-04-13,MMF1,10.15,9.41,-7.29,25393,63,nepse_playwright
2026-04-13,MNMF1,10.86,9.86,-9.21,7750,30,nepse_playwright
2026-04-13,NBF2,10.47,10.01,-4.39,44736,17,nepse_playwright
2026-04-13,NBF3,10.32,9.97,-3.39,17100,36,nepse_playwright
2026-04-13,NIBLGF,10.26,9.5,-7.41,4500,10,nepse_playwright
2026-04-13,NIBLSTF,10.26,9.29,-9.45,3800,19,nepse_playwright
2026-04-13,NIBSF2,10.25,9.45,-7.8,6731,22,nepse_playwright
2026-04-13,SLCF,10.6,10.05,-5.19,4000,13,nepse_playwright
2026-04-13,KSY,10.84,9.5,-12.36,3624,21,nepse_playwright
2026-04-13,RMF2,11.27,10.4,-7.72,198089,16,nepse_playwright
2026-04-13,PSF,14.35,12.18,-15.12,47435,35,nepse_playwright
2026-04-13,PRSF,15.85,12.73,-19.68,56400,23,nepse_playwright
2026-04-13,NSIF2,12.1,11.0,-9.09,8400,14,nepse_playwright
2026-04-13,NICGF2,10.47,9.61,-8.21,3201,25,nepse_playwright
2026-04-13,NMB50,10.76,10.35,-3.81,1700,3,nepse_playwright
2026-04-13,NICSF,10.04,9.43,-6.08,9033,16,nepse_playwright
2026-04-13,RBBF40,10.37,9.6,-7.43,2200,16,nepse_playwright
2026-04-13,NMBHF2,10.68,9.85,-7.77,7700,35,nepse_playwright
2026-04-13,RMF1,10.56,9.67,-8.43,10920,14,nepse_playwright
2026-04-13,NICBF,10.38,9.34,-10.02,200,2,nepse_playwright
2026-04-13,RSY,11.29,10.24,-9.3,38220,39,nepse_playwright
2026-04-13,SAGF,10.99,10.36,-5.73,6800,13,nepse_playwright
2026-04-13,SEF,10.55,9.72,-7.87,185,1,nepse_playwright
2026-04-13,SFEF,11.43,10.1,-11.64,2600,12,nepse_playwright
2026-04-13,SFMF,11.3,10.72,-5.13,1225,6,nepse_playwright
2026-04-13,SIGS2,10.98,10.07,-8.29,100,1,nepse_playwright
2026-04-13,SIGS3,11.35,10.5,-7.49,11100,15,nepse_playwright
2026-04-13,NICFC,10.39,9.5,-8.57,54826,25,nepse_playwright
2026-04-13,SBCF,11.34,10.1,-10.93,47660,29,nepse_playwright
2026-04-15,H8020,12.81,12.0,-6.32,4200,19,nepse_playwright
2026-04-15,GIBF1,12.35,11.22,-9.15,13530,30,nepse_playwright
2026-04-15,GBIMESY2,10.46,9.46,-9.56,2600,20,nepse_playwright
2026-04-15,NIBLSTF,10.04,9.29,-7.47,42900,26,nepse_playwright
2026-04-15,C30MF,10.99,10.17,-7.46,14710,8,nepse_playwright
2026-04-15,NIBSF2,10.1,9.45,-6.44,27261,18,nepse_playwright
2026-04-15,HLICF,9.32,9.49,1.82,41300,27,nepse_playwright
2026-04-15,CMF2,10.52,10.26,-2.47,100,1,nepse_playwright
2026-04-15,KDBY,13.74,11.95,-13.03,90836,76,nepse_playwright
2026-04-15,MBLEF,11.34,10.11,-10.85,30700,24,nepse_playwright
2026-04-15,LUK,11.66,10.0,-14.24,4900,8,nepse_playwright
2026-04-15,LVF2,11.41,10.0,-12.36,8102,22,nepse_playwright
2026-04-15,MMF1,9.98,9.85,-1.3,38500,70,nepse_playwright
2026-04-15,MNMF1,10.97,10.0,-8.84,4940,34,nepse_playwright
2026-04-15,NBF2,10.47,10.01,-4.39,57400,16,nepse_playwright
2026-04-15,NBF3,10.32,10.0,-3.1,160505,58,nepse_playwright
2026-04-15,KEF,12.84,10.9,-15.11,329557,84,nepse_playwright
2026-04-15,NICBF,10.38,9.52,-8.29,5600,5,nepse_playwright
2026-04-15,GSY,10.89,9.97,-8.45,18470,59,nepse_playwright
2026-04-15,NIBLGF,10.13,9.5,-6.22,46310,23,nepse_playwright
2026-04-15,SLCF,10.65,10.01,-6.01,24356,23,nepse_playwright
2026-04-15,NICFC,10.39,9.52,-8.37,8720,29,nepse_playwright
2026-04-15,RMF2,11.26,10.4,-7.64,150200,8,nepse_playwright
2026-04-15,PSF,14.35,12.36,-13.87,121655,74,nepse_playwright
2026-04-15,PRSF,15.85,13.14,-17.1,541804,76,nepse_playwright
2026-04-15,NSIF2,12.1,10.86,-10.25,45262,18,nepse_playwright
2026-04-15,NICGF2,10.47,9.69,-7.45,14650,30,nepse_playwright
2026-04-15,NICSF,9.89,9.4,-4.95,4670,15,nepse_playwright
2026-04-15,RBBF40,10.27,9.51,-7.4,6150,24,nepse_playwright
2026-04-15,NMBHF2,10.68,9.85,-7.77,3350,28,nepse_playwright
2026-04-15,NMB50,10.76,10.5,-2.42,5800,7,nepse_playwright
2026-04-15,SBCF,11.34,9.82,-13.4,5490,14,nepse_playwright
2026-04-15,RSY,11.53,10.26,-11.01,46750,39,nepse_playwright
2026-04-15,SAGF,10.99,10.24,-6.82,83300,22,nepse_playwright
2026-04-15,SEF,10.95,10.15,-7.31,12450,9,nepse_playwright
2026-04-15,SFEF,11.43,10.13,-11.37,3100,19,nepse_playwright
2026-04-15,SFMF,11.3,10.52,-6.9,8200,5,nepse_playwright
2026-04-15,SIGS2,11.53,10.28,-10.84,1900,5,nepse_playwright
2026-04-15,RMF1,10.64,9.8,-7.89,14100,15,nepse_playwright
2026-04-15,SIGS3,12.28,10.69,-12.95,6900,10,nepse_playwright
2026-04-16,KEF,12.84,10.9,-15.11,156689,56,nepse_playwright
2026-04-16,KDBY,13.74,11.65,-15.21,182220,69,nepse_playwright
2026-04-16,HLICF,9.32,9.38,0.64,2300,18,nepse_playwright
2026-04-16,GBIMESY2,10.46,9.5,-9.18,5400,14,nepse_playwright
2026-04-16,GSY,10.89,9.97,-8.45,39920,43,nepse_playwright
2026-04-16,GIBF1,12.35,11.18,-9.47,7700,18,nepse_playwright
2026-04-16,KSY,10.84,9.6,-11.44,1300,13,nepse_playwright
2026-04-16,H8020,12.81,11.9,-7.1,7700,19,nepse_playwright
2026-04-16,NICBF,10.38,9.6,-7.51,15000,3,nepse_playwright
2026-04-16,LUK,11.66,10.19,-12.61,13745,13,nepse_playwright
2026-04-16,MBLEF,11.34,10.16,-10.41,38900,35,nepse_playwright
2026-04-16,MMF1,9.98,9.75,-2.3,50140,49,nepse_playwright
2026-04-16,MNMF1,10.97,9.9,-9.75,2860,19,nepse_playwright
2026-04-16,NBF2,10.47,9.98,-4.68,2500,3,nepse_playwright
2026-04-16,NBF3,10.32,9.95,-3.59,19580,30,nepse_playwright
2026-04-16,NIBLGF,10.13,9.5,-6.22,7300,12,nepse_playwright
2026-04-16,NIBLSTF,10.04,9.23,-8.07,13100,16,nepse_playwright
2026-04-16,CMF2,10.52,10.26,-2.47,100,1,nepse_playwright
2026-04-16,LVF2,11.41,9.92,-13.06,10300,8,nepse_playwright
2026-04-16,NIBSF2,10.1,9.28,-8.12,11094,14,nepse_playwright
2026-04-16,RBBF40,10.27,9.43,-8.18,1800,13,nepse_playwright
2026-04-16,NICFC,10.39,9.36,-9.91,2700,16,nepse_playwright
2026-04-16,PSF,14.35,12.41,-13.52,78200,27,nepse_playwright
2026-04-16,PRSF,15.85,13.12,-17.22,231058,31,nepse_playwright
2026-04-16,NICSF,9.89,9.45,-4.45,19500,16,nepse_playwright
2026-04-16,NMBHF2,10.68,9.9,-7.3,27145,28,nepse_playwright
2026-04-16,NMB50,10.76,10.42,-3.16,500,1,nepse_playwright
2026-04-16,RMF1,10.64,9.9,-6.95,10695,12,nepse_playwright
2026-04-16,NSIF2,12.1,10.86,-10.25,5300,13,nepse_playwright
2026-04-16,RMF2,11.26,10.2,-9.41,50300,6,nepse_playwright
2026-04-16,SLCF,10.65,9.99,-6.2,27000,22,nepse_playwright
2026-04-16,C30MF,10.99,10.3,-6.28,10700,5,nepse_playwright
2026-04-16,SBCF,11.34,9.85,-13.14,23015,20,nepse_playwright
2026-04-16,SEF,10.95,10.06,-8.13,15603,9,nepse_playwright
2026-04-16,SFEF,11.43,10.14,-11.29,6300,12,nepse_playwright
2026-04-16,SFMF,11.3,10.45,-7.52,100,1,nepse_playwright
2026-04-16,SIGS2,11.53,10.45,-9.37,1100,2,nepse_playwright
2026-04-16,SIGS3,12.28,10.89,-11.32,3100,10,nepse_playwright
2026-04-16,NICGF2,10.47,9.95,-4.97,73472,34,nepse_playwright
2026-04-16,RSY,11.53,10.32,-10.49,3900,36,nepse_playwright
2026-04-16,SAGF,10.99,10.2,-7.19,2300,14,nepse_playwright
2026-04-17,HLICF,9.32,9.09,-2.47,1500,11,nepse_playwright
2026-04-17,H8020,12.81,11.82,-7.73,3500,15,nepse_playwright
2026-04-17,GIBF1,12.35,11.27,-8.74,8820,22,nepse_playwright
2026-04-17,NIBSF2,10.1,9.36,-7.33,6702,17,nepse_playwright
2026-04-17,CMF2,10.52,10.2,-3.04,7469,4,nepse_playwright
2026-04-17,C30MF,10.99,10.15,-7.64,21855,11,nepse_playwright
2026-04-17,KDBY,13.74,12.05,-12.3,35560,71,nepse_playwright
2026-04-17,GBIMESY2,10.46,9.5,-9.18,3500,14,nepse_playwright
2026-04-17,KEF,12.84,10.99,-14.41,156855,51,nepse_playwright
2026-04-17,NBF3,10.32,10.1,-2.13,79510,48,nepse_playwright
2026-04-17,LUK,11.66,10.0,-14.24,6224,10,nepse_playwright
2026-04-17,KSY,10.84,9.76,-9.96,1800,11,nepse_playwright
2026-04-17,NBF2,10.47,10.07,-3.82,8008,8,nepse_playwright
2026-04-17,MNMF1,10.97,10.05,-8.39,19520,48,nepse_playwright
2026-04-17,NIBLGF,10.13,9.5,-6.22,24650,11,nepse_playwright
2026-04-17,MBLEF,11.34,10.35,-8.73,2400,22,nepse_playwright
2026-04-17,LVF2,11.41,10.0,-12.36,13200,10,nepse_playwright
2026-04-17,NIBLSTF,10.04,9.27,-7.67,9210,16,nepse_playwright
2026-04-17,GSY,10.89,9.99,-8.26,5850,23,nepse_playwright
2026-04-17,MMF1,9.98,9.69,-2.91,24598,29,nepse_playwright
2026-04-17,NICBF,10.38,9.52,-8.29,2000,2,nepse_playwright
2026-04-17,RMF2,11.26,10.25,-8.97,48899,12,nepse_playwright
2026-04-17,SLCF,10.65,9.95,-6.57,6000,16,nepse_playwright
2026-04-17,PSF,14.35,12.35,-13.94,99150,49,nepse_playwright
2026-04-17,PRSF,15.85,13.14,-17.1,105900,14,nepse_playwright
2026-04-17,NSIF2,12.1,10.9,-9.92,18150,19,nepse_playwright
2026-04-17,NICGF2,10.47,9.94,-5.06,1000,4,nepse_playwright
2026-04-17,NICSF,9.89,9.27,-6.27,5500,14,nepse_playwright
2026-04-17,RBBF40,10.27,9.55,-7.01,4500,21,nepse_playwright
2026-04-17,NMBHF2,10.68,9.97,-6.65,124000,35,nepse_playwright
2026-04-17,RMF1,10.64,9.89,-7.05,14390,16,nepse_playwright
2026-04-17,NMB50,10.76,10.3,-4.28,1500,3,nepse_playwright
2026-04-17,RSY,11.53,10.45,-9.37,7700,32,nepse_playwright
2026-04-17,SBCF,11.34,9.99,-11.9,4950,21,nepse_playwright
2026-04-17,SIGS3,12.28,10.75,-12.46,9700,7,nepse_playwright
2026-04-17,SIGS2,11.53,10.31,-10.58,3755,5,nepse_playwright
2026-04-17,SFMF,11.3,10.35,-8.41,500,2,nepse_playwright
2026-04-17,NICFC,10.39,9.45,-9.05,3700,28,nepse_playwright
2026-04-17,SEF,10.95,9.98,-8.86,1500,1,nepse_playwright
2026-04-17,SAGF,10.99,10.25,-6.73,3200,18,nepse_playwright
2026-04-17,SFEF,11.43,10.12,-11.46,8529,14,nepse_playwright
2026-04-20,KSY,10.84,9.7,-10.52,3200,9,nepse_playwright
2026-04-20,GBIMESY2,10.46,9.78,-6.5,6190,17,nepse_playwright
2026-04-20,GIBF1,12.35,11.12,-9.96,14100,17,nepse_playwright
2026-04-20,GSY,10.89,10.1,-7.25,18630,49,nepse_playwright
2026-04-20,H8020,12.81,12.0,-6.32,14083,21,nepse_playwright
2026-04-20,HLICF,9.32,9.33,0.11,2500,19,nepse_playwright
2026-04-20,KDBY,13.74,11.73,-14.63,19250,52,nepse_playwright
2026-04-20,KEF,12.84,10.98,-14.49,23710,36,nepse_playwright
2026-04-20,NICBF,10.38,9.52,-8.29,0,0,nepse_playwright
2026-04-20,CMF2,10.52,10.2,-3.04,0,0,nepse_playwright
2026-04-20,NIBLSTF,10.04,9.22,-8.17,13907,11,nepse_playwright
2026-04-20,NIBLGF,10.13,9.5,-6.22,3900,13,nepse_playwright
2026-04-20,NBF3,10.32,9.95,-3.59,40694,37,nepse_playwright
2026-04-20,LUK,11.66,10.1,-13.38,10200,13,nepse_playwright
2026-04-20,MNMF1,10.97,9.82,-10.48,63900,33,nepse_playwright
2026-04-20,MMF1,9.98,9.7,-2.81,24307,64,nepse_playwright
2026-04-20,MBLEF,11.34,10.13,-10.67,102200,31,nepse_playwright
2026-04-20,NBF2,10.47,10.0,-4.49,200,2,nepse_playwright
2026-04-20,LVF2,11.41,9.83,-13.85,1750,14,nepse_playwright
2026-04-20,NIBSF2,10.1,9.35,-7.43,2800,13,nepse_playwright
2026-04-20,RMF1,10.64,9.6,-9.77,1020,9,nepse_playwright
2026-04-20,NICFC,10.39,9.4,-9.53,6750,24,nepse_playwright
2026-04-20,NICSF,9.89,9.16,-7.38,12660,25,nepse_playwright
2026-04-20,NMB50,10.76,10.5,-2.42,15955,8,nepse_playwright
2026-04-20,NMBHF2,10.68,9.82,-8.05,4900,31,nepse_playwright
2026-04-20,NSIF2,12.1,10.93,-9.67,1300,8,nepse_playwright
2026-04-20,PRSF,15.85,13.22,-16.59,243413,30,nepse_playwright
2026-04-20,PSF,14.35,12.49,-12.96,83150,28,nepse_playwright
2026-04-20,RBBF40,10.27,9.5,-7.5,2900,23,nepse_playwright
2026-04-20,RMF2,11.26,10.2,-9.41,1000,9,nepse_playwright
2026-04-20,NICGF2,10.47,9.44,-9.84,1500,14,nepse_playwright
2026-04-20,C30MF,10.99,10.13,-7.83,1180,6,nepse_playwright
2026-04-20,SBCF,11.34,9.99,-11.9,2043,10,nepse_playwright
2026-04-20,RSY,11.53,10.2,-11.54,53710,37,nepse_playwright
2026-04-20,SLCF,10.65,9.95,-6.57,5010,16,nepse_playwright
2026-04-20,SIGS3,12.28,10.97,-10.67,2560,15,nepse_playwright
2026-04-20,SAGF,10.99,10.2,-7.19,1400,7,nepse_playwright
2026-04-20,SFMF,11.3,10.66,-5.66,30200,7,nepse_playwright
2026-04-20,SFEF,11.43,10.12,-11.46,2400,5,nepse_playwright
2026-04-20,SEF,10.95,10.12,-7.58,4100,4,nepse_playwright
2026-04-20,SIGS2,11.53,10.15,-11.97,23000,3,nepse_playwright
2026-04-21,KEF,12.84,10.86,-15.42,30730,28,nepse_playwright
2026-04-21,NIBSF2,10.1,9.5,-5.94,16420,24,nepse_playwright
2026-04-21,CMF2,10.52,10.07,-4.28,21600,12,nepse_playwright
2026-04-21,GBIMESY2,10.46,9.6,-8.22,4600,11,nepse_playwright
2026-04-21,GSY,10.89,9.97,-8.45,32850,41,nepse_playwright
2026-04-21,H8020,12.81,11.9,-7.1,3600,15,nepse_playwright
2026-04-21,HLICF,9.32,9.2,-1.29,4750,15,nepse_playwright
2026-04-21,KDBY,13.74,11.69,-14.92,29360,53,nepse_playwright
2026-04-21,C30MF,10.99,10.15,-7.64,1100,5,nepse_playwright
2026-04-21,NBF2,10.47,9.94,-5.06,2205,3,nepse_playwright
2026-04-21,KSY,10.84,9.76,-9.96,11450,17,nepse_playwright
2026-04-21,NBF3,10.32,9.97,-3.39,35217,42,nepse_playwright
2026-04-21,NIBLSTF,10.04,9.21,-8.27,23550,28,nepse_playwright
2026-04-21,NIBLGF,10.13,9.41,-7.11,1600,5,nepse_playwright
2026-04-21,MMF1,9.98,9.23,-7.52,22450,68,nepse_playwright
2026-04-21,MBLEF,11.34,10.15,-10.49,23450,40,nepse_playwright
2026-04-21,LVF2,11.41,9.9,-13.23,1000,9,nepse_playwright
2026-04-21,MNMF1,10.97,9.99,-8.93,177020,60,nepse_playwright
2026-04-21,LUK,11.66,9.91,-15.01,800,3,nepse_playwright
2026-04-21,NMBHF2,10.68,9.94,-6.93,68700,34,nepse_playwright
2026-04-21,GIBF1,12.35,11.13,-9.88,3100,22,nepse_playwright
2026-04-21,RSY,11.53,10.2,-11.54,109500,48,nepse_playwright
2026-04-21,NICBF,10.38,9.52,-8.29,2900,3,nepse_playwright
2026-04-21,NICGF2,10.47,9.33,-10.89,2700,16,nepse_playwright
2026-04-21,NICSF,9.89,9.21,-6.88,7525,18,nepse_playwright
2026-04-21,NMB50,10.76,10.6,-1.49,113625,21,nepse_playwright
2026-04-21,NSIF2,12.1,10.85,-10.33,3992,9,nepse_playwright
2026-04-21,PRSF,15.85,12.99,-18.04,735987,49,nepse_playwright
2026-04-21,PSF,14.35,12.45,-13.24,97099,40,nepse_playwright
2026-04-21,RBBF40,10.27,9.6,-6.52,9300,21,nepse_playwright
2026-04-21,RMF2,11.26,10.0,-11.19,700,3,nepse_playwright
2026-04-21,RMF1,10.64,9.66,-9.21,17781,26,nepse_playwright
2026-04-21,SAGF,10.99,10.18,-7.37,2520,17,nepse_playwright
2026-04-21,SEF,10.95,10.0,-8.68,29875,9,nepse_playwright
2026-04-21,SIGS3,12.28,10.9,-11.24,1250,7,nepse_playwright
2026-04-21,SIGS2,11.53,10.23,-11.27,3800,4,nepse_playwright
2026-04-21,SLCF,10.65,9.83,-7.7,19540,16,nepse_playwright
2026-04-21,SFEF,11.43,10.15,-11.2,13390,14,nepse_playwright
2026-04-21,NICFC,10.39,9.39,-9.62,9700,28,nepse_playwright
2026-04-21,SBCF,11.34,9.8,-13.58,5550,13,nepse_playwright
2026-04-21,SFMF,11.3,10.5,-7.08,200,1,nepse_playwright
2026-04-22,GBIMESY2,10.46,9.6,-8.22,1600,7,nepse_playwright
2026-04-22,KEF,12.84,10.63,-17.21,64700,37,nepse_playwright
2026-04-22,GIBF1,12.35,11.1,-10.12,1300,12,nepse_playwright
2026-04-22,KSY,10.84,9.53,-12.08,2800,15,nepse_playwright
2026-04-22,H8020,12.81,12.0,-6.32,6305,25,nepse_playwright
2026-04-22,HLICF,9.32,9.15,-1.82,9405,15,nepse_playwright
2026-04-22,KDBY,13.74,11.45,-16.67,93900,49,nepse_playwright
2026-04-22,NIBSF2,10.1,9.32,-7.72,12300,22,nepse_playwright
2026-04-22,MNMF1,10.97,9.55,-12.94,9400,17,nepse_playwright
2026-04-22,LVF2,11.41,10.14,-11.13,10176,14,nepse_playwright
2026-04-22,MBLEF,11.34,10.13,-10.67,2500,20,nepse_playwright
2026-04-22,MMF1,9.98,9.42,-5.61,28410,55,nepse_playwright
2026-04-22,NBF2,10.47,9.85,-5.92,2910,6,nepse_playwright
2026-04-22,NBF3,10.32,10.0,-3.1,11050,28,nepse_playwright
2026-04-22,NIBLGF,10.13,9.42,-7.01,3200,12,nepse_playwright
2026-04-22,NIBLSTF,10.04,9.09,-9.46,4150,18,nepse_playwright
2026-04-22,CMF2,10.52,10.0,-4.94,985,4,nepse_playwright
2026-04-22,LUK,11.66,9.91,-15.01,1900,5,nepse_playwright
2026-04-22,C30MF,10.99,10.18,-7.37,14000,8,nepse_playwright
2026-04-22,GSY,10.89,9.9,-9.09,17750,48,nepse_playwright
2026-04-22,NICBF,10.38,9.32,-10.21,5300,5,nepse_playwright
2026-04-22,NICSF,9.89,9.39,-5.06,2657,10,nepse_playwright
2026-04-22,RBBF40,10.27,9.35,-8.96,3300,20,nepse_playwright
2026-04-22,NMB50,10.76,10.63,-1.21,39913,9,nepse_playwright
2026-04-22,SLCF,10.65,10.0,-6.1,2500,10,nepse_playwright
2026-04-22,NSIF2,12.1,10.8,-10.74,7950,10,nepse_playwright
2026-04-22,PRSF,15.85,13.1,-17.35,123100,24,nepse_playwright
2026-04-22,PSF,14.35,12.44,-13.31,51600,23,nepse_playwright
2026-04-22,RMF1,10.64,9.7,-8.83,2720,7,nepse_playwright
2026-04-22,SEF,10.95,9.9,-9.59,5403,4,nepse_playwright
2026-04-22,NMBHF2,10.68,9.72,-8.99,5950,33,nepse_playwright
2026-04-22,SAGF,10.99,10.03,-8.74,2000,13,nepse_playwright
2026-04-22,SBCF,11.34,9.79,-13.67,13160,12,nepse_playwright
2026-04-22,SFEF,11.43,10.06,-11.99,300,3,nepse_playwright
2026-04-22,SFMF,11.3,10.5,-7.08,6000,6,nepse_playwright
2026-04-22,SIGS2,11.53,10.15,-11.97,500,1,nepse_playwright
2026-04-22,SIGS3,12.28,10.8,-12.05,800,8,nepse_playwright
2026-04-22,NICGF2,10.47,9.22,-11.94,1800,17,nepse_playwright
2026-04-22,RMF2,11.26,10.0,-11.19,200,2,nepse_playwright
2026-04-22,NICFC,10.39,9.34,-10.11,1900,17,nepse_playwright
2026-04-22,RSY,11.53,10.2,-11.54,7660,28,nepse_playwright
2026-04-23,HLICF,9.32,9.04,-3.0,2940,18,nepse_playwright
2026-04-23,H8020,12.81,11.95,-6.71,2050,15,nepse_playwright
2026-04-23,GIBF1,12.35,11.2,-9.31,1300,12,nepse_playwright
2026-04-23,NICBF,10.38,9.7,-6.55,5900,4,nepse_playwright
2026-04-23,CMF2,10.52,10.0,-4.94,0,0,nepse_playwright
2026-04-23,C30MF,10.99,10.1,-8.1,1000,6,nepse_playwright
2026-04-23,KDBY,13.74,11.37,-17.25,141665,76,nepse_playwright
2026-04-23,GBIMESY2,10.46,9.35,-10.61,600,5,nepse_playwright
2026-04-23,KEF,12.84,10.8,-15.89,23100,50,nepse_playwright
2026-04-23,NBF2,10.47,10.1,-3.53,1679,8,nepse_playwright
2026-04-23,LUK,11.66,9.91,-15.01,100,1,nepse_playwright
2026-04-23,KSY,10.84,9.6,-11.44,3300,12,nepse_playwright
2026-04-23,NBF3,10.32,9.91,-3.97,19650,31,nepse_playwright
2026-04-23,MNMF1,10.97,10.05,-8.39,47991,52,nepse_playwright
2026-04-23,NIBLGF,10.13,9.4,-7.21,800,7,nepse_playwright
2026-04-23,MBLEF,11.34,10.3,-9.17,4750,30,nepse_playwright
2026-04-23,LVF2,11.41,9.9,-13.23,3445,13,nepse_playwright
2026-04-23,NIBLSTF,10.04,9.25,-7.87,11110,17,nepse_playwright
2026-04-23,GSY,10.89,10.0,-8.17,25850,55,nepse_playwright
2026-04-23,MMF1,9.98,9.51,-4.71,16450,32,nepse_playwright
2026-04-23,SLCF,10.65,9.88,-7.23,12700,25,nepse_playwright
2026-04-23,RMF2,11.26,10.3,-8.53,133300,12,nepse_playwright
2026-04-23,NIBSF2,10.1,9.35,-7.43,5367,15,nepse_playwright
2026-04-23,PSF,14.35,12.27,-14.49,53600,26,nepse_playwright
2026-04-23,PRSF,15.85,13.15,-17.03,837300,43,nepse_playwright
2026-04-23,NSIF2,12.1,10.82,-10.58,7600,14,nepse_playwright
2026-04-23,NICGF2,10.47,9.4,-10.22,1200,12,nepse_playwright
2026-04-23,NICSF,9.89,9.18,-7.18,5300,9,nepse_playwright
2026-04-23,RBBF40,10.27,9.38,-8.67,4900,18,nepse_playwright
2026-04-23,NMBHF2,10.68,9.86,-7.68,5900,36,nepse_playwright
2026-04-23,RMF1,10.64,9.65,-9.3,5300,12,nepse_playwright
2026-04-23,NMB50,10.76,10.33,-4.0,13150,6,nepse_playwright
2026-04-23,RSY,11.53,10.3,-10.67,8750,32,nepse_playwright
2026-04-23,SEF,10.95,9.9,-9.59,1400,2,nepse_playwright
2026-04-23,SIGS3,12.28,10.77,-12.3,700,7,nepse_playwright
2026-04-23,SIGS2,11.53,10.3,-10.67,199,1,nepse_playwright
2026-04-23,SFMF,11.3,10.25,-9.29,200,2,nepse_playwright
2026-04-23,NICFC,10.39,9.5,-8.57,5900,34,nepse_playwright
2026-04-23,SBCF,11.34,9.88,-12.87,55788,18,nepse_playwright
2026-04-23,SAGF,10.99,10.11,-8.01,3176,15,nepse_playwright
2026-04-23,SFEF,11.43,10.05,-12.07,27100,10,nepse_playwright
2026-04-24,KDBY,13.74,11.54,-16.01,43660,63,nepse_playwright
2026-04-24,C30MF,10.99,10.1,-8.1,990,4,nepse_playwright
2026-04-24,CMF2,10.52,9.9,-5.89,100,1,nepse_playwright
2026-04-24,GBIMESY2,10.46,9.27,-11.38,400,4,nepse_playwright
2026-04-24,GIBF1,12.35,11.25,-8.91,72330,14,nepse_playwright
2026-04-24,GSY,10.89,10.0,-8.17,23150,40,nepse_playwright
2026-04-24,H8020,12.81,11.91,-7.03,1900,11,nepse_playwright
2026-04-24,HLICF,9.32,9.3,-0.21,2100,12,nepse_playwright
2026-04-24,KEF,12.84,10.86,-15.42,37450,30,nepse_playwright
2026-04-24,KSY,10.84,9.86,-9.04,16350,19,nepse_playwright
2026-04-24,LUK,11.66,9.67,-17.07,200,1,nepse_playwright
2026-04-24,LVF2,11.41,9.86,-13.58,1800,7,nepse_playwright
2026-04-24,MBLEF,11.34,10.1,-10.93,1550,12,nepse_playwright
2026-04-24,MMF1,9.98,9.56,-4.21,18370,41,nepse_playwright
2026-04-24,MNMF1,10.97,9.93,-9.48,39000,36,nepse_playwright
2026-04-24,NBF2,10.47,9.95,-4.97,2400,4,nepse_playwright
2026-04-24,NBF3,10.32,9.9,-4.07,19460,21,nepse_playwright
2026-04-24,NIBLGF,10.13,9.38,-7.4,8430,12,nepse_playwright
2026-04-24,NIBSF2,10.1,9.27,-8.22,700,3,nepse_playwright
2026-04-24,NIBLSTF,10.04,9.25,-7.87,2600,12,nepse_playwright
2026-04-24,NICBF,10.38,9.47,-8.77,1600,3,nepse_playwright
2026-04-24,RMF2,11.26,10.01,-11.1,17200,7,nepse_playwright
2026-04-24,RBBF40,10.27,9.36,-8.86,2200,14,nepse_playwright
2026-04-24,NICGF2,10.47,9.22,-11.94,1200,12,nepse_playwright
2026-04-24,NICSF,9.89,9.2,-6.98,4416,19,nepse_playwright
2026-04-24,NMB50,10.76,10.66,-0.93,1500,3,nepse_playwright
2026-04-24,NMBHF2,10.68,9.7,-9.18,43600,16,nepse_playwright
2026-04-24,NSIF2,12.1,11.0,-9.09,148100,15,nepse_playwright
2026-04-24,PRSF,15.85,13.22,-16.59,757611,41,nepse_playwright
2026-04-24,PSF,14.35,12.3,-14.29,31300,18,nepse_playwright
2026-04-24,RMF1,10.64,9.58,-9.96,19700,14,nepse_playwright
2026-04-24,NICFC,10.39,9.2,-11.45,1100,10,nepse_playwright
2026-04-24,RSY,11.53,10.18,-11.71,33850,22,nepse_playwright
2026-04-24,SAGF,10.99,10.15,-7.64,1000,10,nepse_playwright
2026-04-24,SBCF,11.34,9.65,-14.9,1400,6,nepse_playwright
2026-04-24,SEF,10.95,9.9,-9.59,2200,4,nepse_playwright
2026-04-24,SFEF,11.43,10.1,-11.64,300,3,nepse_playwright
2026-04-24,SFMF,11.3,10.5,-7.08,1500,2,nepse_playwright
2026-04-24,SIGS2,11.53,10.08,-12.58,600,2,nepse_playwright
2026-04-24,SIGS3,12.28,10.8,-12.05,16540,11,nepse_playwright
2026-04-24,SLCF,10.65,9.77,-8.26,2250,7,nepse_playwright
2026-04-27,KEF,12.84,10.89,-15.19,45550,28,nepse_playwright
2026-04-27,KDBY,13.74,11.61,-15.5,232400,67,nepse_playwright
2026-04-27,HLICF,9.32,9.03,-3.11,1400,14,nepse_playwright
2026-04-27,CMF2,10.52,9.86,-6.27,1525,6,nepse_playwright
2026-04-27,GBIMESY2,10.46,9.53,-8.89,9240,24,nepse_playwright
2026-04-27,H8020,12.81,12.0,-6.32,2600,14,nepse_playwright
2026-04-27,GSY,10.89,9.9,-9.09,7990,45,nepse_playwright
2026-04-27,LUK,11.66,9.92,-14.92,21735,23,nepse_playwright
2026-04-27,NBF2,10.47,10.0,-4.49,6200,5,nepse_playwright
2026-04-27,NIBLGF,10.13,9.35,-7.7,427,3,nepse_playwright
2026-04-27,NBF3,10.32,9.87,-4.36,13900,33,nepse_playwright
2026-04-27,C30MF,10.99,10.0,-9.01,700,4,nepse_playwright
2026-04-27,NIBLSTF,10.04,9.2,-8.37,1800,11,nepse_playwright
2026-04-27,MMF1,9.98,9.7,-2.81,24847,63,nepse_playwright
2026-04-27,MBLEF,11.34,10.29,-9.26,4600,29,nepse_playwright
2026-04-27,LVF2,11.41,10.15,-11.04,1600,12,nepse_playwright
2026-04-27,MNMF1,10.97,10.0,-8.84,99280,29,nepse_playwright
2026-04-27,KSY,10.84,9.61,-11.35,2820,13,nepse_playwright
2026-04-27,NIBSF2,10.1,9.38,-7.13,7150,22,nepse_playwright
2026-04-27,GIBF1,12.35,10.86,-12.06,2500,22,nepse_playwright
2026-04-27,NICBF,10.38,9.47,-8.77,0,0,nepse_playwright
2026-04-27,NMBHF2,10.68,9.65,-9.64,1003127,36,nepse_playwright
2026-04-27,RBBF40,10.27,9.48,-7.69,3250,20,nepse_playwright
2026-04-27,PSF,14.35,12.3,-14.29,6180,16,nepse_playwright
2026-04-27,PRSF,15.85,13.2,-16.72,16300,16,nepse_playwright
2026-04-27,NICSF,9.89,9.26,-6.37,4400,15,nepse_playwright
2026-04-27,NMB50,10.76,10.74,-0.19,46633,11,nepse_playwright
2026-04-27,NSIF2,12.1,11.0,-9.09,11800,10,nepse_playwright
2026-04-27,RMF2,11.26,10.4,-7.64,3600,6,nepse_playwright
2026-04-27,SEF,10.95,9.9,-9.59,20575,6,nepse_playwright
2026-04-27,RMF1,10.64,9.59,-9.87,13938,18,nepse_playwright
2026-04-27,SBCF,11.34,9.6,-15.34,1900,7,nepse_playwright
2026-04-27,SAGF,10.99,10.15,-7.64,1700,10,nepse_playwright
2026-04-27,RSY,11.53,10.0,-13.27,7100,40,nepse_playwright
2026-04-27,SLCF,10.65,9.7,-8.92,4250,10,nepse_playwright
2026-04-27,SIGS3,12.28,10.78,-12.21,1100,4,nepse_playwright
2026-04-27,NICFC,10.39,9.26,-10.88,2000,20,nepse_playwright
2026-04-27,SFMF,11.3,10.7,-5.31,20743,9,nepse_playwright
2026-04-27,SFEF,11.43,9.95,-12.95,300,3,nepse_playwright
2026-04-27,NICGF2,10.47,9.36,-10.6,2200,20,nepse_playwright
2026-04-27,SIGS2,11.53,10.3,-10.67,21022,5,nepse_playwright
2026-04-28,KDBY,13.74,11.54,-16.01,170133,53,nepse_playwright
2026-04-28,C30MF,10.99,10.0,-9.01,1500,7,nepse_playwright
2026-04-28,CMF2,10.52,10.1,-3.99,100,1,nepse_playwright
2026-04-28,GBIMESY2,10.46,9.35,-10.61,5310,21,nepse_playwright
2026-04-28,GIBF1,12.35,11.16,-9.64,26630,20,nepse_playwright
2026-04-28,GSY,10.89,9.9,-9.09,4910,39,nepse_playwright
2026-04-28,H8020,12.81,11.71,-8.59,8980,14,nepse_playwright
2026-04-28,HLICF,9.32,9.02,-3.22,6600,16,nepse_playwright
2026-04-28,KEF,12.84,10.79,-15.97,5400,20,nepse_playwright
2026-04-28,NIBLSTF,10.04,9.02,-10.16,20089,22,nepse_playwright
2026-04-28,LUK,11.66,9.84,-15.61,33300,8,nepse_playwright
2026-04-28,LVF2,11.41,10.16,-10.96,28960,22,nepse_playwright
2026-04-28,MBLEF,11.34,10.05,-11.38,2400,19,nepse_playwright
2026-04-28,MMF1,9.98,9.66,-3.21,10673,41,nepse_playwright
2026-04-28,MNMF1,10.97,9.89,-9.85,3250,20,nepse_playwright
2026-04-28,NBF2,10.47,9.94,-5.06,2300,5,nepse_playwright
2026-04-28,NBF3,10.32,9.86,-4.46,23250,45,nepse_playwright
2026-04-28,NIBLGF,10.13,9.29,-8.29,2800,16,nepse_playwright
2026-04-28,NIBSF2,10.1,9.5,-5.94,5810,17,nepse_playwright
2026-04-28,KSY,10.84,9.49,-12.45,600,6,nepse_playwright
2026-04-28,NICBF,10.38,9.47,-8.77,5100,2,nepse_playwright
2026-04-28,RMF2,11.26,10.2,-9.41,441003,19,nepse_playwright
2026-04-28,RBBF40,10.27,9.31,-9.35,3900,23,nepse_playwright
2026-04-28,NICGF2,10.47,9.5,-9.26,5821,27,nepse_playwright
2026-04-28,NICSF,9.89,9.16,-7.38,5150,14,nepse_playwright
2026-04-28,NMB50,10.76,10.51,-2.32,1000,1,nepse_playwright
2026-04-28,NMBHF2,10.68,9.62,-9.93,5060,23,nepse_playwright
2026-04-28,NSIF2,12.1,11.03,-8.84,67120,23,nepse_playwright
2026-04-28,PRSF,15.85,12.98,-18.11,476300,45,nepse_playwright
2026-04-28,PSF,14.35,12.17,-15.19,41555,26,nepse_playwright
2026-04-28,RMF1,10.64,9.88,-7.14,19150,26,nepse_playwright
2026-04-28,SLCF,10.65,9.75,-8.45,4850,9,nepse_playwright
2026-04-28,RSY,11.53,9.97,-13.53,2737,21,nepse_playwright
2026-04-28,SAGF,10.99,10.11,-8.01,900,9,nepse_playwright
2026-04-28,SBCF,11.34,9.6,-15.34,9650,16,nepse_playwright
2026-04-28,SEF,10.95,9.77,-10.78,1500,1,nepse_playwright
2026-04-28,SFEF,11.43,10.1,-11.64,1900,8,nepse_playwright
2026-04-28,SFMF,11.3,10.7,-5.31,0,0,nepse_playwright
2026-04-28,SIGS2,11.53,10.5,-8.93,4610,3,nepse_playwright
2026-04-28,SIGS3,12.28,10.77,-12.3,1150,8,nepse_playwright
2026-04-28,NICFC,10.39,9.27,-10.78,2200,22,nepse_playwright
2026-04-29,HLICF,9.32,8.96,-3.86,3800,19,nepse_playwright
2026-04-29,H8020,12.81,11.65,-9.06,11500,21,nepse_playwright
2026-04-29,GIBF1,12.35,10.85,-12.15,11600,13,nepse_playwright
2026-04-29,NIBSF2,10.1,9.5,-5.94,5150,17,nepse_playwright
2026-04-29,CMF2,10.52,9.85,-6.37,12644,3,nepse_playwright
2026-04-29,C30MF,10.99,9.9,-9.92,43200,7,nepse_playwright
2026-04-29,KDBY,13.74,11.38,-17.18,23420,42,nepse_playwright
2026-04-29,GBIMESY2,10.46,9.31,-10.99,2600,15,nepse_playwright
2026-04-29,KEF,12.84,10.64,-17.13,81147,45,nepse_playwright
2026-04-29,NBF3,10.32,9.85,-4.55,14300,20,nepse_playwright
2026-04-29,LUK,11.66,9.84,-15.61,0,0,nepse_playwright
2026-04-29,KSY,10.84,9.59,-11.53,850,4,nepse_playwright
2026-04-29,NBF2,10.47,10.15,-3.06,10100,6,nepse_playwright
2026-04-29,MNMF1,10.97,10.02,-8.66,32100,31,nepse_playwright
2026-04-29,NIBLGF,10.13,9.31,-8.09,3500,13,nepse_playwright
2026-04-29,MBLEF,11.34,9.95,-12.26,1420,11,nepse_playwright
2026-04-29,LVF2,11.41,10.2,-10.6,32050,23,nepse_playwright
2026-04-29,NIBLSTF,10.04,9.05,-9.86,21300,18,nepse_playwright
2026-04-29,GSY,10.89,9.83,-9.73,6360,41,nepse_playwright
2026-04-29,MMF1,9.98,9.6,-3.81,18600,34,nepse_playwright
2026-04-29,NICBF,10.38,9.47,-8.77,10000,5,nepse_playwright
2026-04-29,RMF2,11.26,10.0,-11.19,100,1,nepse_playwright
2026-04-29,SLCF,10.65,9.8,-7.98,19900,16,nepse_playwright
2026-04-29,PSF,14.35,12.2,-14.98,9140,27,nepse_playwright
2026-04-29,PRSF,15.85,13.05,-17.67,1149798,48,nepse_playwright
2026-04-29,NSIF2,12.1,10.99,-9.17,3105,10,nepse_playwright
2026-04-29,NICGF2,10.47,9.78,-6.59,23669,25,nepse_playwright
2026-04-29,NICSF,9.89,9.4,-4.95,1900,7,nepse_playwright
2026-04-29,RBBF40,10.27,9.31,-9.35,2700,20,nepse_playwright
2026-04-29,NMBHF2,10.68,9.59,-10.21,15500,37,nepse_playwright
2026-04-29,RMF1,10.64,9.62,-9.59,7100,10,nepse_playwright
2026-04-29,NMB50,10.76,10.79,0.28,1000,1,nepse_playwright
2026-04-29,RSY,11.53,10.06,-12.75,4400,28,nepse_playwright
2026-04-29,SBCF,11.34,9.54,-15.87,6050,15,nepse_playwright
2026-04-29,SIGS3,12.28,10.5,-14.5,1453,8,nepse_playwright
2026-04-29,SIGS2,11.53,10.2,-11.54,13900,4,nepse_playwright
2026-04-29,SFMF,11.3,10.69,-5.4,5600,4,nepse_playwright
2026-04-29,NICFC,10.39,9.27,-10.78,1700,14,nepse_playwright
2026-04-29,SEF,10.95,9.99,-8.77,26550,16,nepse_playwright
2026-04-29,SAGF,10.99,10.06,-8.46,11500,18,nepse_playwright
2026-04-29,SFEF,11.43,9.99,-12.6,90350,18,nepse_playwright
2026-04-30,KSY,10.84,9.51,-12.27,1750,10,nepse_playwright
2026-04-30,GBIMESY2,10.46,9.2,-12.05,7790,12,nepse_playwright
2026-04-30,GIBF1,12.35,11.0,-10.93,2500,18,nepse_playwright
2026-04-30,GSY,10.89,9.78,-10.19,4110,32,nepse_playwright
2026-04-30,H8020,12.81,11.51,-10.15,7127,21,nepse_playwright
2026-04-30,HLICF,9.32,8.93,-4.18,6000,23,nepse_playwright
2026-04-30,KDBY,13.74,11.7,-14.85,22140,77,nepse_playwright
2026-04-30,KEF,12.84,10.57,-17.68,46400,29,nepse_playwright
2026-04-30,NICBF,10.38,9.5,-8.48,3890,5,nepse_playwright
2026-04-30,CMF2,10.52,9.85,-6.37,0,0,nepse_playwright
2026-04-30,NIBLSTF,10.04,9.0,-10.36,41095,25,nepse_playwright
2026-04-30,NIBLGF,10.13,9.65,-4.74,7200,6,nepse_playwright
2026-04-30,NBF3,10.32,9.78,-5.23,18650,18,nepse_playwright
2026-04-30,LUK,11.66,9.94,-14.75,4500,9,nepse_playwright
2026-04-30,MNMF1,10.97,9.85,-10.21,6260,22,nepse_playwright
2026-04-30,MMF1,9.98,9.56,-4.21,11300,33,nepse_playwright
2026-04-30,MBLEF,11.34,10.0,-11.82,3600,15,nepse_playwright
2026-04-30,NBF2,10.47,10.0,-4.49,1700,6,nepse_playwright
2026-04-30,LVF2,11.41,10.2,-10.6,2970,13,nepse_playwright
2026-04-30,NIBSF2,10.1,9.27,-8.22,13409,14,nepse_playwright
2026-04-30,RMF1,10.64,9.76,-8.27,24335,16,nepse_playwright
2026-04-30,NICFC,10.39,9.18,-11.65,7550,20,nepse_playwright
2026-04-30,NICSF,9.89,9.38,-5.16,7850,20,nepse_playwright
2026-04-30,NMB50,10.76,10.5,-2.42,15000,1,nepse_playwright
2026-04-30,NMBHF2,10.68,9.47,-11.33,5065,24,nepse_playwright
2026-04-30,NSIF2,12.1,10.81,-10.66,34255,12,nepse_playwright
2026-04-30,PRSF,15.85,12.98,-18.11,20500,19,nepse_playwright
2026-04-30,PSF,14.35,12.3,-14.29,19200,31,nepse_playwright
2026-04-30,RBBF40,10.27,9.21,-10.32,3076,20,nepse_playwright
2026-04-30,RMF2,11.26,10.1,-10.3,1200,7,nepse_playwright
2026-04-30,NICGF2,10.47,9.31,-11.08,400,3,nepse_playwright
2026-04-30,C30MF,10.99,10.07,-8.37,30320,11,nepse_playwright
2026-04-30,SBCF,11.34,9.52,-16.05,2600,4,nepse_playwright
2026-04-30,RSY,11.53,10.3,-10.67,2800,18,nepse_playwright
2026-04-30,SLCF,10.65,9.7,-8.92,4750,11,nepse_playwright
2026-04-30,SIGS3,12.28,10.71,-12.79,900,8,nepse_playwright
2026-04-30,SAGF,10.99,10.1,-8.1,22320,15,nepse_playwright
2026-04-30,SFMF,11.3,10.38,-8.14,6600,2,nepse_playwright
2026-04-30,SFEF,11.43,9.99,-12.6,1800,6,nepse_playwright
2026-04-30,SEF,10.95,9.82,-10.32,23799,8,nepse_playwright
2026-04-30,SIGS2,11.53,9.99,-13.36,9515,6,nepse_playwright
2026-05-04,KEF,12.84,10.57,-17.68,112920,43,nepse_playwright
2026-05-04,NIBSF2,10.1,9.12,-9.7,3050,10,nepse_playwright
2026-05-04,CMF2,10.52,9.8,-6.84,1000,1,nepse_playwright
2026-05-04,GBIMESY2,10.46,9.15,-12.52,13110,14,nepse_playwright
2026-05-04,GSY,10.89,9.6,-11.85,3120,29,nepse_playwright
2026-05-04,H8020,12.81,11.63,-9.21,21150,21,nepse_playwright
2026-05-04,HLICF,9.32,9.03,-3.11,9770,18,nepse_playwright
2026-05-04,KDBY,13.74,11.39,-17.1,70150,43,nepse_playwright
2026-05-04,C30MF,10.99,10.0,-9.01,1608,4,nepse_playwright
2026-05-04,NBF2,10.47,9.86,-5.83,1900,9,nepse_playwright
2026-05-04,KSY,10.84,9.51,-12.27,600,6,nepse_playwright
2026-05-04,NBF3,10.32,9.88,-4.26,36559,38,nepse_playwright
2026-05-04,NIBLSTF,10.04,9.0,-10.36,152373,56,nepse_playwright
2026-05-04,NIBLGF,10.13,9.22,-8.98,2200,9,nepse_playwright
2026-05-04,MMF1,9.98,9.56,-4.21,26750,47,nepse_playwright
2026-05-04,MBLEF,11.34,9.88,-12.87,2800,17,nepse_playwright
2026-05-04,LVF2,11.41,10.19,-10.69,2800,11,nepse_playwright
2026-05-04,MNMF1,10.97,9.71,-11.49,10300,25,nepse_playwright
2026-05-04,LUK,11.66,9.95,-14.67,1400,4,nepse_playwright
2026-05-04,NMBHF2,10.68,9.27,-13.2,55200,34,nepse_playwright
2026-05-04,GIBF1,12.35,10.62,-14.01,2900,14,nepse_playwright
2026-05-04,RSY,11.53,10.0,-13.27,7700,14,nepse_playwright
2026-05-04,NICBF,10.38,9.31,-10.31,6844,8,nepse_playwright
2026-05-04,NICGF2,10.47,9.57,-8.6,16175,12,nepse_playwright
2026-05-04,NICSF,9.89,9.25,-6.47,54830,39,nepse_playwright
2026-05-04,NMB50,10.76,10.31,-4.18,1600,5,nepse_playwright
2026-05-04,NSIF2,12.1,10.55,-12.81,2600,9,nepse_playwright
2026-05-04,PRSF,15.85,12.95,-18.3,16100,15,nepse_playwright
2026-05-04,PSF,14.35,12.15,-15.33,5140,14,nepse_playwright
2026-05-04,RBBF40,10.27,9.4,-8.47,1800,14,nepse_playwright
2026-05-04,RMF2,11.26,10.01,-11.1,2750,5,nepse_playwright
2026-05-04,RMF1,10.64,10.0,-6.02,5199,16,nepse_playwright
2026-05-04,SAGF,10.99,10.11,-8.01,15200,8,nepse_playwright
2026-05-04,SEF,10.95,9.82,-10.32,0,0,nepse_playwright
2026-05-04,SIGS3,12.28,10.54,-14.17,1200,8,nepse_playwright
2026-05-04,SIGS2,11.53,10.16,-11.88,16410,4,nepse_playwright
2026-05-04,SLCF,10.65,9.72,-8.73,3750,17,nepse_playwright
2026-05-04,SFEF,11.43,9.77,-14.52,1200,3,nepse_playwright
2026-05-04,NICFC,10.39,9.15,-11.93,9200,24,nepse_playwright
2026-05-04,SBCF,11.34,9.44,-16.75,2900,10,nepse_playwright
2026-05-04,SFMF,11.3,10.51,-6.99,4700,5,nepse_playwright
2026-05-05,CMF2,10.52,9.8,-6.84,0,0,nepse_playwright
2026-05-05,KSY,10.84,9.31,-14.11,1050,7,nepse_playwright
2026-05-05,GBIMESY2,10.46,9.41,-10.04,1000,10,nepse_playwright
2026-05-05,GIBF1,12.35,10.5,-14.98,3050,20,nepse_playwright
2026-05-05,H8020,12.81,11.34,-11.48,8650,23,nepse_playwright
2026-05-05,HLICF,9.32,9.1,-2.36,1000,10,nepse_playwright
2026-05-05,KDBY,13.74,11.45,-16.67,4800,36,nepse_playwright
2026-05-05,KEF,12.84,10.58,-17.6,16550,21,nepse_playwright
2026-05-05,C30MF,10.99,9.87,-10.19,500,4,nepse_playwright
2026-05-05,NBF3,10.32,9.93,-3.78,6550,22,nepse_playwright
2026-05-05,LUK,11.66,9.95,-14.67,2400,3,nepse_playwright
2026-05-05,NIBLGF,10.13,9.5,-6.22,5300,15,nepse_playwright
2026-05-05,NBF2,10.47,10.0,-4.49,20770,4,nepse_playwright
2026-05-05,NIBSF2,10.1,9.15,-9.41,2780,12,nepse_playwright
2026-05-05,MNMF1,10.97,9.7,-11.58,2320,19,nepse_playwright
2026-05-05,MMF1,9.98,9.4,-5.81,6020,29,nepse_playwright
2026-05-05,MBLEF,11.34,9.97,-12.08,16270,17,nepse_playwright
2026-05-05,NIBLSTF,10.04,9.07,-9.66,24250,23,nepse_playwright
2026-05-05,LVF2,11.41,9.95,-12.8,1000,9,nepse_playwright
2026-05-05,NMBHF2,10.68,9.4,-11.99,1720,12,nepse_playwright
2026-05-05,GSY,10.89,9.65,-11.39,6900,21,nepse_playwright
2026-05-05,RSY,11.53,10.1,-12.4,56000,12,nepse_playwright
2026-05-05,RMF1,10.64,9.73,-8.55,1200,6,nepse_playwright
2026-05-05,NICSF,9.89,9.28,-6.17,6400,14,nepse_playwright
2026-05-05,NMB50,10.76,10.3,-4.28,7700,8,nepse_playwright
2026-05-05,NSIF2,12.1,10.5,-13.22,5700,4,nepse_playwright
2026-05-05,PRSF,15.85,12.97,-18.17,600,6,nepse_playwright
2026-05-05,PSF,14.35,11.93,-16.86,12900,13,nepse_playwright
2026-05-05,RBBF40,10.27,9.5,-7.5,3000,19,nepse_playwright
2026-05-05,RMF2,11.26,10.1,-10.3,1200,5,nepse_playwright
2026-05-05,SEF,10.95,9.9,-9.59,14200,14,nepse_playwright
2026-05-05,NICGF2,10.47,9.3,-11.17,400,4,nepse_playwright
2026-05-05,SBCF,11.34,9.75,-14.02,10150,19,nepse_playwright
2026-05-05,SAGF,10.99,10.15,-7.64,9610,11,nepse_playwright
2026-05-05,NICFC,10.39,9.25,-10.97,1600,13,nepse_playwright
2026-05-05,SLCF,10.65,9.75,-8.45,6000,17,nepse_playwright
2026-05-05,SIGS3,12.28,10.42,-15.15,25500,11,nepse_playwright
2026-05-05,NICBF,10.38,9.74,-6.17,1810,5,nepse_playwright
2026-05-05,SIGS2,11.53,10.2,-11.54,799,3,nepse_playwright
2026-05-05,SFMF,11.3,10.4,-7.96,500,2,nepse_playwright
2026-05-05,SFEF,11.43,10.0,-12.51,1500,6,nepse_playwright
2026-05-06,NICBF,10.38,9.33,-10.12,400,3,nepse_playwright
2026-05-06,C30MF,10.99,9.9,-9.92,200,2,nepse_playwright
2026-05-06,CMF2,10.52,9.8,-6.84,4825,4,nepse_playwright
2026-05-06,GBIMESY2,10.46,9.5,-9.18,1800,12,nepse_playwright
2026-05-06,GIBF1,12.35,10.56,-14.49,3150,11,nepse_playwright
2026-05-06,GSY,10.89,9.7,-10.93,28345,39,nepse_playwright
2026-05-06,HLICF,9.32,9.2,-1.29,2245,17,nepse_playwright
2026-05-06,KDBY,13.74,11.41,-16.96,4550,26,nepse_playwright
2026-05-06,KEF,12.84,10.6,-17.45,15100,24,nepse_playwright
2026-05-06,H8020,12.81,11.26,-12.1,2600,15,nepse_playwright
2026-05-06,LUK,11.66,10.0,-14.24,3500,8,nepse_playwright
2026-05-06,KSY,10.84,9.5,-12.36,1100,7,nepse_playwright
2026-05-06,NBF2,10.47,9.88,-5.64,10700,8,nepse_playwright
2026-05-06,MNMF1,10.97,9.81,-10.57,3600,20,nepse_playwright
2026-05-06,NIBLGF,10.13,9.5,-6.22,11300,15,nepse_playwright
2026-05-06,MBLEF,11.34,10.1,-10.93,2200,17,nepse_playwright
2026-05-06,LVF2,11.41,9.71,-14.9,1000,9,nepse_playwright
2026-05-06,NIBLSTF,10.04,9.37,-6.67,37121,19,nepse_playwright
2026-05-06,MMF1,9.98,9.51,-4.71,12563,32,nepse_playwright
2026-05-06,NBF3,10.32,9.82,-4.84,35280,53,nepse_playwright
2026-05-06,SBCF,11.34,9.75,-14.02,1450,6,nepse_playwright
2026-05-06,SLCF,10.65,9.88,-7.23,4210,10,nepse_playwright
2026-05-06,NIBSF2,10.1,9.3,-7.92,9810,9,nepse_playwright
2026-05-06,NICGF2,10.47,9.78,-6.59,2900,23,nepse_playwright
2026-05-06,NICSF,9.89,9.45,-4.45,27518,23,nepse_playwright
2026-05-06,NMB50,10.76,10.31,-4.18,900,4,nepse_playwright
2026-05-06,NMBHF2,10.68,9.36,-12.36,3100,28,nepse_playwright
2026-05-06,NSIF2,12.1,10.99,-9.17,25750,23,nepse_playwright
2026-05-06,PSF,14.35,12.28,-14.43,6700,14,nepse_playwright
2026-05-06,RBBF40,10.27,9.77,-4.87,29250,25,nepse_playwright
2026-05-06,RMF1,10.64,9.88,-7.14,7115,10,nepse_playwright
2026-05-06,PRSF,15.85,12.9,-18.61,41400,10,nepse_playwright
2026-05-06,RSY,11.53,10.19,-11.62,28069,15,nepse_playwright
2026-05-06,RMF2,11.26,10.2,-9.41,550,4,nepse_playwright
2026-05-06,SIGS3,12.28,10.9,-11.24,25723,10,nepse_playwright
2026-05-06,SIGS2,11.53,10.35,-10.23,7410,8,nepse_playwright
2026-05-06,SFMF,11.3,10.4,-7.96,15900,3,nepse_playwright
2026-05-06,NICFC,10.39,9.4,-9.53,1450,12,nepse_playwright
2026-05-06,SEF,10.95,10.0,-8.68,5175,6,nepse_playwright
2026-05-06,SAGF,10.99,10.0,-9.01,8550,11,nepse_playwright
2026-05-06,SFEF,11.43,9.85,-13.82,51600,9,nepse_playwright
2026-05-07,KEF,12.84,10.64,-17.13,2600,7,nepse_playwright
2026-05-07,GBIMESY2,10.46,9.55,-8.7,5820,18,nepse_playwright
2026-05-07,GIBF1,12.35,10.55,-14.57,2650,16,nepse_playwright
2026-05-07,MNMF1,10.97,9.72,-11.39,1500,14,nepse_playwright
2026-05-07,H8020,12.81,11.64,-9.13,1415,7,nepse_playwright
2026-05-07,HLICF,9.32,9.2,-1.29,7680,10,nepse_playwright
2026-05-07,KDBY,13.74,11.26,-18.05,8703,39,nepse_playwright
2026-05-07,NIBSF2,10.1,9.15,-9.41,10900,8,nepse_playwright
2026-05-07,CMF2,10.52,9.8,-6.84,0,0,nepse_playwright
2026-05-07,KSY,10.84,9.5,-12.36,200,2,nepse_playwright
2026-05-07,NIBLGF,10.13,9.52,-6.02,3700,8,nepse_playwright
2026-05-07,NBF3,10.32,9.81,-4.94,14500,34,nepse_playwright
2026-05-07,NBF2,10.47,10.0,-4.49,10340,6,nepse_playwright
2026-05-07,NIBLSTF,10.04,9.39,-6.47,4100,13,nepse_playwright
2026-05-07,MMF1,9.98,9.63,-3.51,16420,38,nepse_playwright
2026-05-07,MBLEF,11.34,10.03,-11.55,20100,19,nepse_playwright
2026-05-07,LVF2,11.41,9.54,-16.39,900,9,nepse_playwright
2026-05-07,LUK,11.66,10.1,-13.38,3800,9,nepse_playwright
2026-05-07,C30MF,10.99,9.77,-11.1,400,4,nepse_playwright
2026-05-07,GSY,10.89,9.7,-10.93,5294,15,nepse_playwright
2026-05-07,NICBF,10.38,9.41,-9.34,300,2,nepse_playwright
2026-05-07,RBBF40,10.27,9.55,-7.01,900,9,nepse_playwright
2026-05-07,NICSF,9.89,9.6,-2.93,200,2,nepse_playwright
2026-05-07,NMB50,10.76,10.32,-4.09,600,2,nepse_playwright
2026-05-07,SLCF,10.65,9.62,-9.67,1700,5,nepse_playwright
2026-05-07,NSIF2,12.1,10.71,-11.49,2100,8,nepse_playwright
2026-05-07,PRSF,15.85,12.94,-18.36,80979,24,nepse_playwright
2026-05-07,PSF,14.35,12.01,-16.31,5950,15,nepse_playwright
2026-05-07,RMF1,10.64,9.8,-7.89,2400,6,nepse_playwright
2026-05-07,NICGF2,10.47,9.53,-8.98,3282,14,nepse_playwright
2026-05-07,NMBHF2,10.68,9.52,-10.86,4420,21,nepse_playwright
2026-05-07,SAGF,10.99,10.1,-8.1,2200,10,nepse_playwright
2026-05-07,RSY,11.53,10.13,-12.14,11600,22,nepse_playwright
2026-05-07,RMF2,11.26,10.2,-9.41,2200,4,nepse_playwright
2026-05-07,SIGS3,12.28,10.62,-13.52,300,3,nepse_playwright
2026-05-07,SIGS2,11.53,10.34,-10.32,47350,5,nepse_playwright
2026-05-07,NICFC,10.39,9.27,-10.78,5895,22,nepse_playwright
2026-05-07,SFEF,11.43,9.99,-12.6,55300,5,nepse_playwright
2026-05-07,SEF,10.95,9.9,-9.59,4000,4,nepse_playwright
2026-05-07,SBCF,11.34,9.8,-13.58,17010,15,nepse_playwright
2026-05-07,SFMF,11.3,10.31,-8.76,2500,1,nepse_playwright
2026-05-08,KEF,12.84,10.52,-18.07,54200,18,nepse_playwright
2026-05-08,C30MF,10.99,10.06,-8.46,1000,2,nepse_playwright
2026-05-08,CMF2,10.52,10.0,-4.94,300,1,nepse_playwright
2026-05-08,GIBF1,12.35,10.8,-12.55,1900,14,nepse_playwright
2026-05-08,H8020,12.81,11.37,-11.24,401,4,nepse_playwright
2026-05-08,HLICF,9.32,9.2,-1.29,2200,14,nepse_playwright
2026-05-08,KDBY,13.74,11.26,-18.05,11200,53,nepse_playwright
2026-05-08,KSY,10.84,9.3,-14.21,500,5,nepse_playwright
2026-05-08,MNMF1,10.97,9.73,-11.3,3040,11,nepse_playwright
2026-05-08,LVF2,11.41,9.51,-16.65,310,3,nepse_playwright
2026-05-08,MBLEF,11.34,10.13,-10.67,12350,27,nepse_playwright
2026-05-08,MMF1,9.98,9.5,-4.81,42403,47,nepse_playwright
2026-05-08,NIBSF2,10.1,9.22,-8.71,28360,12,nepse_playwright
2026-05-08,NBF2,10.47,10.18,-2.77,12220,11,nepse_playwright
2026-05-08,NBF3,10.32,9.88,-4.26,15120,17,nepse_playwright
2026-05-08,NIBLGF,10.13,9.57,-5.53,3000,10,nepse_playwright
2026-05-08,NIBLSTF,10.04,9.49,-5.48,13900,19,nepse_playwright
2026-05-08,LUK,11.66,10.0,-14.24,2756,8,nepse_playwright
2026-05-08,NICBF,10.38,9.95,-4.14,2300,3,nepse_playwright
2026-05-08,NSIF2,12.1,10.98,-9.26,25935,11,nepse_playwright
2026-05-08,GSY,10.89,9.72,-10.74,3840,21,nepse_playwright
2026-05-08,RSY,11.53,10.13,-12.14,12100,21,nepse_playwright
2026-05-08,RMF1,10.64,10.11,-4.98,67050,24,nepse_playwright
2026-05-08,NICSF,9.89,9.7,-1.92,14850,19,nepse_playwright
2026-05-08,NMB50,10.76,10.79,0.28,5410,7,nepse_playwright
2026-05-08,NMBHF2,10.68,9.6,-10.11,153316,41,nepse_playwright
2026-05-08,PRSF,15.85,12.97,-18.17,115400,20,nepse_playwright
2026-05-08,PSF,14.35,12.35,-13.94,23940,25,nepse_playwright
2026-05-08,RBBF40,10.27,9.33,-9.15,1000,10,nepse_playwright
2026-05-08,RMF2,11.26,10.2,-9.41,0,0,nepse_playwright
2026-05-08,SFEF,11.43,10.0,-12.51,25900,7,nepse_playwright
2026-05-08,NICFC,10.39,9.4,-9.53,1400,12,nepse_playwright
2026-05-08,SBCF,11.34,9.8,-13.58,3365,10,nepse_playwright
2026-05-08,SEF,10.95,9.9,-9.59,1500,4,nepse_playwright
2026-05-08,NICGF2,10.47,9.52,-9.07,42758,27,nepse_playwright
2026-05-08,SFMF,11.3,10.4,-7.96,14300,5,nepse_playwright
2026-05-08,SIGS2,11.53,10.61,-7.98,940,1,nepse_playwright
2026-05-08,SIGS3,12.28,10.42,-15.15,1600,5,nepse_playwright
2026-05-08,SLCF,10.65,9.9,-7.04,43500,12,nepse_playwright
2026-05-08,GBIMESY2,10.46,9.3,-11.09,15580,14,nepse_playwright
2026-05-08,SAGF,10.99,10.15,-7.64,39500,14,nepse_playwright
2026-05-11,HLICF,9.32,9.1,-2.36,17030,14,nepse_playwright
2026-05-11,H8020,12.81,11.71,-8.59,3400,18,nepse_playwright
2026-05-11,GSY,10.89,9.7,-10.93,16600,20,nepse_playwright
2026-05-11,C30MF,10.99,10.0,-9.01,800,3,nepse_playwright
2026-05-11,GBIMESY2,10.46,9.4,-10.13,2200,11,nepse_playwright
2026-05-11,CMF2,10.52,10.0,-4.94,3835,10,nepse_playwright
2026-05-11,KDBY,13.74,12.54,-8.73,24500,58,nepse_playwright
2026-05-11,GIBF1,12.35,10.8,-12.55,1400,9,nepse_playwright
2026-05-11,KEF,12.84,10.68,-16.82,18285,23,nepse_playwright
2026-05-11,MBLEF,11.34,10.02,-11.64,23400,31,nepse_playwright
2026-05-11,LUK,11.66,9.95,-14.67,2750,6,nepse_playwright
2026-05-11,LVF2,11.41,9.4,-17.62,10910,15,nepse_playwright
2026-05-11,MMF1,9.98,9.51,-4.71,18635,37,nepse_playwright
2026-05-11,MNMF1,10.97,9.9,-9.75,41050,34,nepse_playwright
2026-05-11,NBF2,10.47,10.0,-4.49,300,2,nepse_playwright
2026-05-11,NBF3,10.32,9.93,-3.78,38958,30,nepse_playwright
2026-05-11,NIBLGF,10.13,9.5,-6.22,200,1,nepse_playwright
2026-05-11,NIBLSTF,10.04,9.6,-4.38,6800,14,nepse_playwright
2026-05-11,NICBF,10.38,9.95,-4.14,0,0,nepse_playwright
2026-05-11,KSY,10.84,9.74,-10.15,3640,13,nepse_playwright
2026-05-11,SLCF,10.65,9.95,-6.57,8900,13,nepse_playwright
2026-05-11,RMF2,11.26,10.2,-9.41,600,5,nepse_playwright
2026-05-11,PSF,14.35,12.51,-12.82,11400,38,nepse_playwright
2026-05-11,PRSF,15.85,13.14,-17.1,150400,18,nepse_playwright
2026-05-11,NSIF2,12.1,10.9,-9.92,1650,8,nepse_playwright
2026-05-11,NICGF2,10.47,9.4,-10.22,3982,22,nepse_playwright
2026-05-11,NMB50,10.76,10.5,-2.42,19300,10,nepse_playwright
2026-05-11,NICSF,9.89,9.6,-2.93,2900,18,nepse_playwright
2026-05-11,RBBF40,10.27,9.6,-6.52,6900,19,nepse_playwright
2026-05-11,NMBHF2,10.68,9.88,-7.49,20150,29,nepse_playwright
2026-05-11,RMF1,10.64,10.0,-6.02,7782,9,nepse_playwright
2026-05-11,NIBSF2,10.1,9.16,-9.31,2700,12,nepse_playwright
2026-05-11,RSY,11.53,10.13,-12.14,105400,29,nepse_playwright
2026-05-11,SAGF,10.99,10.2,-7.19,4700,7,nepse_playwright
2026-05-11,SEF,10.95,10.14,-7.4,26700,9,nepse_playwright
2026-05-11,SFEF,11.43,10.2,-10.76,36100,13,nepse_playwright
2026-05-11,SFMF,11.3,10.4,-7.96,15435,5,nepse_playwright
2026-05-11,SIGS2,11.53,10.35,-10.23,500,1,nepse_playwright
2026-05-11,SIGS3,12.28,10.53,-14.25,2100,7,nepse_playwright
2026-05-11,NICFC,10.39,9.57,-7.89,5250,23,nepse_playwright
2026-05-11,SBCF,11.34,9.71,-14.37,3600,8,nepse_playwright
2026-05-12,HLICF,9.32,9.3,-0.21,2500,15,nepse_playwright
2026-05-12,H8020,12.81,11.57,-9.68,1000,10,nepse_playwright
2026-05-12,GIBF1,12.35,10.69,-13.44,1600,7,nepse_playwright
2026-05-12,NIBSF2,10.1,9.48,-6.14,2600,11,nepse_playwright
2026-05-12,CMF2,10.52,10.01,-4.85,7640,3,nepse_playwright
2026-05-12,C30MF,10.99,10.02,-8.83,7758,8,nepse_playwright
2026-05-12,KDBY,13.74,11.5,-16.3,9193,33,nepse_playwright
2026-05-12,GBIMESY2,10.46,9.49,-9.27,1800,9,nepse_playwright
2026-05-12,KEF,12.84,10.7,-16.67,11500,22,nepse_playwright
2026-05-12,NBF3,10.32,9.92,-3.88,39421,35,nepse_playwright
2026-05-12,LUK,11.66,10.19,-12.61,13000,17,nepse_playwright
2026-05-12,KSY,10.84,9.74,-10.15,11017,7,nepse_playwright
2026-05-12,NBF2,10.47,10.0,-4.49,1600,3,nepse_playwright
2026-05-12,MNMF1,10.97,9.84,-10.3,4400,14,nepse_playwright
2026-05-12,NIBLGF,10.13,9.5,-6.22,700,3,nepse_playwright
2026-05-12,MBLEF,11.34,10.1,-10.93,2600,19,nepse_playwright
2026-05-12,LVF2,11.41,9.61,-15.78,23720,12,nepse_playwright
2026-05-12,NIBLSTF,10.04,9.29,-7.47,2900,9,nepse_playwright
2026-05-12,GSY,10.89,9.83,-9.73,7300,56,nepse_playwright
2026-05-12,MMF1,9.98,9.59,-3.91,7500,38,nepse_playwright
2026-05-12,NICBF,10.38,9.66,-6.94,500,2,nepse_playwright
2026-05-12,RMF2,11.26,10.15,-9.86,600,4,nepse_playwright
2026-05-12,SLCF,10.65,10.0,-6.1,8200,19,nepse_playwright
2026-05-12,PSF,14.35,12.03,-16.17,49100,24,nepse_playwright
2026-05-12,PRSF,15.85,13.1,-17.35,71800,8,nepse_playwright
2026-05-12,NSIF2,12.1,10.7,-11.57,300,3,nepse_playwright
2026-05-12,NICGF2,10.47,9.3,-11.17,1800,9,nepse_playwright
2026-05-12,NICSF,9.89,9.58,-3.13,1500,8,nepse_playwright
2026-05-12,RBBF40,10.27,9.88,-3.8,2100,16,nepse_playwright
2026-05-12,NMBHF2,10.68,9.63,-9.83,33600,25,nepse_playwright
2026-05-12,RMF1,10.64,10.09,-5.17,4750,15,nepse_playwright
2026-05-12,NMB50,10.76,10.53,-2.14,80101,22,nepse_playwright
2026-05-12,RSY,11.53,10.15,-11.97,14820,43,nepse_playwright
2026-05-12,SBCF,11.34,9.99,-11.9,26400,18,nepse_playwright
2026-05-12,SIGS3,12.28,10.65,-13.27,1800,7,nepse_playwright
2026-05-12,SIGS2,11.53,10.39,-9.89,4900,7,nepse_playwright
2026-05-12,SFMF,11.3,10.55,-6.64,9780,6,nepse_playwright
2026-05-12,NICFC,10.39,9.4,-9.53,1910,11,nepse_playwright
2026-05-12,SEF,10.95,10.05,-8.22,30540,11,nepse_playwright
2026-05-12,SAGF,10.99,10.21,-7.1,1600,6,nepse_playwright
2026-05-12,SFEF,11.43,10.07,-11.9,60490,7,nepse_playwright
2026-05-13,KDBY,13.74,11.5,-16.3,4800,25,nepse_playwright
2026-05-13,C30MF,10.99,10.1,-8.1,4692,7,nepse_playwright
2026-05-13,CMF2,10.52,10.1,-3.99,9660,5,nepse_playwright
2026-05-13,GBIMESY2,10.46,9.5,-9.18,1600,10,nepse_playwright
2026-05-13,GIBF1,12.35,10.67,-13.6,885,8,nepse_playwright
2026-05-13,GSY,10.89,9.83,-9.73,25500,29,nepse_playwright
2026-05-13,H8020,12.81,11.58,-9.6,3800,13,nepse_playwright
2026-05-13,HLICF,9.32,9.12,-2.15,2330,11,nepse_playwright
2026-05-13,KEF,12.84,10.84,-15.58,3100,6,nepse_playwright
2026-05-13,MNMF1,10.97,9.82,-10.48,5330,18,nepse_playwright
2026-05-13,LUK,11.66,10.19,-12.61,1300,9,nepse_playwright
2026-05-13,NIBLGF,10.13,9.6,-5.23,600,6,nepse_playwright
2026-05-13,NBF3,10.32,9.89,-4.17,24815,24,nepse_playwright
2026-05-13,NBF2,10.47,10.0,-4.49,4931,4,nepse_playwright
2026-05-13,KSY,10.84,9.75,-10.06,1400,8,nepse_playwright
2026-05-13,MMF1,9.98,9.5,-4.81,7401,31,nepse_playwright
2026-05-13,MBLEF,11.34,10.19,-10.14,3400,12,nepse_playwright
2026-05-13,LVF2,11.41,9.62,-15.69,800,8,nepse_playwright
2026-05-13,NIBSF2,10.1,9.47,-6.24,2200,9,nepse_playwright
2026-05-13,NIBLSTF,10.04,9.1,-9.36,2013,13,nepse_playwright
2026-05-13,NICBF,10.38,9.85,-5.11,4100,3,nepse_playwright
2026-05-13,RMF2,11.26,10.11,-10.21,400,4,nepse_playwright
2026-05-13,RBBF40,10.27,9.51,-7.4,7100,18,nepse_playwright
2026-05-13,NICGF2,10.47,9.68,-7.55,3600,20,nepse_playwright
2026-05-13,NICSF,9.89,9.24,-6.57,4400,17,nepse_playwright
2026-05-13,NMB50,10.76,10.53,-2.14,0,0,nepse_playwright
2026-05-13,NMBHF2,10.68,9.51,-10.96,10020,32,nepse_playwright
2026-05-13,NSIF2,12.1,10.7,-11.57,3100,14,nepse_playwright
2026-05-13,PRSF,15.85,12.9,-18.61,36562,8,nepse_playwright
2026-05-13,PSF,14.35,11.98,-16.52,3170,13,nepse_playwright
2026-05-13,RMF1,10.64,9.81,-7.8,1810,4,nepse_playwright
2026-05-13,NICFC,10.39,9.38,-9.72,2000,18,nepse_playwright
2026-05-13,RSY,11.53,10.14,-12.06,1500,13,nepse_playwright
2026-05-13,SIGS3,12.28,10.62,-13.52,1000,8,nepse_playwright
2026-05-13,SIGS2,11.53,10.39,-9.89,725,4,nepse_playwright
2026-05-13,SFMF,11.3,10.5,-7.08,100,1,nepse_playwright
2026-05-13,SLCF,10.65,9.99,-6.2,1364,5,nepse_playwright
2026-05-13,SEF,10.95,10.0,-8.68,9060,8,nepse_playwright
2026-05-13,SBCF,11.34,10.04,-11.46,5400,6,nepse_playwright
2026-05-13,SAGF,10.99,10.51,-4.37,2800,7,nepse_playwright
2026-05-13,SFEF,11.43,9.91,-13.3,700,3,nepse_playwright
2026-05-14,KEF,12.84,10.65,-17.06,6100,16,nepse_playwright
2026-05-14,NIBSF2,10.1,9.3,-7.92,4629,6,nepse_playwright
2026-05-14,CMF2,10.52,10.1,-3.99,12100,4,nepse_playwright
2026-05-14,GBIMESY2,10.46,9.66,-7.65,13600,23,nepse_playwright
2026-05-14,GSY,10.89,9.87,-9.37,21950,32,nepse_playwright
2026-05-14,H8020,12.81,11.9,-7.1,2600,14,nepse_playwright
2026-05-14,HLICF,9.32,9.27,-0.54,262500,28,nepse_playwright
2026-05-14,KDBY,13.74,11.4,-17.03,50880,27,nepse_playwright
2026-05-14,C30MF,10.99,9.87,-10.19,2570,5,nepse_playwright
2026-05-14,NBF2,10.47,10.0,-4.49,100,1,nepse_playwright
2026-05-14,KSY,10.54,9.41,-10.72,57600,19,nepse_playwright
2026-05-14,NBF3,10.32,9.95,-3.59,17300,23,nepse_playwright
2026-05-14,NIBLSTF,10.04,9.43,-6.08,2820,19,nepse_playwright
2026-05-14,NIBLGF,10.13,9.35,-7.7,4300,11,nepse_playwright
2026-05-14,MMF1,9.98,9.4,-5.81,2900,19,nepse_playwright
2026-05-14,MBLEF,11.34,10.1,-10.93,642550,26,nepse_playwright
2026-05-14,LVF2,11.41,9.66,-15.34,1400,10,nepse_playwright
2026-05-14,MNMF1,10.97,9.92,-9.57,3650,17,nepse_playwright
2026-05-14,LUK,11.66,9.96,-14.58,11750,8,nepse_playwright
2026-05-14,NMBHF2,10.57,9.78,-7.47,20100,22,nepse_playwright
2026-05-14,GIBF1,12.35,10.65,-13.77,8280,14,nepse_playwright
2026-05-14,RSY,11.53,10.36,-10.15,19400,17,nepse_playwright
2026-05-14,NICBF,10.23,9.83,-3.91,750,2,nepse_playwright
2026-05-14,NICGF2,10.26,9.5,-7.41,3800,9,nepse_playwright
2026-05-14,NICSF,9.89,9.25,-6.47,29101,19,nepse_playwright
2026-05-14,NMB50,10.54,10.5,-0.38,6200,5,nepse_playwright
2026-05-14,NSIF2,11.85,10.7,-9.7,1600,8,nepse_playwright
2026-05-14,PRSF,14.84,12.89,-13.14,365650,37,nepse_playwright
2026-05-14,PSF,13.69,12.12,-11.47,1400,8,nepse_playwright
2026-05-14,RBBF40,10.27,9.41,-8.37,16500,14,nepse_playwright
2026-05-14,RMF2,11.26,10.2,-9.41,770,5,nepse_playwright
2026-05-14,RMF1,10.64,10.0,-6.02,22682,17,nepse_playwright
2026-05-14,SAGF,10.77,10.21,-5.2,3500,6,nepse_playwright
2026-05-14,SEF,10.95,9.9,-9.59,6111,10,nepse_playwright
2026-05-14,SIGS3,12.28,10.63,-13.44,2300,6,nepse_playwright
2026-05-14,SIGS2,11.53,10.39,-9.89,0,0,nepse_playwright
2026-05-14,SLCF,10.65,9.92,-6.85,1150,5,nepse_playwright
2026-05-14,SFEF,11.43,10.14,-11.29,49200,17,nepse_playwright
2026-05-14,NICFC,10.21,9.34,-8.52,12400,24,nepse_playwright
2026-05-14,SBCF,11.34,9.79,-13.67,300,3,nepse_playwright
2026-05-14,SFMF,11.3,10.36,-8.32,3800,4,nepse_playwright
2026-05-15,GBIMESY2,10.23,9.63,-5.87,2500,13,nepse_playwright
2026-05-15,KEF,12.01,10.62,-11.57,17400,23,nepse_playwright
2026-05-15,GIBF1,11.99,10.66,-11.09,1700,13,nepse_playwright
2026-05-15,KSY,10.54,9.4,-10.82,890,8,nepse_playwright
2026-05-15,H8020,12.63,11.66,-7.68,13035,8,nepse_playwright
2026-05-15,HLICF,8.86,9.0,1.58,1100,8,nepse_playwright
2026-05-15,KDBY,12.87,11.4,-11.42,54530,24,nepse_playwright
2026-05-15,NIBSF2,9.87,9.2,-6.79,2200,11,nepse_playwright
2026-05-15,MNMF1,10.55,10.0,-5.21,7000,13,nepse_playwright
2026-05-15,LVF2,11.41,9.89,-13.32,6060,10,nepse_playwright
2026-05-15,MBLEF,11.01,10.14,-7.9,494035,31,nepse_playwright
2026-05-15,MMF1,9.7,9.5,-2.06,9280,34,nepse_playwright
2026-05-15,NBF2,10.47,10.0,-4.49,5200,9,nepse_playwright
2026-05-15,NBF3,10.32,9.9,-4.07,30900,26,nepse_playwright
2026-05-15,NIBLGF,9.94,9.5,-4.43,7960,13,nepse_playwright
2026-05-15,NIBLSTF,9.74,9.42,-3.29,2343,13,nepse_playwright
2026-05-15,CMF2,10.23,9.85,-3.71,200,2,nepse_playwright
2026-05-15,LUK,11.66,10.1,-13.38,1465,4,nepse_playwright
2026-05-15,C30MF,10.76,10.05,-6.6,44441,11,nepse_playwright
2026-05-15,GSY,10.47,9.9,-5.44,3200,21,nepse_playwright
2026-05-15,NICBF,10.23,9.8,-4.2,635,1,nepse_playwright
2026-05-15,NICSF,9.66,9.15,-5.28,48650,18,nepse_playwright
2026-05-15,RBBF40,10.12,9.5,-6.13,5969,16,nepse_playwright
2026-05-15,NMB50,10.54,10.5,-0.38,0,0,nepse_playwright
2026-05-15,SLCF,10.34,10.09,-2.42,4400,13,nepse_playwright
2026-05-15,NSIF2,11.85,10.7,-9.7,600,5,nepse_playwright
2026-05-15,PRSF,14.84,12.99,-12.47,316100,22,nepse_playwright
2026-05-15,PSF,13.69,11.93,-12.86,103100,19,nepse_playwright
2026-05-15,RMF1,10.41,9.82,-5.67,26554,9,nepse_playwright
2026-05-15,SEF,10.65,9.95,-6.57,5100,3,nepse_playwright
2026-05-15,NMBHF2,10.57,9.55,-9.65,500,5,nepse_playwright
2026-05-15,SAGF,10.77,10.4,-3.44,4300,10,nepse_playwright
2026-05-15,SBCF,11.34,9.85,-13.14,1300,7,nepse_playwright
2026-05-15,SFEF,11.43,10.16,-11.11,23360,14,nepse_playwright
2026-05-15,SFMF,11.3,10.36,-8.32,0,0,nepse_playwright
2026-05-15,SIGS2,11.23,10.38,-7.57,200,1,nepse_playwright
2026-05-15,SIGS3,11.89,10.6,-10.85,8400,9,nepse_playwright
2026-05-15,NICGF2,10.26,9.26,-9.75,1000,8,nepse_playwright
2026-05-15,RMF2,11.03,10.2,-7.52,5600,5,nepse_playwright
2026-05-15,NICFC,10.21,9.32,-8.72,700,6,nepse_playwright
2026-05-15,RSY,11.32,10.25,-9.45,1960,14,nepse_playwright
2026-05-18,HLICF,8.86,9.01,1.69,1650,15,nepse_playwright
2026-05-18,H8020,12.63,11.9,-5.78,1990,9,nepse_playwright
2026-05-18,GIBF1,11.99,10.68,-10.93,1450,12,nepse_playwright
2026-05-18,NICBF,10.23,9.8,-4.2,0,0,nepse_playwright
2026-05-18,CMF2,10.23,9.96,-2.64,2600,4,nepse_playwright
2026-05-18,C30MF,10.76,9.9,-7.99,300,3,nepse_playwright
2026-05-18,KDBY,12.87,11.31,-12.12,48300,30,nepse_playwright
2026-05-18,GBIMESY2,10.23,9.41,-8.02,6660,11,nepse_playwright
2026-05-18,KEF,12.01,10.83,-9.83,31217,34,nepse_playwright
2026-05-18,NBF2,10.47,10.0,-4.49,1534,4,nepse_playwright
2026-05-18,LUK,11.66,9.96,-14.58,300,3,nepse_playwright
2026-05-18,KSY,10.54,9.46,-10.25,4700,16,nepse_playwright
2026-05-18,NBF3,10.32,9.9,-4.07,10405,16,nepse_playwright
2026-05-18,MNMF1,10.55,10.0,-5.21,62150,42,nepse_playwright
2026-05-18,NIBLGF,9.94,9.38,-5.63,7700,10,nepse_playwright
2026-05-18,MBLEF,11.01,10.11,-8.17,1300,9,nepse_playwright
2026-05-18,LVF2,11.41,9.64,-15.51,600,4,nepse_playwright
2026-05-18,NIBLSTF,9.74,9.15,-6.06,1100,7,nepse_playwright
2026-05-18,GSY,10.47,9.95,-4.97,5000,22,nepse_playwright
2026-05-18,MMF1,9.7,9.5,-2.06,14700,34,nepse_playwright
2026-05-18,SLCF,10.34,9.95,-3.77,7500,12,nepse_playwright
2026-05-18,RMF2,11.03,10.1,-8.43,3130,4,nepse_playwright
2026-05-18,NIBSF2,9.87,9.5,-3.75,15397,24,nepse_playwright
2026-05-18,PSF,13.69,12.07,-11.83,59480,27,nepse_playwright
2026-05-18,PRSF,14.84,12.98,-12.53,39821,14,nepse_playwright
2026-05-18,NSIF2,11.85,10.66,-10.04,2750,11,nepse_playwright
2026-05-18,NICGF2,10.26,9.4,-8.38,12700,19,nepse_playwright
2026-05-18,NICSF,9.66,9.25,-4.24,15401,22,nepse_playwright
2026-05-18,RBBF40,10.12,9.36,-7.51,2500,21,nepse_playwright
2026-05-18,NMBHF2,10.57,9.44,-10.69,17690,19,nepse_playwright
2026-05-18,RMF1,10.41,9.8,-5.86,18510,16,nepse_playwright
2026-05-18,NMB50,10.54,10.52,-0.19,100,1,nepse_playwright
2026-05-18,RSY,11.32,10.12,-10.6,26400,18,nepse_playwright
2026-05-18,SEF,10.65,9.95,-6.57,13000,8,nepse_playwright
2026-05-18,SIGS3,11.89,10.79,-9.25,2200,10,nepse_playwright
2026-05-18,SIGS2,11.23,10.45,-6.95,7125,5,nepse_playwright
2026-05-18,SFMF,11.3,10.35,-8.41,9813,4,nepse_playwright
2026-05-18,NICFC,10.21,9.4,-7.93,3700,17,nepse_playwright
2026-05-18,SBCF,11.34,9.71,-14.37,12800,17,nepse_playwright
2026-05-18,SAGF,10.77,10.3,-4.36,2600,6,nepse_playwright
2026-05-18,SFEF,11.43,10.14,-11.29,17757,16,nepse_playwright
2026-05-19,KDBY,12.87,11.5,-10.64,3550,29,nepse_playwright
2026-05-19,C30MF,10.76,9.75,-9.39,200,2,nepse_playwright
2026-05-19,CMF2,10.23,9.96,-2.64,0,0,nepse_playwright
2026-05-19,GBIMESY2,10.23,9.41,-8.02,1500,12,nepse_playwright
2026-05-19,GIBF1,11.99,11.01,-8.17,60700,15,nepse_playwright
2026-05-19,GSY,10.47,9.93,-5.16,7150,22,nepse_playwright
2026-05-19,H8020,12.63,12.0,-4.99,930,8,nepse_playwright
2026-05-19,HLICF,8.86,9.0,1.58,7084,14,nepse_playwright
2026-05-19,KEF,12.01,10.66,-11.24,4373,15,nepse_playwright
2026-05-19,KSY,10.54,9.57,-9.2,900,7,nepse_playwright
2026-05-19,LUK,11.66,10.0,-14.24,500,4,nepse_playwright
2026-05-19,LVF2,11.41,9.56,-16.21,500,5,nepse_playwright
2026-05-19,MBLEF,11.01,9.94,-9.72,3000,17,nepse_playwright
2026-05-19,MMF1,9.7,9.55,-1.55,7140,33,nepse_playwright
2026-05-19,MNMF1,10.55,9.76,-7.49,2600,13,nepse_playwright
2026-05-19,NBF2,10.47,9.9,-5.44,7600,9,nepse_playwright
2026-05-19,NBF3,10.32,9.98,-3.29,12680,16,nepse_playwright
2026-05-19,NIBLGF,9.94,9.16,-7.85,700,5,nepse_playwright
2026-05-19,NIBSF2,9.87,9.25,-6.28,2300,8,nepse_playwright
2026-05-19,NIBLSTF,9.74,9.34,-4.11,1500,7,nepse_playwright
2026-05-19,NICBF,10.23,9.6,-6.16,300,2,nepse_playwright
2026-05-19,RMF2,11.03,10.1,-8.43,300,3,nepse_playwright
2026-05-19,RBBF40,10.12,9.55,-5.63,2500,13,nepse_playwright
2026-05-19,NICGF2,10.26,9.45,-7.89,5300,5,nepse_playwright
2026-05-19,NICSF,9.66,9.25,-4.24,11101,11,nepse_playwright
2026-05-19,NMB50,10.54,10.53,-0.09,5500,2,nepse_playwright
2026-05-19,NMBHF2,10.57,9.45,-10.6,12200,28,nepse_playwright
2026-05-19,NSIF2,11.85,10.71,-9.62,700,7,nepse_playwright
2026-05-19,PRSF,14.84,12.98,-12.53,1050830,9,nepse_playwright
2026-05-19,PSF,13.69,12.01,-12.27,4650,17,nepse_playwright
2026-05-19,RMF1,10.41,9.92,-4.71,16400,9,nepse_playwright
2026-05-19,NICFC,10.21,9.26,-9.3,1335,13,nepse_playwright
2026-05-19,RSY,11.32,10.15,-10.34,3800,26,nepse_playwright
2026-05-19,SAGF,10.77,10.15,-5.76,2400,10,nepse_playwright
2026-05-19,SBCF,11.34,9.7,-14.46,1000,6,nepse_playwright
2026-05-19,SEF,10.65,9.95,-6.57,11000,6,nepse_playwright
2026-05-19,SFEF,11.43,10.11,-11.55,600,6,nepse_playwright
2026-05-19,SFMF,11.3,10.4,-7.96,1600,2,nepse_playwright
2026-05-19,SIGS2,11.23,10.35,-7.84,4370,4,nepse_playwright
2026-05-19,SIGS3,11.89,10.65,-10.43,200,2,nepse_playwright
2026-05-19,SLCF,10.34,9.96,-3.68,15700,16,nepse_playwright
2026-05-20,KEF,12.01,10.74,-10.57,19183,19,nepse_playwright
2026-05-20,KDBY,12.87,11.58,-10.02,8330,42,nepse_playwright
2026-05-20,HLICF,8.86,9.04,2.03,21700,20,nepse_playwright
2026-05-20,CMF2,10.23,9.96,-2.64,0,0,nepse_playwright
2026-05-20,GBIMESY2,10.23,9.6,-6.16,1800,13,nepse_playwright
2026-05-20,H8020,12.63,11.85,-6.18,4763,9,nepse_playwright
2026-05-20,GSY,10.47,9.9,-5.44,2350,22,nepse_playwright
2026-05-20,LUK,11.66,10.0,-14.24,1900,6,nepse_playwright
2026-05-20,NBF2,10.47,10.0,-4.49,2100,1,nepse_playwright
2026-05-20,NIBLGF,9.94,9.38,-5.63,1000,7,nepse_playwright
2026-05-20,NBF3,10.32,9.95,-3.59,7700,15,nepse_playwright
2026-05-20,C30MF,10.76,9.83,-8.64,300,3,nepse_playwright
2026-05-20,NIBLSTF,9.74,9.33,-4.21,1700,11,nepse_playwright
2026-05-20,MMF1,9.7,9.32,-3.92,11840,46,nepse_playwright
2026-05-20,MBLEF,11.01,10.2,-7.36,1100,10,nepse_playwright
2026-05-20,LVF2,11.41,9.73,-14.72,800,4,nepse_playwright
2026-05-20,MNMF1,10.55,9.9,-6.16,12750,16,nepse_playwright
2026-05-20,KSY,10.54,9.79,-7.12,3500,9,nepse_playwright
2026-05-20,NIBSF2,9.87,9.55,-3.24,7000,18,nepse_playwright
2026-05-20,GIBF1,11.99,10.77,-10.18,653310,30,nepse_playwright
2026-05-20,NICBF,10.23,9.65,-5.67,500,2,nepse_playwright
2026-05-20,NMBHF2,10.57,9.76,-7.66,53500,17,nepse_playwright
2026-05-20,RBBF40,10.12,9.7,-4.15,1400,10,nepse_playwright
2026-05-20,PSF,13.69,12.1,-11.61,123450,34,nepse_playwright
2026-05-20,PRSF,14.84,13.1,-11.73,839750,38,nepse_playwright
2026-05-20,NICSF,9.66,9.36,-3.11,13960,24,nepse_playwright
2026-05-20,NMB50,10.54,10.54,0.0,14020,9,nepse_playwright
2026-05-20,NSIF2,11.85,10.8,-8.86,741450,13,nepse_playwright
2026-05-20,RMF2,11.03,10.5,-4.81,8900,9,nepse_playwright
2026-05-20,SEF,10.65,10.0,-6.1,17100,9,nepse_playwright
2026-05-20,RMF1,10.41,9.94,-4.51,13300,12,nepse_playwright
2026-05-20,SBCF,11.34,9.76,-13.93,3090,5,nepse_playwright
2026-05-20,SAGF,10.77,10.4,-3.44,2000,15,nepse_playwright
2026-05-20,RSY,11.32,10.12,-10.6,2500,16,nepse_playwright
2026-05-20,SLCF,10.34,9.95,-3.77,1450,9,nepse_playwright
2026-05-20,SIGS3,11.89,10.85,-8.75,25650,10,nepse_playwright
2026-05-20,NICFC,10.21,9.35,-8.42,6800,20,nepse_playwright
2026-05-20,SFMF,11.3,10.2,-9.73,7127,7,nepse_playwright
2026-05-20,SFEF,11.43,10.15,-11.2,2500,8,nepse_playwright
2026-05-20,NICGF2,10.26,9.45,-7.89,17100,9,nepse_playwright
2026-05-20,SIGS2,11.23,10.51,-6.41,12060,4,nepse_playwright
2026-05-21,KDBY,12.87,11.69,-9.17,48900,34,nepse_playwright
2026-05-21,C30MF,10.76,9.83,-8.64,0,0,nepse_playwright
2026-05-21,CMF2,10.23,9.89,-3.32,2050,3,nepse_playwright
2026-05-21,GBIMESY2,10.23,9.55,-6.65,2150,9,nepse_playwright
2026-05-21,GIBF1,11.99,11.0,-8.26,1900,9,nepse_playwright
2026-05-21,GSY,10.47,10.0,-4.49,4220,22,nepse_playwright
2026-05-21,H8020,12.63,12.14,-3.88,4400,10,nepse_playwright
2026-05-21,HLICF,8.86,8.99,1.47,24820,11,nepse_playwright
2026-05-21,KEF,12.01,10.68,-11.07,23140,20,nepse_playwright
2026-05-21,NIBLSTF,9.74,9.31,-4.41,1400,7,nepse_playwright
2026-05-21,LUK,11.66,9.93,-14.84,2900,7,nepse_playwright
2026-05-21,LVF2,11.41,9.8,-14.11,400,3,nepse_playwright
2026-05-21,MBLEF,11.01,10.05,-8.72,12600,13,nepse_playwright
2026-05-21,MMF1,9.7,9.48,-2.27,34899,42,nepse_playwright
2026-05-21,MNMF1,10.55,10.0,-5.21,30400,22,nepse_playwright
2026-05-21,NBF2,10.47,10.0,-4.49,200,2,nepse_playwright
2026-05-21,NBF3,10.32,10.0,-3.1,21250,27,nepse_playwright
2026-05-21,NIBLGF,9.94,9.63,-3.12,5870,12,nepse_playwright
2026-05-21,NIBSF2,9.87,9.29,-5.88,4300,7,nepse_playwright
2026-05-21,KSY,10.54,9.79,-7.12,900,6,nepse_playwright
2026-05-21,NICBF,10.23,9.65,-5.67,0,0,nepse_playwright
2026-05-21,RMF2,11.03,10.5,-4.81,0,0,nepse_playwright
2026-05-21,RBBF40,10.12,9.52,-5.93,2200,10,nepse_playwright
2026-05-21,NICGF2,10.26,9.73,-5.17,11680,16,nepse_playwright
2026-05-21,NICSF,9.66,9.13,-5.49,2727,13,nepse_playwright
2026-05-21,NMB50,10.54,10.75,1.99,200,2,nepse_playwright
2026-05-21,NMBHF2,10.57,9.84,-6.91,16733,28,nepse_playwright
2026-05-21,NSIF2,11.85,10.75,-9.28,2800,6,nepse_playwright
2026-05-21,PRSF,14.84,12.9,-13.07,183000,13,nepse_playwright
2026-05-21,PSF,13.69,12.35,-9.79,32400,18,nepse_playwright
2026-05-21,RMF1,10.41,9.99,-4.03,3800,16,nepse_playwright
2026-05-21,SLCF,10.34,10.13,-2.03,26550,18,nepse_playwright
2026-05-21,RSY,11.32,10.16,-10.25,2100,15,nepse_playwright
2026-05-21,SAGF,10.77,10.2,-5.29,12100,8,nepse_playwright
2026-05-21,SBCF,11.34,10.0,-11.82,24300,17,nepse_playwright
2026-05-21,SEF,10.65,10.0,-6.1,67838,9,nepse_playwright
2026-05-21,SFEF,11.43,10.27,-10.15,22737,20,nepse_playwright
2026-05-21,SFMF,11.3,10.1,-10.62,100,1,nepse_playwright
2026-05-21,SIGS2,11.23,10.51,-6.41,6460,4,nepse_playwright
2026-05-21,SIGS3,11.89,10.76,-9.5,200,2,nepse_playwright
2026-05-21,NICFC,10.21,9.4,-7.93,4450,8,nepse_playwright
2026-05-22,HLICF,8.86,8.87,0.11,77427,25,nepse_playwright
2026-05-22,H8020,12.63,11.98,-5.15,12400,12,nepse_playwright
2026-05-22,GIBF1,11.99,11.0,-8.26,8650,12,nepse_playwright
2026-05-22,NIBSF2,9.87,9.35,-5.27,3300,8,nepse_playwright
2026-05-22,CMF2,10.23,10.14,-0.88,600,3,nepse_playwright
2026-05-22,C30MF,10.76,9.83,-8.64,0,0,nepse_playwright
2026-05-22,KDBY,12.87,11.45,-11.03,6900,24,nepse_playwright
2026-05-22,GBIMESY2,10.23,9.31,-8.99,800,8,nepse_playwright
2026-05-22,KEF,12.01,10.75,-10.49,11650,10,nepse_playwright
2026-05-22,NBF3,10.32,9.95,-3.59,6630,17,nepse_playwright
2026-05-22,LUK,11.66,9.95,-14.67,200,1,nepse_playwright
2026-05-22,KSY,10.54,9.8,-7.02,27267,12,nepse_playwright
2026-05-22,NBF2,10.47,9.95,-4.97,2266,3,nepse_playwright
2026-05-22,MNMF1,10.55,10.0,-5.21,28500,17,nepse_playwright
2026-05-22,NIBLGF,9.94,9.91,-0.3,9070,15,nepse_playwright
2026-05-22,MBLEF,11.01,10.05,-8.72,109800,29,nepse_playwright
2026-05-22,LVF2,11.41,10.0,-12.36,2600,4,nepse_playwright
2026-05-22,NIBLSTF,9.74,9.29,-4.62,10800,19,nepse_playwright
2026-05-22,GSY,10.47,10.0,-4.49,5200,28,nepse_playwright
2026-05-22,MMF1,9.7,9.59,-1.13,15300,33,nepse_playwright
2026-05-22,NICBF,10.23,9.4,-8.11,2950,4,nepse_playwright
2026-05-22,RMF2,11.03,10.5,-4.81,0,0,nepse_playwright
2026-05-22,SLCF,10.34,10.0,-3.29,4500,8,nepse_playwright
2026-05-22,PSF,13.69,12.21,-10.81,41582,21,nepse_playwright
2026-05-22,PRSF,14.84,12.95,-12.74,617150,21,nepse_playwright
2026-05-22,NSIF2,11.85,10.75,-9.28,2200,3,nepse_playwright
2026-05-22,NICGF2,10.26,9.64,-6.04,1300,11,nepse_playwright
2026-05-22,NICSF,9.66,9.29,-3.83,18725,24,nepse_playwright
2026-05-22,RBBF40,10.12,9.45,-6.62,2700,16,nepse_playwright
2026-05-22,NMBHF2,10.57,9.67,-8.51,4800,17,nepse_playwright
2026-05-22,RMF1,10.41,10.0,-3.94,12950,12,nepse_playwright
2026-05-22,NMB50,10.54,10.7,1.52,5000,2,nepse_playwright
2026-05-22,RSY,11.32,10.35,-8.57,7500,25,nepse_playwright
2026-05-22,SBCF,11.34,9.9,-12.7,30700,13,nepse_playwright
2026-05-22,SIGS3,11.89,10.86,-8.66,1100,7,nepse_playwright
2026-05-22,SIGS2,11.23,10.82,-3.65,255,2,nepse_playwright
2026-05-22,SFMF,11.3,10.01,-11.42,500,1,nepse_playwright
2026-05-22,NICFC,10.21,9.4,-7.93,18150,18,nepse_playwright
2026-05-22,SEF,10.65,10.4,-2.35,78011,20,nepse_playwright
2026-05-22,SAGF,10.77,10.2,-5.29,1800,6,nepse_playwright
2026-05-22,SFEF,11.43,10.13,-11.37,700,6,nepse_playwright
2026-05-25,KSY,10.54,9.9,-6.07,21900,17,nepse_playwright
2026-05-25,GBIMESY2,10.23,9.41,-8.02,5000,24,nepse_playwright
2026-05-25,GIBF1,11.99,11.0,-8.26,6200,27,nepse_playwright
2026-05-25,GSY,10.47,10.0,-4.49,73300,63,nepse_playwright
2026-05-25,H8020,12.63,11.83,-6.33,231835,23,nepse_playwright
2026-05-25,NICBF,10.23,9.68,-5.38,100,1,nepse_playwright
2026-05-25,KDBY,12.87,11.67,-9.32,329500,50,nepse_playwright
2026-05-25,KEF,12.01,11.0,-8.41,163100,32,nepse_playwright
2026-05-25,C30MF,10.76,10.0,-7.06,11600,10,nepse_playwright
2026-05-25,CMF2,10.23,10.01,-2.15,2620,6,nepse_playwright
2026-05-25,MBLEF,11.01,10.08,-8.45,6309,24,nepse_playwright
2026-05-25,MMF1,9.7,9.57,-1.34,5205,24,nepse_playwright
2026-05-25,MNMF1,10.55,9.96,-5.59,22506,29,nepse_playwright
2026-05-25,NBF2,10.47,9.96,-4.87,7950,8,nepse_playwright
2026-05-25,NBF3,10.32,9.96,-3.49,4700,26,nepse_playwright
2026-05-25,NIBLGF,9.94,9.43,-5.13,1100,6,nepse_playwright
2026-05-25,NIBLSTF,9.74,9.32,-4.31,2780,14,nepse_playwright
2026-05-25,LUK,11.66,10.0,-14.24,5825,8,nepse_playwright
2026-05-25,LVF2,11.41,9.95,-12.8,4700,19,nepse_playwright
2026-05-25,NIBSF2,9.87,9.25,-6.28,4710,12,nepse_playwright
2026-05-25,PSF,13.69,12.3,-10.15,62650,19,nepse_playwright
2026-05-25,NICFC,10.21,9.5,-6.95,2250,21,nepse_playwright
2026-05-25,NICSF,9.66,9.2,-4.76,2500,10,nepse_playwright
2026-05-25,NMB50,10.54,10.7,1.52,0,0,nepse_playwright
2026-05-25,NMBHF2,10.57,9.7,-8.23,22100,18,nepse_playwright
2026-05-25,NSIF2,11.85,10.72,-9.54,3100,12,nepse_playwright
2026-05-25,PRSF,14.84,12.95,-12.74,323300,22,nepse_playwright
2026-05-25,HLICF,8.86,8.96,1.13,50360,19,nepse_playwright
2026-05-25,RBBF40,10.12,9.41,-7.02,2300,14,nepse_playwright
2026-05-25,RMF2,11.03,10.2,-7.52,2700,4,nepse_playwright
2026-05-25,NICGF2,10.26,9.5,-7.41,1700,9,nepse_playwright
2026-05-25,RMF1,10.41,10.05,-3.46,9900,14,nepse_playwright
2026-05-25,SBCF,11.34,9.98,-11.99,2800,6,nepse_playwright
2026-05-25,SEF,10.65,10.09,-5.26,51850,14,nepse_playwright
2026-05-25,SFEF,11.43,10.3,-9.89,3400,11,nepse_playwright
2026-05-25,SFMF,11.3,10.01,-11.42,0,0,nepse_playwright
2026-05-25,SIGS2,11.23,10.5,-6.5,1000,1,nepse_playwright
2026-05-25,SIGS3,11.89,10.8,-9.17,1300,9,nepse_playwright
2026-05-25,SLCF,10.34,10.01,-3.19,3550,14,nepse_playwright
2026-05-25,RSY,11.32,10.3,-9.01,23100,39,nepse_playwright
2026-05-25,SAGF,10.77,10.2,-5.29,1400,8,nepse_playwright
2026-05-26,KEF,12.01,10.99,-8.49,140850,29,nepse_playwright
2026-05-26,KDBY,12.87,11.47,-10.88,66860,38,nepse_playwright
2026-05-26,HLICF,8.86,8.9,0.45,5450,17,nepse_playwright
2026-05-26,GBIMESY2,10.23,9.35,-8.6,7399,12,nepse_playwright
2026-05-26,GSY,10.47,9.99,-4.58,9120,29,nepse_playwright
2026-05-26,GIBF1,11.99,11.0,-8.26,1000,10,nepse_playwright
2026-05-26,KSY,10.54,9.74,-7.59,400,4,nepse_playwright
2026-05-26,H8020,12.63,12.0,-4.99,20900,15,nepse_playwright
2026-05-26,C30MF,10.76,10.0,-7.06,200330,34,nepse_playwright
2026-05-26,MNMF1,10.55,9.8,-7.11,35610,26,nepse_playwright
2026-05-26,MBLEF,11.01,10.03,-8.9,23445,24,nepse_playwright
2026-05-26,MMF1,9.7,9.55,-1.55,12200,34,nepse_playwright
2026-05-26,NBF2,10.47,10.0,-4.49,5750,3,nepse_playwright
2026-05-26,NBF3,10.32,9.98,-3.29,13955,23,nepse_playwright
2026-05-26,NIBLGF,9.94,9.5,-4.43,13350,12,nepse_playwright
2026-05-26,NIBLSTF,9.74,9.34,-4.11,2150,10,nepse_playwright
2026-05-26,LUK,11.66,10.2,-12.52,1860,8,nepse_playwright
2026-05-26,CMF2,10.23,10.24,0.1,15578,7,nepse_playwright
2026-05-26,LVF2,11.41,9.92,-13.06,18733,8,nepse_playwright
2026-05-26,NIBSF2,9.87,9.46,-4.15,6920,18,nepse_playwright
2026-05-26,NICBF,10.23,9.75,-4.69,12300,5,nepse_playwright
2026-05-26,NICFC,10.21,9.55,-6.46,4000,14,nepse_playwright
2026-05-26,PSF,13.69,12.3,-10.15,2400,9,nepse_playwright
2026-05-26,PRSF,14.84,12.92,-12.94,455400,26,nepse_playwright
2026-05-26,NICSF,9.66,9.3,-3.73,1310,8,nepse_playwright
2026-05-26,NMBHF2,10.57,9.64,-8.8,5250,23,nepse_playwright
2026-05-26,NMB50,10.54,10.84,2.85,425,4,nepse_playwright
2026-05-26,RMF1,10.41,10.05,-3.46,3727,9,nepse_playwright
2026-05-26,NSIF2,11.85,10.72,-9.54,2424,9,nepse_playwright
2026-05-26,RMF2,11.03,10.1,-8.43,1900,8,nepse_playwright
2026-05-26,SEF,10.65,10.19,-4.32,24500,6,nepse_playwright
2026-05-26,RBBF40,10.12,9.31,-8.0,9900,16,nepse_playwright
2026-05-26,SBCF,11.34,9.98,-11.99,9300,15,nepse_playwright
2026-05-26,SFEF,11.43,10.38,-9.19,5350,10,nepse_playwright
2026-05-26,SFMF,11.3,10.2,-9.73,900,4,nepse_playwright
2026-05-26,SIGS2,11.23,10.82,-3.65,18972,6,nepse_playwright
2026-05-26,SIGS3,11.89,11.11,-6.56,6820,9,nepse_playwright
2026-05-26,SLCF,10.34,10.05,-2.8,2190,12,nepse_playwright
2026-05-26,NICGF2,10.26,9.69,-5.56,1800,17,nepse_playwright
2026-05-26,RSY,11.32,10.4,-8.13,4600,31,nepse_playwright
2026-05-26,SAGF,10.77,10.2,-5.29,600,5,nepse_playwright
2026-05-27,KEF,12.01,11.0,-8.41,263899,33,nepse_playwright
2026-05-27,KDBY,12.87,11.51,-10.57,477100,65,nepse_playwright
2026-05-27,HLICF,8.86,9.0,1.58,24670,22,nepse_playwright
2026-05-27,GBIMESY2,10.23,9.35,-8.6,13000,20,nepse_playwright
2026-05-27,GSY,10.47,9.99,-4.58,2600,21,nepse_playwright
2026-05-27,GIBF1,11.99,10.87,-9.34,19450,28,nepse_playwright
2026-05-27,KSY,10.54,9.83,-6.74,8050,16,nepse_playwright
2026-05-27,H8020,12.63,12.25,-3.01,37450,26,nepse_playwright
2026-05-27,C30MF,10.76,10.19,-5.3,1900,5,nepse_playwright
2026-05-27,MNMF1,10.55,10.01,-5.12,30730,27,nepse_playwright
2026-05-27,MBLEF,11.01,10.23,-7.08,121600,17,nepse_playwright
2026-05-27,MMF1,9.7,9.48,-2.27,15997,32,nepse_playwright
2026-05-27,NBF2,10.47,10.19,-2.67,66915,15,nepse_playwright
2026-05-27,NBF3,10.32,9.98,-3.29,8050,21,nepse_playwright
2026-05-27,NIBLGF,9.94,9.32,-6.24,3150,12,nepse_playwright
2026-05-27,NIBLSTF,9.74,9.33,-4.21,3810,18,nepse_playwright
2026-05-27,LUK,11.66,10.15,-12.95,6700,7,nepse_playwright
2026-05-27,CMF2,10.23,10.2,-0.29,5009,6,nepse_playwright
2026-05-27,LVF2,11.41,10.0,-12.36,3900,22,nepse_playwright
2026-05-27,NIBSF2,9.87,9.58,-2.94,5950,12,nepse_playwright
2026-05-27,NICBF,10.23,9.7,-5.18,5365,5,nepse_playwright
2026-05-27,NICFC,10.21,9.59,-6.07,12400,20,nepse_playwright
2026-05-27,PSF,13.69,12.54,-8.4,14250,23,nepse_playwright
2026-05-27,PRSF,14.84,13.05,-12.06,149815,37,nepse_playwright
2026-05-27,NICSF,9.66,9.32,-3.52,4925,16,nepse_playwright
2026-05-27,NMBHF2,10.57,9.64,-8.8,155600,31,nepse_playwright
2026-05-27,NMB50,10.54,10.84,2.85,600,3,nepse_playwright
2026-05-27,RMF1,10.41,9.85,-5.38,14610,15,nepse_playwright
2026-05-27,NSIF2,11.85,10.83,-8.61,143680,15,nepse_playwright
2026-05-27,RMF2,11.03,10.4,-5.71,900,4,nepse_playwright
2026-05-27,SEF,10.65,10.2,-4.23,57000,8,nepse_playwright
2026-05-27,RBBF40,10.12,9.61,-5.04,10000,14,nepse_playwright
2026-05-27,SBCF,11.34,9.83,-13.32,7450,11,nepse_playwright
2026-05-27,SFEF,11.43,10.1,-11.64,2221,7,nepse_playwright
2026-05-27,SFMF,11.3,10.2,-9.73,0,0,nepse_playwright
2026-05-27,SIGS2,11.23,10.71,-4.63,23015,7,nepse_playwright
2026-05-27,SIGS3,11.89,11.2,-5.8,29832,9,nepse_playwright
2026-05-27,SLCF,10.34,10.17,-1.64,30400,24,nepse_playwright
2026-05-27,NICGF2,10.26,9.72,-5.26,1600,15,nepse_playwright
2026-05-27,RSY,11.32,10.22,-9.72,38847,24,nepse_playwright
2026-05-27,SAGF,10.77,10.2,-5.29,3300,6,nepse_playwright
2026-06-01,KEF,12.01,10.9,-9.24,818052,25,nepse_playwright
2026-06-01,KDBY,12.87,11.5,-10.64,17400,31,nepse_playwright
2026-06-01,HLICF,8.86,8.9,0.45,7200,11,nepse_playwright
2026-06-01,GBIMESY2,10.23,9.4,-8.11,20000,9,nepse_playwright
2026-06-01,GSY,10.47,10.02,-4.3,9250,29,nepse_playwright
2026-06-01,GIBF1,11.99,11.0,-8.26,36300,16,nepse_playwright
2026-06-01,KSY,10.54,9.67,-8.25,2200,9,nepse_playwright
2026-06-01,H8020,12.63,11.99,-5.07,19550,19,nepse_playwright
2026-06-01,C30MF,10.76,10.1,-6.13,673658,18,nepse_playwright
2026-06-01,MNMF1,10.55,9.99,-5.31,4050,20,nepse_playwright
2026-06-01,MBLEF,11.01,10.04,-8.81,11200,26,nepse_playwright
2026-06-01,MMF1,9.7,9.48,-2.27,18920,41,nepse_playwright
2026-06-01,NBF2,10.47,10.1,-3.53,11592,10,nepse_playwright
2026-06-01,NBF3,10.32,9.99,-3.2,6401,21,nepse_playwright
2026-06-01,NIBLGF,9.94,9.12,-8.25,850,8,nepse_playwright
2026-06-01,NIBLSTF,9.74,9.34,-4.11,4600,17,nepse_playwright
2026-06-01,LUK,11.66,10.15,-12.95,0,0,nepse_playwright
2026-06-01,CMF2,10.23,9.91,-3.13,300,2,nepse_playwright
2026-06-01,LVF2,11.41,10.0,-12.36,2205,13,nepse_playwright
2026-06-01,NIBSF2,9.87,9.04,-8.41,10400,11,nepse_playwright
2026-06-01,NICBF,10.23,9.7,-5.18,0,0,nepse_playwright
2026-06-01,NICFC,10.21,9.34,-8.52,1600,13,nepse_playwright
2026-06-01,PSF,13.69,12.01,-12.27,27900,22,nepse_playwright
2026-06-01,PRSF,14.84,12.97,-12.6,86300,22,nepse_playwright
2026-06-01,NICSF,9.66,9.1,-5.8,16000,20,nepse_playwright
2026-06-01,NMBHF2,10.57,9.64,-8.8,2000,18,nepse_playwright
2026-06-01,NMB50,10.54,10.86,3.04,505,3,nepse_playwright
2026-06-01,RMF1,10.41,9.85,-5.38,600,3,nepse_playwright
2026-06-01,NSIF2,11.85,10.8,-8.86,1400,9,nepse_playwright
2026-06-01,RMF2,11.03,10.11,-8.34,600,3,nepse_playwright
2026-06-01,SEF,10.65,10.2,-4.23,2980,2,nepse_playwright
2026-06-01,RBBF40,10.12,9.35,-7.61,2400,11,nepse_playwright
2026-06-01,SBCF,11.34,9.8,-13.58,6625,14,nepse_playwright
2026-06-01,SFEF,11.43,10.12,-11.46,800,7,nepse_playwright
2026-06-01,SFMF,11.3,10.2,-9.73,0,0,nepse_playwright
2026-06-01,SIGS2,11.23,10.5,-6.5,35000,6,nepse_playwright
2026-06-01,SIGS3,11.89,11.2,-5.8,1100,9,nepse_playwright
2026-06-01,SLCF,10.34,10.0,-3.29,5550,5,nepse_playwright
2026-06-01,NICGF2,10.26,9.58,-6.63,4137,11,nepse_playwright
2026-06-01,RSY,11.32,10.17,-10.16,3600,25,nepse_playwright
2026-06-01,SAGF,10.77,10.15,-5.76,2360,9,nepse_playwright
2026-06-02,KDBY,12.87,11.53,-10.41,174600,44,nepse_playwright
2026-06-02,HLICF,8.86,8.99,1.47,8925,9,nepse_playwright
2026-06-02,GSY,10.47,10.1,-3.53,62001,49,nepse_playwright
2026-06-02,C30MF,10.76,10.05,-6.6,500,4,nepse_playwright
2026-06-02,GBIMESY2,10.23,9.4,-8.11,1710,10,nepse_playwright
2026-06-02,CMF2,10.23,9.9,-3.23,5428,3,nepse_playwright
2026-06-02,KEF,12.01,10.87,-9.49,37030,11,nepse_playwright
2026-06-02,GIBF1,11.99,11.0,-8.26,1500,12,nepse_playwright
2026-06-02,H8020,12.63,11.99,-5.07,6900,8,nepse_playwright
2026-06-02,NBF2,10.47,10.39,-0.76,6691,9,nepse_playwright
2026-06-02,KSY,10.54,9.8,-7.02,5300,11,nepse_playwright
2026-06-02,NBF3,10.32,9.99,-3.2,13990,20,nepse_playwright
2026-06-02,MNMF1,10.55,9.85,-6.64,36800,18,nepse_playwright
2026-06-02,NIBLGF,9.94,9.21,-7.34,4300,11,nepse_playwright
2026-06-02,MBLEF,11.01,10.2,-7.36,129550,26,nepse_playwright
2026-06-02,LVF2,11.41,9.9,-13.23,1430,8,nepse_playwright
2026-06-02,MMF1,9.7,9.45,-2.58,2800,15,nepse_playwright
2026-06-02,NIBSF2,9.87,9.2,-6.79,1800,8,nepse_playwright
2026-06-02,LUK,11.66,10.0,-14.24,300,2,nepse_playwright
2026-06-02,NICBF,10.23,9.7,-5.18,0,0,nepse_playwright
2026-06-02,NICFC,10.21,9.3,-8.91,2250,18,nepse_playwright
2026-06-02,RSY,11.32,10.26,-9.36,4290,18,nepse_playwright
2026-06-02,RBBF40,10.12,9.45,-6.62,2500,11,nepse_playwright
2026-06-02,PSF,13.69,12.3,-10.15,1100,8,nepse_playwright
2026-06-02,PRSF,14.84,12.99,-12.47,287750,20,nepse_playwright
2026-06-02,NICSF,9.66,9.13,-5.49,5247,15,nepse_playwright
2026-06-02,NMBHF2,10.57,9.83,-7.0,13400,21,nepse_playwright
2026-06-02,RMF1,10.41,9.8,-5.86,5900,5,nepse_playwright
2026-06-02,NSIF2,11.85,10.7,-9.7,600,5,nepse_playwright
2026-06-02,RMF2,11.03,10.41,-5.62,700,7,nepse_playwright
2026-06-02,NMB50,10.54,10.8,2.47,6570,6,nepse_playwright
2026-06-02,SAGF,10.77,10.15,-5.76,2800,4,nepse_playwright
2026-06-02,SEF,10.65,10.0,-6.1,22672,12,nepse_playwright
2026-06-02,SLCF,10.34,10.0,-3.29,3985,11,nepse_playwright
2026-06-02,SIGS3,11.89,11.25,-5.38,3000,8,nepse_playwright
2026-06-02,SIGS2,11.23,10.81,-3.74,3900,5,nepse_playwright
2026-06-02,NICGF2,10.26,9.32,-9.16,1500,10,nepse_playwright
2026-06-02,SFEF,11.43,10.01,-12.42,1666,11,nepse_playwright
2026-06-02,SBCF,11.34,9.78,-13.76,460,2,nepse_playwright
2026-06-02,SFMF,11.3,10.2,-9.73,0,0,nepse_playwright
2026-06-03,KSY,10.54,9.72,-7.78,1100,11,nepse_playwright
2026-06-03,GBIMESY2,10.23,9.5,-7.14,9100,14,nepse_playwright
2026-06-03,GIBF1,11.99,10.85,-9.51,4600,14,nepse_playwright
2026-06-03,GSY,10.47,10.02,-4.3,12400,41,nepse_playwright
2026-06-03,H8020,12.63,11.87,-6.02,11586,14,nepse_playwright
2026-06-03,HLICF,8.86,9.05,2.14,93710,32,nepse_playwright
2026-06-03,KDBY,12.87,11.49,-10.72,930900,46,nepse_playwright
2026-06-03,KEF,12.01,11.0,-8.41,31340,20,nepse_playwright
2026-06-03,C30MF,10.76,10.15,-5.67,13100,11,nepse_playwright
2026-06-03,LUK,11.66,10.0,-14.24,2100,7,nepse_playwright
2026-06-03,MBLEF,11.01,10.2,-7.36,84600,26,nepse_playwright
2026-06-03,MMF1,9.7,9.49,-2.16,16597,38,nepse_playwright
2026-06-03,MNMF1,10.55,10.0,-5.21,4700,19,nepse_playwright
2026-06-03,NBF2,10.47,10.39,-0.76,4330,8,nepse_playwright
2026-06-03,NBF3,10.32,10.04,-2.71,53845,35,nepse_playwright
2026-06-03,NIBLGF,9.94,9.2,-7.44,5400,11,nepse_playwright
2026-06-03,NIBLSTF,9.74,9.1,-6.57,23615,20,nepse_playwright
2026-06-03,CMF2,10.23,9.94,-2.83,450,1,nepse_playwright
2026-06-03,LVF2,11.41,10.3,-9.73,2675,15,nepse_playwright
2026-06-03,NIBSF2,9.87,9.3,-5.78,15150,19,nepse_playwright
2026-06-03,NICBF,10.23,9.43,-7.82,1000,2,nepse_playwright
2026-06-03,NICFC,10.21,9.5,-6.95,6550,22,nepse_playwright
2026-06-03,NICSF,9.66,9.32,-3.52,2600,14,nepse_playwright
2026-06-03,NMB50,10.54,10.8,2.47,0,0,nepse_playwright
2026-06-03,NMBHF2,10.57,9.72,-8.04,3850,19,nepse_playwright
2026-06-03,NSIF2,11.85,10.73,-9.45,750,7,nepse_playwright
2026-06-03,PRSF,14.84,13.09,-11.79,214500,30,nepse_playwright
2026-06-03,PSF,13.69,12.2,-10.88,8800,21,nepse_playwright
2026-06-03,RBBF40,10.12,9.29,-8.2,7800,18,nepse_playwright
2026-06-03,RMF2,11.03,10.14,-8.07,1400,4,nepse_playwright
2026-06-03,SLCF,10.34,10.0,-3.29,2700,10,nepse_playwright
2026-06-03,RMF1,10.41,9.8,-5.86,2100,13,nepse_playwright
2026-06-03,SBCF,11.34,9.8,-13.58,4800,5,nepse_playwright
2026-06-03,SEF,10.65,9.96,-6.48,6100,4,nepse_playwright
2026-06-03,SFEF,11.43,10.05,-12.07,8200,11,nepse_playwright
2026-06-03,SFMF,11.3,10.21,-9.65,600,2,nepse_playwright
2026-06-03,SIGS2,11.23,10.81,-3.74,0,0,nepse_playwright
2026-06-03,SIGS3,11.89,11.28,-5.13,1900,10,nepse_playwright
2026-06-03,NICGF2,10.26,9.4,-8.38,1100,6,nepse_playwright
2026-06-03,RSY,11.32,10.21,-9.81,155900,32,nepse_playwright
2026-06-03,SAGF,10.77,10.2,-5.29,1520,8,nepse_playwright
2026-06-04,KEF,12.01,10.91,-9.16,10550,17,nepse_playwright
2026-06-04,KDBY,12.87,11.4,-11.42,103300,51,nepse_playwright
2026-06-04,HLICF,8.86,9.18,3.61,11000,13,nepse_playwright
2026-06-04,GBIMESY2,10.23,9.45,-7.62,6900,14,nepse_playwright
2026-06-04,GSY,10.47,10.03,-4.2,686600,36,nepse_playwright
2026-06-04,GIBF1,11.99,10.84,-9.59,11300,16,nepse_playwright
2026-06-04,KSY,10.54,9.7,-7.97,600,4,nepse_playwright
2026-06-04,H8020,12.63,12.1,-4.2,275300,15,nepse_playwright
2026-06-04,C30MF,10.76,10.1,-6.13,300,2,nepse_playwright
2026-06-04,MNMF1,10.55,9.99,-5.31,35750,20,nepse_playwright
2026-06-04,MBLEF,11.01,10.15,-7.81,3300,21,nepse_playwright
2026-06-04,MMF1,9.7,9.42,-2.89,9940,27,nepse_playwright
2026-06-04,NBF2,10.47,10.69,2.1,200,2,nepse_playwright
2026-06-04,NBF3,10.32,10.02,-2.91,13191,23,nepse_playwright
2026-06-04,NIBLGF,9.94,9.4,-5.43,2137,11,nepse_playwright
2026-06-04,NIBLSTF,9.74,9.18,-5.75,11450,14,nepse_playwright
2026-06-04,LUK,11.66,10.15,-12.95,800,3,nepse_playwright
2026-06-04,CMF2,10.23,10.0,-2.25,3875,3,nepse_playwright
2026-06-04,LVF2,11.41,10.01,-12.27,1300,8,nepse_playwright
2026-06-04,NIBSF2,9.87,9.32,-5.57,11300,17,nepse_playwright
2026-06-04,NICBF,10.23,9.5,-7.14,1100,2,nepse_playwright
2026-06-04,NICFC,10.21,9.5,-6.95,3900,17,nepse_playwright
2026-06-04,PSF,13.69,12.3,-10.15,21800,15,nepse_playwright
2026-06-04,PRSF,14.84,13.0,-12.4,131000,16,nepse_playwright
2026-06-04,NICSF,9.66,9.29,-3.83,9050,17,nepse_playwright
2026-06-04,NMBHF2,10.57,9.71,-8.14,1400,6,nepse_playwright
2026-06-04,NMB50,10.54,11.06,4.93,5200,4,nepse_playwright
2026-06-04,RMF1,10.41,9.8,-5.86,8500,11,nepse_playwright
2026-06-04,NSIF2,11.85,10.75,-9.28,2000,15,nepse_playwright
2026-06-04,RMF2,11.03,10.14,-8.07,0,0,nepse_playwright
2026-06-04,SEF,10.65,10.1,-5.16,4000,5,nepse_playwright
2026-06-04,RBBF40,10.12,9.36,-7.51,2000,11,nepse_playwright
2026-06-04,SBCF,11.34,9.85,-13.14,13954,11,nepse_playwright
2026-06-04,SFEF,11.43,10.19,-10.85,28762,11,nepse_playwright
2026-06-04,SFMF,11.3,10.21,-9.65,0,0,nepse_playwright
2026-06-04,SIGS2,11.23,10.55,-6.06,1100,2,nepse_playwright
2026-06-04,SIGS3,11.89,11.01,-7.4,700,6,nepse_playwright
2026-06-04,SLCF,10.34,10.15,-1.84,9400,6,nepse_playwright
2026-06-04,NICGF2,10.26,9.37,-8.67,1600,14,nepse_playwright
2026-06-04,RSY,11.32,10.25,-9.45,27816,22,nepse_playwright
2026-06-04,SAGF,10.77,10.11,-6.13,17975,20,nepse_playwright
2026-06-05,KEF,12.01,10.9,-9.24,7000,11,nepse_playwright
2026-06-05,KDBY,12.87,11.4,-11.42,248500,51,nepse_playwright
2026-06-05,HLICF,8.86,9.35,5.53,17100,11,nepse_playwright
2026-06-05,GBIMESY2,10.23,9.4,-8.11,1200,11,nepse_playwright
2026-06-05,GSY,10.47,10.02,-4.3,2600,23,nepse_playwright
2026-06-05,GIBF1,11.99,11.0,-8.26,2000,14,nepse_playwright
2026-06-05,KSY,10.54,9.75,-7.5,1900,4,nepse_playwright
2026-06-05,H8020,12.63,12.16,-3.72,1300,9,nepse_playwright
2026-06-05,C30MF,10.76,10.01,-6.97,400,3,nepse_playwright
2026-06-05,MNMF1,10.55,9.85,-6.64,7300,7,nepse_playwright
2026-06-05,MBLEF,11.01,10.2,-7.36,42700,14,nepse_playwright
2026-06-05,MMF1,9.7,9.45,-2.58,13360,32,nepse_playwright
2026-06-05,NBF2,10.47,10.37,-0.96,229,2,nepse_playwright
2026-06-05,NBF3,10.32,10.03,-2.81,74484,27,nepse_playwright
2026-06-05,NIBLGF,9.94,9.4,-5.43,4500,6,nepse_playwright
2026-06-05,NIBLSTF,9.74,9.2,-5.54,18350,22,nepse_playwright
2026-06-05,LUK,11.66,9.94,-14.75,300,3,nepse_playwright
2026-06-05,CMF2,10.23,10.0,-2.25,100,1,nepse_playwright
2026-06-05,LVF2,11.41,9.96,-12.71,1700,12,nepse_playwright
2026-06-05,NIBSF2,9.87,9.22,-6.59,2200,9,nepse_playwright
2026-06-05,NICBF,10.23,9.75,-4.69,3400,2,nepse_playwright
2026-06-05,NICFC,10.21,9.54,-6.56,3450,18,nepse_playwright
2026-06-05,PSF,13.69,12.5,-8.69,431984,27,nepse_playwright
2026-06-05,PRSF,14.84,12.99,-12.47,536428,35,nepse_playwright
2026-06-05,NICSF,9.66,9.35,-3.21,2700,12,nepse_playwright
2026-06-05,NMBHF2,10.57,9.71,-8.14,16200,15,nepse_playwright
2026-06-05,NMB50,10.54,10.99,4.27,10828,3,nepse_playwright
2026-06-05,RMF1,10.41,9.66,-7.2,26600,15,nepse_playwright
2026-06-05,NSIF2,11.85,10.85,-8.44,58400,10,nepse_playwright
2026-06-05,RMF2,11.03,10.35,-6.17,500,4,nepse_playwright
2026-06-05,SEF,10.65,9.97,-6.38,9070,6,nepse_playwright
2026-06-05,RBBF40,10.12,9.42,-6.92,2100,13,nepse_playwright
2026-06-05,SBCF,11.34,9.59,-15.43,29300,18,nepse_playwright
2026-06-05,SFEF,11.43,10.14,-11.29,39109,11,nepse_playwright
2026-06-05,SFMF,11.3,10.21,-9.65,1000,1,nepse_playwright
2026-06-05,SIGS2,11.23,10.8,-3.83,6740,9,nepse_playwright
2026-06-05,SIGS3,11.89,11.25,-5.38,2300,9,nepse_playwright
2026-06-05,SLCF,10.34,10.0,-3.29,1150,9,nepse_playwright
2026-06-05,NICGF2,10.26,9.36,-8.77,12100,8,nepse_playwright
2026-06-05,RSY,11.32,10.33,-8.75,39000,17,nepse_playwright
2026-06-05,SAGF,10.77,10.1,-6.22,1350,9,nepse_playwright
2026-06-08,KEF,12.01,10.86,-9.58,10350,15,nepse_playwright
2026-06-08,KDBY,12.87,11.21,-12.9,255600,42,nepse_playwright
2026-06-08,HLICF,8.86,9.04,2.03,3150,19,nepse_playwright
2026-06-08,GBIMESY2,10.23,9.4,-8.11,3300,13,nepse_playwright
2026-06-08,GSY,10.47,10.01,-4.39,9300,33,nepse_playwright
2026-06-08,GIBF1,11.99,10.81,-9.84,31400,15,nepse_playwright
2026-06-08,KSY,10.54,9.76,-7.4,900,5,nepse_playwright
2026-06-08,H8020,12.63,11.88,-5.94,250,2,nepse_playwright
2026-06-08,C30MF,10.76,10.0,-7.06,1900,7,nepse_playwright
2026-06-08,MNMF1,10.55,9.8,-7.11,13350,22,nepse_playwright
2026-06-08,MBLEF,11.01,10.2,-7.36,6610,20,nepse_playwright
2026-06-08,MMF1,9.7,9.5,-2.06,116300,38,nepse_playwright
2026-06-08,NBF2,10.47,10.4,-0.67,5300,4,nepse_playwright
2026-06-08,NBF3,10.32,10.03,-2.81,23150,27,nepse_playwright
2026-06-08,NIBLGF,9.94,9.39,-5.53,1297,6,nepse_playwright
2026-06-08,NIBLSTF,9.74,9.42,-3.29,52350,28,nepse_playwright
2026-06-08,LUK,11.66,10.3,-11.66,28700,9,nepse_playwright
2026-06-08,CMF2,10.23,10.01,-2.15,2025,3,nepse_playwright
2026-06-08,LVF2,11.41,9.9,-13.23,10110,11,nepse_playwright
2026-06-08,NIBSF2,9.87,9.28,-5.98,21953,21,nepse_playwright
2026-06-08,NICBF,10.23,9.46,-7.53,1000,2,nepse_playwright
2026-06-08,NICFC,10.21,9.3,-8.91,600,6,nepse_playwright
2026-06-08,PSF,13.69,12.3,-10.15,67350,27,nepse_playwright
2026-06-08,PRSF,14.84,13.0,-12.4,585,4,nepse_playwright
2026-06-08,NICSF,9.66,9.31,-3.62,90353,27,nepse_playwright
2026-06-08,NMBHF2,10.57,9.65,-8.7,2900,17,nepse_playwright
2026-06-08,NMB50,10.54,10.99,4.27,0,0,nepse_playwright
2026-06-08,RMF1,10.41,9.71,-6.72,70400,18,nepse_playwright
2026-06-08,NSIF2,11.85,10.73,-9.45,3300,15,nepse_playwright
2026-06-08,RMF2,11.03,10.14,-8.07,100,1,nepse_playwright
2026-06-08,SEF,10.65,9.93,-6.76,54760,14,nepse_playwright
2026-06-08,RBBF40,10.12,9.5,-6.13,3280,12,nepse_playwright
2026-06-08,SBCF,11.34,9.62,-15.17,6800,11,nepse_playwright
2026-06-08,SFEF,11.43,10.03,-12.25,12118,11,nepse_playwright
2026-06-08,SFMF,11.3,10.21,-9.65,0,0,nepse_playwright
2026-06-08,SIGS2,11.23,10.8,-3.83,400,1,nepse_playwright
2026-06-08,SIGS3,11.89,11.0,-7.49,3900,6,nepse_playwright
2026-06-08,SLCF,10.34,10.02,-3.09,45300,25,nepse_playwright
2026-06-08,NICGF2,10.26,9.6,-6.43,3200,15,nepse_playwright
2026-06-08,RSY,11.32,10.21,-9.81,40900,25,nepse_playwright
2026-06-08,SAGF,10.77,10.12,-6.04,1200,6,nepse_playwright
2026-06-09,KEF,12.01,10.75,-10.49,5100,20,nepse_playwright
2026-06-09,KDBY,12.87,11.25,-12.59,4700,28,nepse_playwright
2026-06-09,HLICF,8.86,9.0,1.58,605,6,nepse_playwright
2026-06-09,GBIMESY2,10.23,9.29,-9.19,830,5,nepse_playwright
2026-06-09,GSY,10.47,10.0,-4.49,7450,28,nepse_playwright
2026-06-09,GIBF1,11.99,10.8,-9.92,850,6,nepse_playwright
2026-06-09,KSY,10.54,9.82,-6.83,5000,10,nepse_playwright
2026-06-09,H8020,12.63,11.88,-5.94,1970,11,nepse_playwright
2026-06-09,C30MF,10.76,10.01,-6.97,600,2,nepse_playwright
2026-06-09,MNMF1,10.55,9.97,-5.5,13320,13,nepse_playwright
2026-06-09,MBLEF,11.01,10.0,-9.17,2400,8,nepse_playwright
2026-06-09,MMF1,9.7,9.41,-2.99,40400,39,nepse_playwright
2026-06-09,NBF2,10.47,10.09,-3.63,400,3,nepse_playwright
2026-06-09,NBF3,10.32,9.97,-3.39,4400,13,nepse_playwright
2026-06-09,NIBLGF,9.94,9.39,-5.53,7500,8,nepse_playwright
2026-06-09,NIBLSTF,9.74,9.28,-4.72,19195,18,nepse_playwright
2026-06-09,LUK,11.66,10.3,-11.66,235,2,nepse_playwright
2026-06-09,CMF2,10.23,10.01,-2.15,0,0,nepse_playwright
2026-06-09,LVF2,11.41,9.86,-13.58,650,4,nepse_playwright
2026-06-09,NIBSF2,9.87,9.2,-6.79,3937,6,nepse_playwright
2026-06-09,NICBF,10.23,9.18,-10.26,400,1,nepse_playwright
2026-06-09,NICFC,10.21,9.5,-6.95,3900,11,nepse_playwright
2026-06-09,PSF,13.69,12.25,-10.52,1700,7,nepse_playwright
2026-06-09,PRSF,14.84,12.92,-12.94,37500,15,nepse_playwright
2026-06-09,NICSF,9.66,9.44,-2.28,45346,16,nepse_playwright
2026-06-09,NMBHF2,10.57,9.85,-6.81,41850,18,nepse_playwright
2026-06-09,NMB50,10.54,10.88,3.23,12930,10,nepse_playwright
2026-06-09,RMF1,10.41,9.9,-4.9,2100,4,nepse_playwright
2026-06-09,NSIF2,11.85,10.85,-8.44,7900,15,nepse_playwright
2026-06-09,RMF2,11.03,10.14,-8.07,550,2,nepse_playwright
2026-06-09,SEF,10.65,10.0,-6.1,1500,2,nepse_playwright
2026-06-09,RBBF40,10.12,9.3,-8.1,400,3,nepse_playwright
2026-06-09,SBCF,11.34,9.67,-14.73,9632,16,nepse_playwright
2026-06-09,SFEF,11.43,10.05,-12.07,400,4,nepse_playwright
2026-06-09,SFMF,11.3,10.51,-6.99,100,1,nepse_playwright
2026-06-09,SIGS2,11.23,10.78,-4.01,29125,12,nepse_playwright
2026-06-09,SIGS3,11.89,11.0,-7.49,7810,8,nepse_playwright
2026-06-09,SLCF,10.34,10.1,-2.32,6050,13,nepse_playwright
2026-06-09,NICGF2,10.26,9.62,-6.24,1700,17,nepse_playwright
2026-06-09,RSY,11.32,10.2,-9.89,7000,14,nepse_playwright
2026-06-09,SAGF,10.77,10.2,-5.29,1200,8,nepse_playwright
2026-06-10,KEF,12.01,10.79,-10.16,39600,24,nepse_playwright
2026-06-10,KDBY,12.87,11.3,-12.2,4300,31,nepse_playwright
2026-06-10,HLICF,8.86,9.0,1.58,3686,10,nepse_playwright
2026-06-10,GBIMESY2,10.23,9.35,-8.6,1559,10,nepse_playwright
2026-06-10,GSY,10.47,9.96,-4.87,4900,22,nepse_playwright
2026-06-10,GIBF1,11.99,10.72,-10.59,2000,11,nepse_playwright
2026-06-10,KSY,10.54,9.93,-5.79,1000,7,nepse_playwright
2026-06-10,H8020,12.63,11.65,-7.76,1000,9,nepse_playwright
2026-06-10,C30MF,10.76,9.96,-7.43,97500,9,nepse_playwright
2026-06-10,MNMF1,10.55,10.0,-5.21,1600,14,nepse_playwright
2026-06-10,MBLEF,11.01,10.2,-7.36,6600,17,nepse_playwright
2026-06-10,MMF1,9.7,9.45,-2.58,24945,33,nepse_playwright
2026-06-10,NBF2,10.47,9.85,-5.92,100,1,nepse_playwright
2026-06-10,NBF3,10.32,9.94,-3.68,25560,23,nepse_playwright
2026-06-10,NIBLGF,9.94,9.39,-5.53,16400,10,nepse_playwright
2026-06-10,NIBLSTF,9.74,9.36,-3.9,13400,30,nepse_playwright
2026-06-10,LUK,11.66,10.1,-13.38,200,2,nepse_playwright
2026-06-10,CMF2,10.23,9.9,-3.23,700,3,nepse_playwright
2026-06-10,LVF2,11.41,9.8,-14.11,900,5,nepse_playwright
2026-06-10,NIBSF2,9.87,9.24,-6.38,5100,14,nepse_playwright
2026-06-10,NICBF,10.23,9.2,-10.07,16500,7,nepse_playwright
2026-06-10,NICFC,10.21,9.35,-8.42,3650,13,nepse_playwright
2026-06-10,PSF,13.69,12.1,-11.61,10800,16,nepse_playwright
2026-06-10,PRSF,14.84,13.1,-11.73,58034,22,nepse_playwright
2026-06-10,NICSF,9.66,9.49,-1.76,34650,18,nepse_playwright
2026-06-10,NMBHF2,10.57,9.66,-8.61,51500,18,nepse_playwright
2026-06-10,NMB50,10.54,11.02,4.55,1100,2,nepse_playwright
2026-06-10,RMF1,10.41,9.85,-5.38,12500,4,nepse_playwright
2026-06-10,NSIF2,11.85,10.75,-9.28,1200,5,nepse_playwright
2026-06-10,RMF2,11.03,10.14,-8.07,400,3,nepse_playwright
2026-06-10,SEF,10.65,10.1,-5.16,18000,7,nepse_playwright
2026-06-10,RBBF40,10.12,9.3,-8.1,700,7,nepse_playwright
2026-06-10,SBCF,11.34,9.85,-13.14,20500,25,nepse_playwright
2026-06-10,SFEF,11.43,10.1,-11.64,1300,7,nepse_playwright
2026-06-10,SFMF,11.3,10.24,-9.38,2100,2,nepse_playwright
2026-06-10,SIGS2,11.23,10.81,-3.74,18295,5,nepse_playwright
2026-06-10,SIGS3,11.89,10.98,-7.65,127000,22,nepse_playwright
2026-06-10,SLCF,10.34,10.03,-3.0,1700,4,nepse_playwright
2026-06-10,NICGF2,10.26,9.61,-6.34,12600,14,nepse_playwright
2026-06-10,RSY,11.32,10.36,-8.48,12700,23,nepse_playwright
2026-06-10,SAGF,10.77,10.13,-5.94,1600,12,nepse_playwright
2026-06-11,KEF,12.01,10.72,-10.74,9800,18,nepse_playwright
2026-06-11,KDBY,12.87,11.26,-12.51,3900,26,nepse_playwright
2026-06-11,HLICF,8.86,9.0,1.58,1850,11,nepse_playwright
2026-06-11,GBIMESY2,10.23,9.58,-6.35,20150,15,nepse_playwright
2026-06-11,GSY,10.47,9.96,-4.87,2900,14,nepse_playwright
2026-06-11,GIBF1,11.99,10.73,-10.51,86400,11,nepse_playwright
2026-06-11,KSY,10.54,9.77,-7.31,800,6,nepse_playwright
2026-06-11,H8020,12.63,11.75,-6.97,261800,20,nepse_playwright
2026-06-11,C30MF,10.76,10.0,-7.06,7350,4,nepse_playwright
2026-06-11,MNMF1,10.55,10.0,-5.21,138895,22,nepse_playwright
2026-06-11,MBLEF,11.01,10.01,-9.08,900,9,nepse_playwright
2026-06-11,MMF1,9.7,9.52,-1.86,21700,33,nepse_playwright
2026-06-11,NBF2,10.47,9.88,-5.64,4200,4,nepse_playwright
2026-06-11,NBF3,10.32,10.0,-3.1,23800,25,nepse_playwright
2026-06-11,NIBLGF,9.94,9.4,-5.43,700,6,nepse_playwright
2026-06-11,NIBLSTF,9.74,9.11,-6.47,11180,15,nepse_playwright
2026-06-11,LUK,11.66,9.9,-15.09,11000,2,nepse_playwright
2026-06-11,CMF2,10.23,9.9,-3.23,100,1,nepse_playwright
2026-06-11,LVF2,11.41,9.75,-14.55,450,4,nepse_playwright
2026-06-11,NIBSF2,9.87,9.25,-6.28,5200,9,nepse_playwright
2026-06-11,NICBF,10.23,9.2,-10.07,100,1,nepse_playwright
2026-06-11,NICFC,10.21,9.25,-9.4,3300,15,nepse_playwright
2026-06-11,PSF,13.69,12.2,-10.88,352348,48,nepse_playwright
2026-06-11,PRSF,14.84,12.9,-13.07,110200,18,nepse_playwright
2026-06-11,NICSF,9.66,9.45,-2.17,18600,20,nepse_playwright
2026-06-11,NMBHF2,10.57,9.68,-8.42,32140,18,nepse_playwright
2026-06-11,NMB50,10.54,11.02,4.55,0,0,nepse_playwright
2026-06-11,RMF1,10.41,9.77,-6.15,6350,12,nepse_playwright
2026-06-11,NSIF2,11.85,10.84,-8.52,69195,19,nepse_playwright
2026-06-11,RMF2,11.03,9.99,-9.43,250,1,nepse_playwright
2026-06-11,SEF,10.65,10.0,-6.1,93450,22,nepse_playwright
2026-06-11,RBBF40,10.12,9.25,-8.6,610,6,nepse_playwright
2026-06-11,SBCF,11.34,9.7,-14.46,51756,35,nepse_playwright
2026-06-11,SFEF,11.43,10.08,-11.81,55500,21,nepse_playwright
2026-06-11,SFMF,11.3,10.5,-7.08,3300,2,nepse_playwright
2026-06-11,SIGS2,11.23,11.0,-2.05,10100,3,nepse_playwright
2026-06-11,SIGS3,11.89,10.8,-9.17,300,3,nepse_playwright
2026-06-11,SLCF,10.34,10.0,-3.29,39900,31,nepse_playwright
2026-06-11,NICGF2,10.26,9.65,-5.95,8200,17,nepse_playwright
2026-06-11,RSY,11.32,10.25,-9.45,116160,22,nepse_playwright
2026-06-11,SAGF,10.77,10.2,-5.29,700,7,nepse_playwright
2026-06-12,KEF,12.01,10.85,-9.66,12400,16,nepse_playwright
2026-06-12,KDBY,12.87,11.29,-12.28,3660,27,nepse_playwright
2026-06-12,HLICF,8.86,9.01,1.69,800,8,nepse_playwright
2026-06-12,GBIMESY2,10.23,9.42,-7.92,10450,11,nepse_playwright
2026-06-12,GSY,10.47,9.96,-4.87,2300,20,nepse_playwright
2026-06-12,GIBF1,11.99,11.02,-8.09,10300,12,nepse_playwright
2026-06-12,KSY,10.54,9.69,-8.06,600,5,nepse_playwright
2026-06-12,H8020,12.63,11.6,-8.16,60400,13,nepse_playwright
2026-06-12,C30MF,10.76,9.92,-7.81,49100,9,nepse_playwright
2026-06-12,MNMF1,10.55,10.0,-5.21,28045,14,nepse_playwright
2026-06-12,MBLEF,11.01,10.2,-7.36,72210,24,nepse_playwright
2026-06-12,MMF1,9.7,9.55,-1.55,10800,31,nepse_playwright
2026-06-12,NBF2,10.47,9.94,-5.06,1100,5,nepse_playwright
2026-06-12,NBF3,10.32,10.0,-3.1,68454,34,nepse_playwright
2026-06-12,NIBLGF,9.94,9.22,-7.24,200,2,nepse_playwright
2026-06-12,NIBLSTF,9.74,9.4,-3.49,3050,13,nepse_playwright
2026-06-12,LUK,11.66,10.0,-14.24,34675,20,nepse_playwright
2026-06-12,CMF2,10.23,9.9,-3.23,0,0,nepse_playwright
2026-06-12,LVF2,11.41,9.82,-13.94,500,5,nepse_playwright
2026-06-12,NIBSF2,9.87,9.03,-8.51,1500,3,nepse_playwright
2026-06-12,NICBF,10.23,9.2,-10.07,0,0,nepse_playwright
2026-06-12,NICFC,10.21,9.26,-9.3,2400,22,nepse_playwright
2026-06-12,PSF,13.69,12.25,-10.52,53373,20,nepse_playwright
2026-06-12,PRSF,14.84,12.83,-13.54,277100,29,nepse_playwright
2026-06-12,NICSF,9.66,9.4,-2.69,25500,15,nepse_playwright
2026-06-12,NMBHF2,10.57,9.7,-8.23,148300,32,nepse_playwright
2026-06-12,NMB50,10.54,11.02,4.55,0,0,nepse_playwright
2026-06-12,RMF1,10.41,9.8,-5.86,70840,26,nepse_playwright
2026-06-12,NSIF2,11.85,10.7,-9.7,10700,7,nepse_playwright
2026-06-12,RMF2,11.03,9.99,-9.43,0,0,nepse_playwright
2026-06-12,SEF,10.65,10.18,-4.41,97065,25,nepse_playwright
2026-06-12,RBBF40,10.12,9.47,-6.42,800,7,nepse_playwright
2026-06-12,SBCF,11.34,9.89,-12.79,12150,20,nepse_playwright
2026-06-12,SFEF,11.43,10.08,-11.81,6400,6,nepse_playwright
2026-06-12,SFMF,11.3,10.81,-4.34,7615,2,nepse_playwright
2026-06-12,SIGS2,11.23,11.4,1.51,60000,12,nepse_playwright
2026-06-12,SIGS3,11.89,11.25,-5.38,22900,11,nepse_playwright
2026-06-12,SLCF,10.34,10.01,-3.19,12100,20,nepse_playwright
2026-06-12,NICGF2,10.26,9.36,-8.77,1600,6,nepse_playwright
2026-06-12,RSY,11.32,10.33,-8.75,6000,21,nepse_playwright
2026-06-12,SAGF,10.77,10.1,-6.22,1100,7,nepse_playwright
2026-06-15,KEF,11.95,10.9,-8.79,7810,17,nepse_playwright
2026-06-15,KDBY,12.79,11.28,-11.81,5060,30,nepse_playwright
2026-06-15,HLICF,8.96,9.0,0.45,7700,13,nepse_playwright
2026-06-15,GBIMESY2,10.22,9.41,-7.93,1600,7,nepse_playwright
2026-06-15,GSY,10.49,9.95,-5.15,5700,33,nepse_playwright
2026-06-15,GIBF1,11.97,10.8,-9.77,2400,14,nepse_playwright
2026-06-15,KSY,10.57,9.76,-7.66,4200,8,nepse_playwright
2026-06-15,H8020,12.62,11.7,-7.29,1352532,15,nepse_playwright
2026-06-15,C30MF,10.81,10.01,-7.4,7450,6,nepse_playwright
2026-06-15,MNMF1,10.62,10.0,-5.84,2250,16,nepse_playwright
2026-06-15,MBLEF,11.02,10.0,-9.26,4000,22,nepse_playwright
2026-06-15,MMF1,9.78,9.55,-2.35,53100,37,nepse_playwright
2026-06-15,NBF2,10.47,9.72,-7.16,2700,6,nepse_playwright
2026-06-15,NBF3,10.32,10.0,-3.1,19314,21,nepse_playwright
2026-06-15,NIBLGF,9.98,9.23,-7.52,600,6,nepse_playwright
2026-06-15,NIBLSTF,9.8,9.35,-4.59,4700,18,nepse_playwright
2026-06-15,LUK,11.66,10.04,-13.89,1740,6,nepse_playwright
2026-06-15,CMF2,10.17,9.9,-2.65,8600,5,nepse_playwright
2026-06-15,LVF2,11.41,9.76,-14.46,1300,5,nepse_playwright
2026-06-15,NIBSF2,9.93,9.12,-8.16,5300,11,nepse_playwright
2026-06-15,NICBF,10.32,9.15,-11.34,300,2,nepse_playwright
2026-06-15,NICFC,10.3,9.4,-8.74,3205,21,nepse_playwright
2026-06-15,PSF,13.62,12.3,-9.69,19500,11,nepse_playwright
2026-06-15,PRSF,14.77,12.95,-12.32,130620,17,nepse_playwright
2026-06-15,NICSF,9.8,9.4,-4.08,23600,22,nepse_playwright
2026-06-15,NMBHF2,10.56,9.7,-8.14,10310,24,nepse_playwright
2026-06-15,NMB50,10.6,10.7,0.94,9560,7,nepse_playwright
2026-06-15,RMF1,10.45,9.86,-5.65,700,3,nepse_playwright
2026-06-15,NSIF2,11.93,10.79,-9.56,43700,27,nepse_playwright
2026-06-15,RMF2,11.06,9.99,-9.67,200,2,nepse_playwright
2026-06-15,SEF,10.65,10.19,-4.32,26725,13,nepse_playwright
2026-06-15,RBBF40,10.15,9.25,-8.87,900,8,nepse_playwright
2026-06-15,SBCF,11.34,9.76,-13.93,4000,10,nepse_playwright
2026-06-15,SFEF,11.43,10.11,-11.55,4500,7,nepse_playwright
2026-06-15,SFMF,11.3,10.81,-4.34,0,0,nepse_playwright
2026-06-15,SIGS2,11.22,11.4,1.6,0,0,nepse_playwright
2026-06-15,SIGS3,11.9,11.57,-2.77,12055,10,nepse_playwright
2026-06-15,SLCF,10.36,9.95,-3.96,18150,19,nepse_playwright
2026-06-15,NICGF2,10.4,9.26,-10.96,3900,12,nepse_playwright
2026-06-15,RSY,11.35,10.26,-9.6,7400,29,nepse_playwright
2026-06-15,SAGF,10.82,10.2,-5.73,1400,10,nepse_playwright
2026-06-16,KEF,11.95,10.8,-9.62,18410,24,nepse_playwright
2026-06-16,KDBY,12.79,11.25,-12.04,1063850,50,nepse_playwright
2026-06-16,HLICF,8.96,9.2,2.68,11600,14,nepse_playwright
2026-06-16,GBIMESY2,10.22,9.4,-8.02,12800,14,nepse_playwright
2026-06-16,GSY,10.49,9.86,-6.01,23800,29,nepse_playwright
2026-06-16,GIBF1,11.97,10.8,-9.77,2900,14,nepse_playwright
2026-06-16,KSY,10.57,9.65,-8.7,1720,3,nepse_playwright
2026-06-16,H8020,12.62,11.75,-6.89,5251,10,nepse_playwright
2026-06-16,C30MF,10.81,10.11,-6.48,900,4,nepse_playwright
2026-06-16,MNMF1,10.62,10.0,-5.84,4750,18,nepse_playwright
2026-06-16,MBLEF,11.02,10.0,-9.26,64100,28,nepse_playwright
2026-06-16,MMF1,9.78,9.56,-2.25,37206,35,nepse_playwright
2026-06-16,NBF2,10.47,9.86,-5.83,1000,2,nepse_playwright
2026-06-16,NBF3,10.32,9.99,-3.2,86480,39,nepse_playwright
2026-06-16,NIBLGF,9.98,9.36,-6.21,3000,8,nepse_playwright
2026-06-16,NIBLSTF,9.8,9.4,-4.08,4610,17,nepse_playwright
2026-06-16,LUK,11.66,10.2,-12.52,7920,11,nepse_playwright
2026-06-16,CMF2,10.17,9.9,-2.65,0,0,nepse_playwright
2026-06-16,LVF2,11.41,9.67,-15.25,700,6,nepse_playwright
2026-06-16,NIBSF2,9.93,9.1,-8.36,11350,14,nepse_playwright
2026-06-16,NICBF,10.32,9.15,-11.34,0,0,nepse_playwright
2026-06-16,NICFC,10.3,9.39,-8.83,15930,21,nepse_playwright
2026-06-16,PSF,13.62,12.22,-10.28,205498,32,nepse_playwright
2026-06-16,PRSF,14.77,12.81,-13.27,153173,37,nepse_playwright
2026-06-16,NICSF,9.8,9.53,-2.76,31040,15,nepse_playwright
2026-06-16,NMBHF2,10.56,9.8,-7.2,4050,20,nepse_playwright
2026-06-16,NMB50,10.6,10.38,-2.08,100,1,nepse_playwright
2026-06-16,RMF1,10.45,9.8,-6.22,1200,4,nepse_playwright
2026-06-16,NSIF2,11.93,10.82,-9.3,13000,8,nepse_playwright
2026-06-16,RMF2,11.06,10.19,-7.87,14499,11,nepse_playwright
2026-06-16,SEF,10.65,10.16,-4.6,36790,17,nepse_playwright
2026-06-16,RBBF40,10.15,9.5,-6.4,10650,23,nepse_playwright
2026-06-16,SBCF,11.34,9.61,-15.26,1487,9,nepse_playwright
2026-06-16,SFEF,11.43,10.06,-11.99,21250,12,nepse_playwright
2026-06-16,SFMF,11.3,10.9,-3.54,2000,1,nepse_playwright
2026-06-16,SIGS2,11.22,11.4,1.6,0,0,nepse_playwright
2026-06-16,SIGS3,11.9,11.36,-4.54,2700,10,nepse_playwright
2026-06-16,SLCF,10.36,9.92,-4.25,8000,13,nepse_playwright
2026-06-16,NICGF2,10.4,9.22,-11.35,3500,18,nepse_playwright
2026-06-16,RSY,11.35,10.23,-9.87,612800,33,nepse_playwright
2026-06-16,SAGF,10.82,10.17,-6.01,200,2,nepse_playwright
2026-06-17,KEF,11.95,10.85,-9.21,3650,15,nepse_playwright
2026-06-17,KDBY,12.79,11.26,-11.96,101600,49,nepse_playwright
2026-06-17,HLICF,8.96,9.0,0.45,11000,5,nepse_playwright
2026-06-17,GBIMESY2,10.22,9.3,-9.0,2350,18,nepse_playwright
2026-06-17,GSY,10.49,9.88,-5.82,13950,42,nepse_playwright
2026-06-17,GIBF1,11.97,11.12,-7.1,3400,22,nepse_playwright
2026-06-17,KSY,10.57,9.75,-7.76,1400,6,nepse_playwright
2026-06-17,H8020,12.62,11.97,-5.15,332421,12,nepse_playwright
2026-06-17,C30MF,10.81,10.0,-7.49,1300,4,nepse_playwright
2026-06-17,MNMF1,10.62,10.0,-5.84,4250,22,nepse_playwright
2026-06-17,MBLEF,11.02,10.15,-7.89,8800,18,nepse_playwright
2026-06-17,MMF1,9.78,9.58,-2.04,22200,41,nepse_playwright
2026-06-17,NBF2,10.47,9.85,-5.92,2200,4,nepse_playwright
2026-06-17,NBF3,10.32,10.05,-2.62,94600,59,nepse_playwright
2026-06-17,NIBLGF,9.98,9.35,-6.31,1300,9,nepse_playwright
2026-06-17,NIBLSTF,9.8,9.35,-4.59,4420,23,nepse_playwright
2026-06-17,LUK,11.66,9.87,-15.35,800,3,nepse_playwright
2026-06-17,CMF2,10.17,10.0,-1.67,980,4,nepse_playwright
2026-06-17,LVF2,11.41,9.85,-13.67,1870,9,nepse_playwright
2026-06-17,NIBSF2,9.93,9.06,-8.76,37150,16,nepse_playwright
2026-06-17,NICBF,10.32,9.41,-8.82,14600,5,nepse_playwright
2026-06-17,NICFC,10.3,9.45,-8.25,6870,27,nepse_playwright
2026-06-17,PSF,13.62,12.19,-10.5,12750,17,nepse_playwright
2026-06-17,PRSF,14.77,12.77,-13.54,170600,25,nepse_playwright
2026-06-17,NICSF,9.8,9.3,-5.1,9789,18,nepse_playwright
2026-06-17,NMBHF2,10.56,9.64,-8.71,7620,18,nepse_playwright
2026-06-17,NMB50,10.6,10.46,-1.32,700,3,nepse_playwright
2026-06-17,RMF1,10.45,9.81,-6.12,3635,13,nepse_playwright
2026-06-17,NSIF2,11.93,10.7,-10.31,14948,6,nepse_playwright
2026-06-17,RMF2,11.06,10.2,-7.78,300,2,nepse_playwright
2026-06-17,SEF,10.65,10.41,-2.25,54400,14,nepse_playwright
2026-06-17,RBBF40,10.15,9.36,-7.78,1350,11,nepse_playwright
2026-06-17,SBCF,11.34,10.0,-11.82,18832,24,nepse_playwright
2026-06-17,SFEF,11.43,10.08,-11.81,700,3,nepse_playwright
2026-06-17,SFMF,11.3,10.7,-5.31,700,3,nepse_playwright
2026-06-17,SIGS2,11.22,11.06,-1.43,6000,3,nepse_playwright
2026-06-17,SIGS3,11.9,11.15,-6.3,2200,5,nepse_playwright
2026-06-17,SLCF,10.36,10.07,-2.8,20655,23,nepse_playwright
2026-06-17,NICGF2,10.4,9.5,-8.65,5820,16,nepse_playwright
2026-06-17,RSY,11.35,10.22,-9.96,4500,18,nepse_playwright
2026-06-17,SAGF,10.82,10.1,-6.65,300,3,nepse_playwright
2026-06-18,KEF,11.95,11.0,-7.95,22896,19,nepse_playwright
2026-06-18,KDBY,12.79,11.23,-12.2,55000,43,nepse_playwright
2026-06-18,HLICF,8.96,8.82,-1.56,3200,13,nepse_playwright
2026-06-18,GBIMESY2,10.22,9.33,-8.71,1700,11,nepse_playwright
2026-06-18,GSY,10.49,9.9,-5.62,2500,21,nepse_playwright
2026-06-18,GIBF1,11.97,10.61,-11.36,1300,12,nepse_playwright
2026-06-18,KSY,10.57,9.83,-7.0,900,9,nepse_playwright
2026-06-18,H8020,12.62,12.32,-2.38,1100,9,nepse_playwright
2026-06-18,C30MF,10.81,10.24,-5.27,144461,7,nepse_playwright
2026-06-18,MNMF1,10.62,9.98,-6.03,2900,15,nepse_playwright
2026-06-18,MBLEF,11.02,10.15,-7.89,175700,26,nepse_playwright
2026-06-18,MMF1,9.78,9.58,-2.04,33464,31,nepse_playwright
2026-06-18,NBF2,10.47,10.2,-2.58,850,3,nepse_playwright
2026-06-18,NBF3,10.32,9.95,-3.59,34400,23,nepse_playwright
2026-06-18,NIBLGF,9.98,9.5,-4.81,8720,14,nepse_playwright
2026-06-18,NIBLSTF,9.8,9.33,-4.8,9160,16,nepse_playwright
2026-06-18,LUK,11.66,10.0,-14.24,100,1,nepse_playwright
2026-06-18,CMF2,10.17,10.09,-0.79,1910,3,nepse_playwright
2026-06-18,LVF2,11.41,10.14,-11.13,2200,18,nepse_playwright
2026-06-18,NIBSF2,9.93,9.1,-8.36,4800,9,nepse_playwright
2026-06-18,NICBF,10.32,9.41,-8.82,0,0,nepse_playwright
2026-06-18,NICFC,10.3,9.39,-8.83,2100,16,nepse_playwright
2026-06-18,PSF,13.62,12.14,-10.87,7700,10,nepse_playwright
2026-06-18,PRSF,14.77,12.8,-13.34,118307,25,nepse_playwright
2026-06-18,NICSF,9.8,9.3,-5.1,7150,13,nepse_playwright
2026-06-18,NMBHF2,10.56,9.73,-7.86,32810,30,nepse_playwright
2026-06-18,NMB50,10.6,10.7,0.94,1500,1,nepse_playwright
2026-06-18,RMF1,10.45,10.05,-3.83,5135,9,nepse_playwright
2026-06-18,NSIF2,11.93,10.81,-9.39,2400,8,nepse_playwright
2026-06-18,RMF2,11.06,10.3,-6.87,4700,6,nepse_playwright
2026-06-18,SEF,10.65,10.41,-2.25,49175,15,nepse_playwright
2026-06-18,RBBF40,10.15,9.52,-6.21,2200,14,nepse_playwright
2026-06-18,SBCF,11.34,9.95,-12.26,1800,5,nepse_playwright
2026-06-18,SFEF,11.43,10.1,-11.64,300,3,nepse_playwright
2026-06-18,SFMF,11.3,10.7,-5.31,0,0,nepse_playwright
2026-06-18,SIGS2,11.22,11.06,-1.43,1206,1,nepse_playwright
2026-06-18,SIGS3,11.9,11.01,-7.48,10400,7,nepse_playwright
2026-06-18,SLCF,10.36,10.2,-1.54,30467,19,nepse_playwright
2026-06-18,NICGF2,10.4,9.5,-8.65,9508,10,nepse_playwright
2026-06-18,RSY,11.35,10.22,-9.96,5060,23,nepse_playwright
2026-06-18,SAGF,10.82,10.2,-5.73,500,5,nepse_playwright
2026-06-19,KEF,11.95,10.75,-10.04,2600,12,nepse_playwright
2026-06-19,KDBY,12.79,11.24,-12.12,901850,71,nepse_playwright
2026-06-19,HLICF,8.96,8.83,-1.45,961,8,nepse_playwright
2026-06-19,GBIMESY2,10.22,9.51,-6.95,1100,6,nepse_playwright
2026-06-19,GSY,10.49,10.0,-4.67,7820,34,nepse_playwright
2026-06-19,GIBF1,11.97,10.59,-11.53,1250,10,nepse_playwright
2026-06-19,KSY,10.57,9.9,-6.34,2400,11,nepse_playwright
2026-06-19,H8020,12.62,11.96,-5.23,1350,6,nepse_playwright
2026-06-19,C30MF,10.81,10.05,-7.03,277200,25,nepse_playwright
2026-06-19,MNMF1,10.62,9.86,-7.16,1700,13,nepse_playwright
2026-06-19,MBLEF,11.02,10.1,-8.35,2800,18,nepse_playwright
2026-06-19,MMF1,9.78,9.45,-3.37,35590,37,nepse_playwright
2026-06-19,NBF2,10.47,10.1,-3.53,6800,5,nepse_playwright
2026-06-19,NBF3,10.32,9.95,-3.59,63940,31,nepse_playwright
2026-06-19,NIBLGF,9.98,9.35,-6.31,2020,8,nepse_playwright
2026-06-19,NIBLSTF,9.8,9.12,-6.94,7070,17,nepse_playwright
2026-06-19,LUK,11.66,10.0,-14.24,11300,8,nepse_playwright
2026-06-19,CMF2,10.17,10.09,-0.79,0,0,nepse_playwright
2026-06-19,LVF2,11.41,9.87,-13.5,450,3,nepse_playwright
2026-06-19,NIBSF2,9.93,9.27,-6.65,14600,13,nepse_playwright
2026-06-19,NICBF,10.32,9.41,-8.82,600,1,nepse_playwright
2026-06-19,NICFC,10.3,9.32,-9.51,14450,20,nepse_playwright
2026-06-19,PSF,13.62,12.2,-10.43,288200,45,nepse_playwright
2026-06-19,PRSF,14.77,12.61,-14.62,398700,41,nepse_playwright
2026-06-19,NICSF,9.8,9.23,-5.82,4150,11,nepse_playwright
2026-06-19,NMBHF2,10.56,9.71,-8.05,31740,15,nepse_playwright
2026-06-19,NMB50,10.6,10.7,0.94,0,0,nepse_playwright
2026-06-19,RMF1,10.45,9.81,-6.12,600,6,nepse_playwright
2026-06-19,NSIF2,11.93,10.6,-11.15,50810,16,nepse_playwright
2026-06-19,RMF2,11.06,10.2,-7.78,400,4,nepse_playwright
2026-06-19,SEF,10.65,10.3,-3.29,200,2,nepse_playwright
2026-06-19,RBBF40,10.15,9.45,-6.9,500,5,nepse_playwright
2026-06-19,SBCF,11.34,9.77,-13.84,11501,11,nepse_playwright
2026-06-19,SFEF,11.43,10.1,-11.64,900,4,nepse_playwright
2026-06-19,SFMF,11.3,11.01,-2.57,1000,1,nepse_playwright
2026-06-19,SIGS2,11.22,10.8,-3.74,200,1,nepse_playwright
2026-06-19,SIGS3,11.9,10.51,-11.68,1001170,34,nepse_playwright
2026-06-19,SLCF,10.36,10.1,-2.51,13920,12,nepse_playwright
2026-06-19,NICGF2,10.4,9.55,-8.17,15900,16,nepse_playwright
2026-06-19,RSY,11.35,10.25,-9.69,2100,17,nepse_playwright
2026-06-19,SAGF,10.82,10.0,-7.58,10675,9,nepse_playwright
2026-06-22,KEF,11.95,10.51,-12.05,17500,31,nepse_playwright
2026-06-22,KDBY,12.79,11.0,-14.0,100590,39,nepse_playwright
2026-06-22,HLICF,8.96,8.73,-2.57,2700,11,nepse_playwright
2026-06-22,GBIMESY2,10.22,9.42,-7.83,2180,8,nepse_playwright
2026-06-22,GSY,10.49,10.0,-4.67,11800,34,nepse_playwright
2026-06-22,GIBF1,11.97,10.55,-11.86,2700,13,nepse_playwright
2026-06-22,KSY,10.57,9.91,-6.24,1300,9,nepse_playwright
2026-06-22,H8020,12.62,12.31,-2.46,3840,15,nepse_playwright
2026-06-22,C30MF,10.81,10.1,-6.57,200,2,nepse_playwright
2026-06-22,MNMF1,10.62,9.86,-7.16,9100,23,nepse_playwright
2026-06-22,MBLEF,11.02,9.95,-9.71,28700,16,nepse_playwright
2026-06-22,MMF1,9.78,9.58,-2.04,63550,63,nepse_playwright
2026-06-22,NBF2,10.47,9.91,-5.35,1200,8,nepse_playwright
2026-06-22,NBF3,10.32,9.9,-4.07,102090,62,nepse_playwright
2026-06-22,NIBLGF,9.98,9.35,-6.31,300,3,nepse_playwright
2026-06-22,NIBLSTF,9.8,8.95,-8.67,1200,12,nepse_playwright
2026-06-22,LUK,11.66,10.2,-12.52,2600,7,nepse_playwright
2026-06-22,CMF2,10.17,9.85,-3.15,8088,9,nepse_playwright
2026-06-22,LVF2,11.41,9.81,-14.02,1310,11,nepse_playwright
2026-06-22,NIBSF2,9.93,9.52,-4.13,3823,15,nepse_playwright
2026-06-22,NICBF,10.32,9.18,-11.05,3600,4,nepse_playwright
2026-06-22,NICFC,10.3,9.33,-9.42,2750,23,nepse_playwright
2026-06-22,PSF,13.62,11.99,-11.97,4150,17,nepse_playwright
2026-06-22,PRSF,14.77,12.61,-14.62,87778,33,nepse_playwright
2026-06-22,NICSF,9.8,9.28,-5.31,6610,16,nepse_playwright
2026-06-22,NMBHF2,10.56,9.61,-9.0,66330,33,nepse_playwright
2026-06-22,NMB50,10.6,10.45,-1.42,3420,4,nepse_playwright
2026-06-22,RMF1,10.45,10.05,-3.83,16910,22,nepse_playwright
2026-06-22,NSIF2,11.93,10.55,-11.57,17200,15,nepse_playwright
2026-06-22,RMF2,11.06,10.0,-9.58,300,3,nepse_playwright
2026-06-22,SEF,10.65,10.3,-3.29,23898,12,nepse_playwright
2026-06-22,RBBF40,10.15,9.34,-7.98,1100,9,nepse_playwright
2026-06-22,SBCF,11.34,9.6,-15.34,13500,22,nepse_playwright
2026-06-22,SFEF,11.43,10.08,-11.81,500,4,nepse_playwright
2026-06-22,SFMF,11.3,10.7,-5.31,570,2,nepse_playwright
2026-06-22,SIGS2,11.22,10.5,-6.42,2000,2,nepse_playwright
2026-06-22,SIGS3,11.9,10.53,-11.51,800,6,nepse_playwright
2026-06-22,SLCF,10.36,9.97,-3.76,39300,25,nepse_playwright
2026-06-22,NICGF2,10.4,9.5,-8.65,1700,17,nepse_playwright
2026-06-22,RSY,11.35,10.2,-10.13,5200,20,nepse_playwright
2026-06-22,SAGF,10.82,10.2,-5.73,6500,6,nepse_playwright
2026-06-23,KEF,11.95,10.38,-13.14,24400,22,nepse_playwright
2026-06-23,KDBY,12.79,10.88,-14.93,58350,39,nepse_playwright
2026-06-23,HLICF,8.96,8.88,-0.89,4895,12,nepse_playwright
2026-06-23,GBIMESY2,10.22,9.42,-7.83,3700,24,nepse_playwright
2026-06-23,GSY,10.49,9.9,-5.62,4260,31,nepse_playwright
2026-06-23,GIBF1,11.97,10.85,-9.36,3800,10,nepse_playwright
2026-06-23,KSY,10.57,9.78,-7.47,3711,11,nepse_playwright
2026-06-23,H8020,12.62,12.0,-4.91,1910,13,nepse_playwright
2026-06-23,C30MF,10.81,10.1,-6.57,263188,16,nepse_playwright
2026-06-23,MNMF1,10.62,9.83,-7.44,77200,15,nepse_playwright
2026-06-23,MBLEF,11.02,10.14,-7.99,4200,15,nepse_playwright
2026-06-23,MMF1,9.78,9.6,-1.84,34862,34,nepse_playwright
2026-06-23,NBF2,10.47,9.9,-5.44,1626,7,nepse_playwright
2026-06-23,NBF3,10.32,10.0,-3.1,91550,35,nepse_playwright
2026-06-23,NIBLGF,9.98,9.35,-6.31,575,4,nepse_playwright
2026-06-23,NIBLSTF,9.8,9.29,-5.2,16403,16,nepse_playwright
2026-06-23,LUK,11.66,10.81,-7.29,35365,17,nepse_playwright
2026-06-23,CMF2,10.17,9.85,-3.15,0,0,nepse_playwright
2026-06-23,LVF2,11.41,9.8,-14.11,12127,10,nepse_playwright
2026-06-23,NIBSF2,9.93,9.35,-5.84,29250,14,nepse_playwright
2026-06-23,NICBF,10.32,9.16,-11.24,2400,3,nepse_playwright
2026-06-23,NICFC,10.3,9.23,-10.39,2600,16,nepse_playwright
2026-06-23,PSF,13.62,12.15,-10.79,9560,21,nepse_playwright
2026-06-23,PRSF,14.77,12.78,-13.47,133710,29,nepse_playwright
2026-06-23,NICSF,9.8,9.38,-4.29,30895,25,nepse_playwright
2026-06-23,NMBHF2,10.56,9.75,-7.67,44490,31,nepse_playwright
2026-06-23,NMB50,10.6,10.21,-3.68,6420,2,nepse_playwright
2026-06-23,RMF1,10.45,10.02,-4.11,12875,13,nepse_playwright
2026-06-23,NSIF2,11.93,10.56,-11.48,1200,12,nepse_playwright
2026-06-23,RMF2,11.06,10.0,-9.58,400,2,nepse_playwright
2026-06-23,SEF,10.65,10.39,-2.44,53300,16,nepse_playwright
2026-06-23,RBBF40,10.15,9.21,-9.26,6549,14,nepse_playwright
2026-06-23,SBCF,11.34,10.09,-11.02,6017,13,nepse_playwright
2026-06-23,SFEF,11.43,10.0,-12.51,13020,9,nepse_playwright
2026-06-23,SFMF,11.3,11.0,-2.65,3400,5,nepse_playwright
2026-06-23,SIGS2,11.22,10.4,-7.31,9215,4,nepse_playwright
2026-06-23,SIGS3,11.9,11.1,-6.72,600,4,nepse_playwright
2026-06-23,SLCF,10.36,10.01,-3.38,15310,14,nepse_playwright
2026-06-23,NICGF2,10.4,9.31,-10.48,34299,16,nepse_playwright
2026-06-23,RSY,11.35,10.15,-10.57,3560,25,nepse_playwright
2026-06-23,SAGF,10.82,10.11,-6.56,5900,9,nepse_playwright
2026-06-24,KEF,11.95,10.54,-11.8,17300,20,nepse_playwright
2026-06-24,KDBY,12.79,10.95,-14.39,906700,27,nepse_playwright
2026-06-24,HLICF,8.96,8.88,-0.89,4100,14,nepse_playwright
2026-06-24,GBIMESY2,10.22,9.42,-7.83,1600,14,nepse_playwright
2026-06-24,GSY,10.49,10.0,-4.67,3750,25,nepse_playwright
2026-06-24,GIBF1,11.97,10.55,-11.86,700,7,nepse_playwright
2026-06-24,KSY,10.57,9.75,-7.76,970,8,nepse_playwright
2026-06-24,H8020,12.62,11.53,-8.64,2600,11,nepse_playwright
2026-06-24,C30MF,10.81,10.0,-7.49,300,3,nepse_playwright
2026-06-24,MNMF1,10.62,9.88,-6.97,40277,22,nepse_playwright
2026-06-24,MBLEF,11.02,10.0,-9.26,65670,20,nepse_playwright
2026-06-24,MMF1,9.78,9.63,-1.53,28430,40,nepse_playwright
2026-06-24,NBF2,10.47,9.91,-5.35,400,2,nepse_playwright
2026-06-24,NBF3,10.32,9.99,-3.2,42190,23,nepse_playwright
2026-06-24,NIBLGF,9.98,9.5,-4.81,5800,9,nepse_playwright
2026-06-24,NIBLSTF,9.8,9.25,-5.61,1223,11,nepse_playwright
2026-06-24,LUK,11.66,10.79,-7.46,1800,5,nepse_playwright
2026-06-24,CMF2,10.17,9.89,-2.75,22000,3,nepse_playwright
2026-06-24,LVF2,11.41,9.75,-14.55,500,5,nepse_playwright
2026-06-24,NIBSF2,9.93,9.08,-8.56,800,6,nepse_playwright
2026-06-24,NICBF,10.32,9.22,-10.66,100,1,nepse_playwright
2026-06-24,NICFC,10.3,9.27,-10.0,1900,13,nepse_playwright
2026-06-24,PSF,13.62,11.81,-13.29,57800,19,nepse_playwright
2026-06-24,PRSF,14.77,12.6,-14.69,49261,12,nepse_playwright
2026-06-24,NICSF,9.8,9.3,-5.1,14500,12,nepse_playwright
2026-06-24,NMBHF2,10.56,9.7,-8.14,2220,8,nepse_playwright
2026-06-24,NMB50,10.6,10.19,-3.87,400,2,nepse_playwright
2026-06-24,RMF1,10.45,10.0,-4.31,5510,10,nepse_playwright
2026-06-24,NSIF2,11.93,10.53,-11.74,9900,8,nepse_playwright
2026-06-24,RMF2,11.06,9.82,-11.21,100,1,nepse_playwright
2026-06-24,SEF,10.65,10.3,-3.29,3221,4,nepse_playwright
2026-06-24,RBBF40,10.15,9.2,-9.36,3750,14,nepse_playwright
2026-06-24,SBCF,11.34,10.0,-11.82,32900,18,nepse_playwright
2026-06-24,SFEF,11.43,10.1,-11.64,20800,6,nepse_playwright
2026-06-24,SFMF,11.3,11.0,-2.65,0,0,nepse_playwright
2026-06-24,SIGS2,11.22,10.22,-8.91,1000,2,nepse_playwright
2026-06-24,SIGS3,11.9,11.1,-6.72,0,0,nepse_playwright
2026-06-24,SLCF,10.36,10.09,-2.61,10300,16,nepse_playwright
2026-06-24,NICGF2,10.4,9.25,-11.06,2926,12,nepse_playwright
2026-06-24,RSY,11.35,10.16,-10.48,5200,24,nepse_playwright
2026-06-24,SAGF,10.82,10.01,-7.49,6200,12,nepse_playwright
2026-06-25,KEF,11.95,10.4,-12.97,6450,8,nepse_playwright
2026-06-25,KDBY,12.79,10.87,-15.01,22500,23,nepse_playwright
2026-06-25,HLICF,8.96,9.0,0.45,14250,15,nepse_playwright
2026-06-25,GBIMESY2,10.22,9.23,-9.69,2000,9,nepse_playwright
2026-06-25,GSY,10.49,10.0,-4.67,12900,27,nepse_playwright
2026-06-25,GIBF1,11.97,10.65,-11.03,34035,16,nepse_playwright
2026-06-25,KSY,10.57,9.75,-7.76,4539,10,nepse_playwright
2026-06-25,H8020,12.62,11.53,-8.64,4900,9,nepse_playwright
2026-06-25,C30MF,10.81,10.0,-7.49,300,3,nepse_playwright
2026-06-25,MNMF1,10.62,9.78,-7.91,24400,22,nepse_playwright
2026-06-25,MBLEF,11.02,9.95,-9.71,22050,22,nepse_playwright
2026-06-25,MMF1,9.78,9.46,-3.27,25202,36,nepse_playwright
2026-06-25,NBF2,10.47,10.1,-3.53,4700,5,nepse_playwright
2026-06-25,NBF3,10.32,10.0,-3.1,138324,34,nepse_playwright
2026-06-25,NIBLGF,9.98,9.6,-3.81,2400,8,nepse_playwright
2026-06-25,NIBLSTF,9.8,9.31,-5.0,1200,9,nepse_playwright
2026-06-25,LUK,11.66,10.54,-9.61,2000,3,nepse_playwright
2026-06-25,CMF2,10.17,9.95,-2.16,1000,1,nepse_playwright
2026-06-25,LVF2,11.41,9.8,-14.11,1500,11,nepse_playwright
2026-06-25,NIBSF2,9.93,9.22,-7.15,1100,8,nepse_playwright
2026-06-25,NICBF,10.32,9.22,-10.66,0,0,nepse_playwright
2026-06-25,NICFC,10.3,9.4,-8.74,16495,14,nepse_playwright
2026-06-25,PSF,13.62,11.75,-13.73,71810,15,nepse_playwright
2026-06-25,PRSF,14.77,12.65,-14.35,75000,18,nepse_playwright
2026-06-25,NICSF,9.8,9.3,-5.1,21700,13,nepse_playwright
2026-06-25,NMBHF2,10.56,9.61,-9.0,7377,25,nepse_playwright
2026-06-25,NMB50,10.6,10.19,-3.87,0,0,nepse_playwright
2026-06-25,RMF1,10.45,9.78,-6.41,1300,6,nepse_playwright
2026-06-25,NSIF2,11.93,10.62,-10.98,600,5,nepse_playwright
2026-06-25,RMF2,11.06,10.11,-8.59,100,1,nepse_playwright
2026-06-25,SEF,10.65,10.16,-4.6,3100,4,nepse_playwright
2026-06-25,RBBF40,10.15,9.25,-8.87,1900,8,nepse_playwright
2026-06-25,SBCF,11.34,9.7,-14.46,900,5,nepse_playwright
2026-06-25,SFEF,11.43,10.01,-12.42,20000,6,nepse_playwright
2026-06-25,SFMF,11.3,11.0,-2.65,1500,1,nepse_playwright
2026-06-25,SIGS2,11.22,10.3,-8.2,15000,2,nepse_playwright
2026-06-25,SIGS3,11.9,10.67,-10.34,2000,4,nepse_playwright
2026-06-25,SLCF,10.36,9.94,-4.05,1500,8,nepse_playwright
2026-06-25,NICGF2,10.4,9.27,-10.87,5700,22,nepse_playwright
2026-06-25,RSY,11.35,10.16,-10.48,2300,18,nepse_playwright
2026-06-25,SAGF,10.82,10.08,-6.84,900,8,nepse_playwright
2026-06-26,KEF,11.95,10.71,-10.38,149500,32,nepse_playwright
2026-06-26,KDBY,12.79,10.95,-14.39,4500,16,nepse_playwright
2026-06-26,HLICF,8.96,8.92,-0.45,942,10,nepse_playwright
2026-06-26,GBIMESY2,10.22,9.25,-9.49,500,5,nepse_playwright
2026-06-26,GSY,10.49,10.0,-4.67,2300,23,nepse_playwright
2026-06-26,GIBF1,11.97,10.53,-12.03,510,5,nepse_playwright
2026-06-26,KSY,10.57,9.65,-8.7,4000,10,nepse_playwright
2026-06-26,H8020,12.62,11.5,-8.87,11499,14,nepse_playwright
2026-06-26,C30MF,10.81,10.0,-7.49,100,1,nepse_playwright
2026-06-26,MNMF1,10.62,9.85,-7.25,52750,17,nepse_playwright
2026-06-26,MBLEF,11.02,9.98,-9.44,66900,14,nepse_playwright
2026-06-26,MMF1,9.78,9.6,-1.84,57800,34,nepse_playwright
2026-06-26,NBF2,10.47,10.15,-3.06,6924,5,nepse_playwright
2026-06-26,NBF3,10.32,10.03,-2.81,31589,17,nepse_playwright
2026-06-26,NIBLGF,9.98,9.82,-1.6,1800,6,nepse_playwright
2026-06-26,NIBLSTF,9.8,9.3,-5.1,13100,16,nepse_playwright
2026-06-26,LUK,11.66,10.25,-12.09,1000,1,nepse_playwright
2026-06-26,CMF2,10.17,9.86,-3.05,1700,4,nepse_playwright
2026-06-26,LVF2,11.41,9.8,-14.11,400,4,nepse_playwright
2026-06-26,NIBSF2,9.93,9.0,-9.37,42291,23,nepse_playwright
2026-06-26,NICBF,10.32,9.3,-9.88,100,1,nepse_playwright
2026-06-26,NICFC,10.3,9.26,-10.1,600,6,nepse_playwright
2026-06-26,PSF,13.62,11.75,-13.73,12000,8,nepse_playwright
2026-06-26,PRSF,14.77,12.5,-15.37,97790,18,nepse_playwright
2026-06-26,NICSF,9.8,9.44,-3.67,4040,10,nepse_playwright
2026-06-26,NMBHF2,10.56,9.62,-8.9,3200,16,nepse_playwright
2026-06-26,NMB50,10.6,10.2,-3.77,100,1,nepse_playwright
2026-06-26,RMF1,10.45,10.05,-3.83,10000,5,nepse_playwright
2026-06-26,NSIF2,11.93,10.67,-10.56,61400,11,nepse_playwright
2026-06-26,RMF2,11.06,10.41,-5.88,200,2,nepse_playwright
2026-06-26,SEF,10.65,10.35,-2.82,2300,8,nepse_playwright
2026-06-26,RBBF40,10.15,9.18,-9.56,2100,8,nepse_playwright
2026-06-26,SBCF,11.34,9.9,-12.7,3100,10,nepse_playwright
2026-06-26,SFEF,11.43,10.0,-12.51,130300,14,nepse_playwright
2026-06-26,SFMF,11.3,10.67,-5.58,7335,1,nepse_playwright
2026-06-26,SIGS2,11.22,10.25,-8.65,9000,2,nepse_playwright
2026-06-26,SIGS3,11.9,10.84,-8.91,74110,10,nepse_playwright
2026-06-26,SLCF,10.36,10.1,-2.51,11600,15,nepse_playwright
2026-06-26,NICGF2,10.4,9.17,-11.83,1800,9,nepse_playwright
2026-06-26,RSY,11.35,10.13,-10.75,2900,23,nepse_playwright
2026-06-26,SAGF,10.82,10.01,-7.49,400,4,nepse_playwright
2026-06-29,KEF,11.95,10.79,-9.71,3050,13,nepse_playwright
2026-06-29,KDBY,12.79,10.8,-15.56,71450,42,nepse_playwright
2026-06-29,HLICF,8.96,8.9,-0.67,950,7,nepse_playwright
2026-06-29,GBIMESY2,10.22,9.27,-9.3,1600,10,nepse_playwright
2026-06-29,GSY,10.49,10.0,-4.67,13200,24,nepse_playwright
2026-06-29,GIBF1,11.97,10.6,-11.45,3200,13,nepse_playwright
2026-06-29,KSY,10.57,9.8,-7.28,3010,17,nepse_playwright
2026-06-29,H8020,12.62,11.35,-10.06,1036981,15,nepse_playwright
2026-06-29,C30MF,10.81,9.94,-8.05,7700,5,nepse_playwright
2026-06-29,MNMF1,10.62,9.81,-7.63,3000,16,nepse_playwright
2026-06-29,MBLEF,11.02,9.95,-9.71,25500,16,nepse_playwright
2026-06-29,MMF1,9.78,9.6,-1.84,27821,41,nepse_playwright
2026-06-29,NBF2,10.47,10.16,-2.96,2100,3,nepse_playwright
2026-06-29,NBF3,10.32,10.0,-3.1,39750,28,nepse_playwright
2026-06-29,NIBLGF,9.98,9.5,-4.81,1300,8,nepse_playwright
2026-06-29,NIBLSTF,9.8,9.3,-5.1,7807,21,nepse_playwright
2026-06-29,LUK,11.66,10.05,-13.81,7125,11,nepse_playwright
2026-06-29,CMF2,10.17,10.1,-0.69,5100,4,nepse_playwright
2026-06-29,LVF2,11.41,10.0,-12.36,17220,17,nepse_playwright
2026-06-29,NIBSF2,9.93,9.06,-8.76,10600,15,nepse_playwright
2026-06-29,NICBF,10.32,9.04,-12.4,800,3,nepse_playwright
2026-06-29,NICFC,10.3,9.07,-11.94,3750,19,nepse_playwright
2026-06-29,PSF,13.62,11.76,-13.66,86600,16,nepse_playwright
2026-06-29,PRSF,14.77,12.52,-15.23,118631,31,nepse_playwright
2026-06-29,NICSF,9.8,9.35,-4.59,12200,8,nepse_playwright
2026-06-29,NMBHF2,10.56,9.65,-8.62,3950,17,nepse_playwright
2026-06-29,NMB50,10.6,10.08,-4.91,9200,5,nepse_playwright
2026-06-29,RMF1,10.45,9.75,-6.7,68427,22,nepse_playwright
2026-06-29,NSIF2,11.93,10.57,-11.4,2620,11,nepse_playwright
2026-06-29,RMF2,11.06,10.1,-8.68,6800,6,nepse_playwright
2026-06-29,SEF,10.65,10.47,-1.69,225,2,nepse_playwright
2026-06-29,RBBF40,10.15,9.25,-8.87,700,7,nepse_playwright
2026-06-29,SBCF,11.34,10.0,-11.82,5300,10,nepse_playwright
2026-06-29,SFEF,11.43,10.0,-12.51,259035,17,nepse_playwright
2026-06-29,SFMF,11.3,10.5,-7.08,1000,1,nepse_playwright
2026-06-29,SIGS2,11.22,10.5,-6.42,5100,2,nepse_playwright
2026-06-29,SIGS3,11.9,10.6,-10.92,52370,11,nepse_playwright
2026-06-29,SLCF,10.36,10.3,-0.58,12800,10,nepse_playwright
2026-06-29,NICGF2,10.4,9.2,-11.54,14600,20,nepse_playwright
2026-06-29,RSY,11.35,10.01,-11.81,18800,15,nepse_playwright
2026-06-29,SAGF,10.82,10.0,-7.58,12000,14,nepse_playwright
2026-06-30,KEF,11.95,10.52,-11.97,3500,11,nepse_playwright
2026-06-30,KDBY,12.79,10.79,-15.64,734450,31,nepse_playwright
2026-06-30,HLICF,8.96,8.69,-3.01,2000,10,nepse_playwright
2026-06-30,GBIMESY2,10.22,9.21,-9.88,300,3,nepse_playwright
2026-06-30,GSY,10.49,9.8,-6.58,21500,14,nepse_playwright
2026-06-30,GIBF1,11.97,10.7,-10.61,2900,11,nepse_playwright
2026-06-30,KSY,10.57,9.65,-8.7,500,5,nepse_playwright
2026-06-30,H8020,12.62,11.35,-10.06,502900,15,nepse_playwright
2026-06-30,C30MF,10.81,9.96,-7.86,400,3,nepse_playwright
2026-06-30,MNMF1,10.62,9.75,-8.19,1100,9,nepse_playwright
2026-06-30,MBLEF,11.02,9.96,-9.62,3100,10,nepse_playwright
2026-06-30,MMF1,9.78,9.7,-0.82,10350,38,nepse_playwright
2026-06-30,NBF2,10.47,10.05,-4.01,1920,6,nepse_playwright
2026-06-30,NBF3,10.32,10.15,-1.65,108340,48,nepse_playwright
2026-06-30,NIBLGF,9.98,9.31,-6.71,1900,7,nepse_playwright
2026-06-30,NIBLSTF,9.8,9.31,-5.0,1200,11,nepse_playwright
2026-06-30,LUK,11.66,10.01,-14.15,11900,8,nepse_playwright
2026-06-30,CMF2,10.17,9.87,-2.95,5100,3,nepse_playwright
2026-06-30,LVF2,11.41,10.19,-10.69,14940,12,nepse_playwright
2026-06-30,NIBSF2,9.93,9.2,-7.35,7900,14,nepse_playwright
2026-06-30,NICBF,10.32,9.08,-12.02,200,2,nepse_playwright
2026-06-30,NICFC,10.3,9.1,-11.65,2950,21,nepse_playwright
2026-06-30,PSF,13.62,11.7,-14.1,9900,15,nepse_playwright
2026-06-30,PRSF,14.77,12.47,-15.57,3800,7,nepse_playwright
2026-06-30,NICSF,9.8,9.3,-5.1,32650,12,nepse_playwright
2026-06-30,NMBHF2,10.56,9.74,-7.77,7100,22,nepse_playwright
2026-06-30,NMB50,10.6,10.18,-3.96,100,1,nepse_playwright
2026-06-30,RMF1,10.45,9.8,-6.22,1487,6,nepse_playwright
2026-06-30,NSIF2,11.93,10.65,-10.73,62900,14,nepse_playwright
2026-06-30,RMF2,11.06,10.0,-9.58,300,3,nepse_playwright
2026-06-30,SEF,10.65,10.2,-4.23,3500,3,nepse_playwright
2026-06-30,RBBF40,10.15,9.3,-8.37,2100,14,nepse_playwright
2026-06-30,SBCF,11.34,10.0,-11.82,20350,12,nepse_playwright
2026-06-30,SFEF,11.43,9.9,-13.39,700,6,nepse_playwright
2026-06-30,SFMF,11.3,10.8,-4.42,100,1,nepse_playwright
2026-06-30,SIGS2,11.22,10.5,-6.42,500,2,nepse_playwright
2026-06-30,SIGS3,11.9,10.65,-10.5,12049,8,nepse_playwright
2026-06-30,SLCF,10.36,10.15,-2.03,27750,14,nepse_playwright
2026-06-30,NICGF2,10.4,9.12,-12.31,7900,11,nepse_playwright
2026-06-30,RSY,11.35,10.0,-11.89,2300,17,nepse_playwright
2026-06-30,SAGF,10.82,10.07,-6.93,1270,8,nepse_playwright
2026-07-01,KEF,11.95,10.56,-11.63,17980,20,nepse_playwright
2026-07-01,KDBY,12.79,10.99,-14.07,150202,39,nepse_playwright
2026-07-01,HLICF,8.96,8.76,-2.23,5500,9,nepse_playwright
2026-07-01,GBIMESY2,10.22,9.5,-7.05,2200,10,nepse_playwright
2026-07-01,GSY,10.49,10.0,-4.67,14560,22,nepse_playwright
2026-07-01,GIBF1,11.97,10.59,-11.53,6450,12,nepse_playwright
2026-07-01,KSY,10.57,9.99,-5.49,3210,13,nepse_playwright
2026-07-01,H8020,12.62,11.35,-10.06,1200,6,nepse_playwright
2026-07-01,C30MF,10.81,10.25,-5.18,1940,2,nepse_playwright
2026-07-01,MNMF1,10.62,9.81,-7.63,6250,17,nepse_playwright
2026-07-01,MBLEF,11.02,10.0,-9.26,5100,13,nepse_playwright
2026-07-01,MMF1,9.78,9.65,-1.33,20200,30,nepse_playwright
2026-07-01,NBF2,10.47,10.06,-3.92,3000,6,nepse_playwright
2026-07-01,NBF3,10.32,10.0,-3.1,5300,18,nepse_playwright
2026-07-01,NIBLGF,9.98,9.25,-7.31,1300,5,nepse_playwright
2026-07-01,NIBLSTF,9.8,9.08,-7.35,2900,11,nepse_playwright
2026-07-01,LUK,11.66,10.2,-12.52,35250,14,nepse_playwright
2026-07-01,CMF2,10.17,9.69,-4.72,5951,7,nepse_playwright
2026-07-01,LVF2,11.41,10.0,-12.36,1204,7,nepse_playwright
2026-07-01,NIBSF2,9.93,9.02,-9.16,1500,9,nepse_playwright
2026-07-01,NICBF,10.32,9.03,-12.5,250,2,nepse_playwright
2026-07-01,NICFC,10.3,9.35,-9.22,3100,14,nepse_playwright
2026-07-01,PSF,13.62,11.9,-12.63,67218,20,nepse_playwright
2026-07-01,PRSF,14.77,12.75,-13.68,119300,20,nepse_playwright
2026-07-01,NICSF,9.8,9.3,-5.1,10700,7,nepse_playwright
2026-07-01,NMBHF2,10.56,9.78,-7.39,16100,13,nepse_playwright
2026-07-01,NMB50,10.6,10.35,-2.36,500,1,nepse_playwright
2026-07-01,RMF1,10.45,10.0,-4.31,2070,6,nepse_playwright
2026-07-01,NSIF2,11.93,10.79,-9.56,10350,6,nepse_playwright
2026-07-01,RMF2,11.06,10.25,-7.32,1000,5,nepse_playwright
2026-07-01,SEF,10.65,10.25,-3.76,46000,6,nepse_playwright
2026-07-01,RBBF40,10.15,9.13,-10.05,800,8,nepse_playwright
2026-07-01,SBCF,11.34,9.8,-13.58,2900,8,nepse_playwright
2026-07-01,SFEF,11.43,10.19,-10.85,10595,9,nepse_playwright
2026-07-01,SFMF,11.3,10.8,-4.42,0,0,nepse_playwright
2026-07-01,SIGS2,11.22,10.5,-6.42,10000,2,nepse_playwright
2026-07-01,SIGS3,11.9,10.55,-11.34,20090,12,nepse_playwright
2026-07-01,SLCF,10.36,10.05,-2.99,44000,19,nepse_playwright
2026-07-01,NICGF2,10.4,9.42,-9.42,10500,13,nepse_playwright
2026-07-01,RSY,11.35,10.14,-10.66,1100,6,nepse_playwright
2026-07-01,SAGF,10.82,10.2,-5.73,1950,9,nepse_playwright
2026-07-02,KEF,11.95,10.61,-11.21,2700,11,nepse_playwright
2026-07-02,KDBY,12.79,11.08,-13.37,115604,20,nepse_playwright
2026-07-02,HLICF,8.96,8.92,-0.45,900,9,nepse_playwright
2026-07-02,GBIMESY2,10.22,9.35,-8.51,1000,6,nepse_playwright
2026-07-02,GSY,10.49,9.86,-6.01,24040,25,nepse_playwright
2026-07-02,GIBF1,11.97,10.6,-11.45,68597,15,nepse_playwright
2026-07-02,KSY,10.57,9.72,-8.04,400,3,nepse_playwright
2026-07-02,H8020,12.62,11.95,-5.31,26777,17,nepse_playwright
2026-07-02,C30MF,10.81,10.18,-5.83,1500,4,nepse_playwright
2026-07-02,MNMF1,10.62,9.85,-7.25,1950,14,nepse_playwright
2026-07-02,MBLEF,11.02,10.0,-9.26,2750,12,nepse_playwright
2026-07-02,MMF1,9.78,9.7,-0.82,12700,29,nepse_playwright
2026-07-02,NBF2,10.47,10.06,-3.92,2700,5,nepse_playwright
2026-07-02,NBF3,10.32,10.0,-3.1,33900,20,nepse_playwright
2026-07-02,NIBLGF,9.98,9.25,-7.31,9900,6,nepse_playwright
2026-07-02,NIBLSTF,9.8,9.01,-8.06,1000,9,nepse_playwright
2026-07-02,LUK,11.66,10.0,-14.24,7485,5,nepse_playwright
2026-07-02,CMF2,10.17,9.9,-2.65,3000,3,nepse_playwright
2026-07-02,LVF2,11.41,9.87,-13.5,600,6,nepse_playwright
2026-07-02,NIBSF2,9.93,9.1,-8.36,400,3,nepse_playwright
2026-07-02,NICBF,10.32,9.3,-9.88,500,1,nepse_playwright
2026-07-02,NICFC,10.3,9.45,-8.25,4600,13,nepse_playwright
2026-07-02,PSF,13.62,11.88,-12.78,35000,11,nepse_playwright
2026-07-02,PRSF,14.77,12.9,-12.66,130900,31,nepse_playwright
2026-07-02,NICSF,9.8,9.48,-3.27,24800,8,nepse_playwright
2026-07-02,NMBHF2,10.56,9.7,-8.14,3010,17,nepse_playwright
2026-07-02,NMB50,10.6,10.5,-0.94,5200,3,nepse_playwright
2026-07-02,RMF1,10.45,9.86,-5.65,200,2,nepse_playwright
2026-07-02,NSIF2,11.93,10.74,-9.97,15659,9,nepse_playwright
2026-07-02,RMF2,11.06,10.0,-9.58,1200,3,nepse_playwright
2026-07-02,SEF,10.65,9.95,-6.57,22300,8,nepse_playwright
2026-07-02,RBBF40,10.15,9.2,-9.36,2100,9,nepse_playwright
2026-07-02,SBCF,11.34,9.9,-12.7,7400,7,nepse_playwright
2026-07-02,SFEF,11.43,10.02,-12.34,500,5,nepse_playwright
2026-07-02,SFMF,11.3,10.8,-4.42,1100,2,nepse_playwright
2026-07-02,SIGS2,11.22,10.8,-3.74,10500,4,nepse_playwright
2026-07-02,SIGS3,11.9,10.6,-10.92,59750,16,nepse_playwright
2026-07-02,SLCF,10.36,10.03,-3.19,11100,7,nepse_playwright
2026-07-02,NICGF2,10.4,9.3,-10.58,13200,8,nepse_playwright
2026-07-02,RSY,11.35,10.3,-9.25,2350,15,nepse_playwright
2026-07-02,SAGF,10.82,10.49,-3.05,2200,8,nepse_playwright
2026-07-03,KEF,11.95,10.79,-9.71,44852,25,nepse_playwright
2026-07-03,KDBY,12.79,11.07,-13.45,65627,28,nepse_playwright
2026-07-03,HLICF,8.96,8.8,-1.79,4400,4,nepse_playwright
2026-07-03,GBIMESY2,10.22,9.22,-9.78,1150,7,nepse_playwright
2026-07-03,GSY,10.49,9.78,-6.77,5900,17,nepse_playwright
2026-07-03,GIBF1,11.97,10.62,-11.28,600,6,nepse_playwright
2026-07-03,KSY,10.57,9.75,-7.76,6890,8,nepse_playwright
2026-07-03,H8020,12.62,11.95,-5.31,400,4,nepse_playwright
2026-07-03,C30MF,10.81,10.18,-5.83,2400,3,nepse_playwright
2026-07-03,MNMF1,10.62,9.85,-7.25,25700,12,nepse_playwright
2026-07-03,MBLEF,11.02,10.0,-9.26,300,3,nepse_playwright
2026-07-03,MMF1,9.78,9.75,-0.31,5300,18,nepse_playwright
2026-07-03,NBF2,10.47,9.87,-5.73,61300,19,nepse_playwright
2026-07-03,NBF3,10.32,10.0,-3.1,19450,25,nepse_playwright
2026-07-03,NIBLGF,9.98,9.25,-7.31,0,0,nepse_playwright
2026-07-03,NIBLSTF,9.8,9.3,-5.1,10180,13,nepse_playwright
2026-07-03,LUK,11.66,10.01,-14.15,15310,13,nepse_playwright
2026-07-03,CMF2,10.17,9.9,-2.65,0,0,nepse_playwright
2026-07-03,LVF2,11.41,10.0,-12.36,6640,9,nepse_playwright
2026-07-03,NIBSF2,9.93,9.1,-8.36,2813,7,nepse_playwright
2026-07-03,NICBF,10.32,9.3,-9.88,1200,4,nepse_playwright
2026-07-03,NICFC,10.3,9.4,-8.74,1430,13,nepse_playwright
2026-07-03,PSF,13.62,11.82,-13.22,4500,7,nepse_playwright
2026-07-03,PRSF,14.77,12.61,-14.62,160200,27,nepse_playwright
2026-07-03,NICSF,9.8,9.24,-5.71,6300,4,nepse_playwright
2026-07-03,NMBHF2,10.56,9.78,-7.39,2122,10,nepse_playwright
2026-07-03,NMB50,10.6,10.5,-0.94,0,0,nepse_playwright
2026-07-03,RMF1,10.45,9.8,-6.22,1500,4,nepse_playwright
2026-07-03,NSIF2,11.93,10.79,-9.56,40300,6,nepse_playwright
2026-07-03,RMF2,11.06,10.0,-9.58,0,0,nepse_playwright
2026-07-03,SEF,10.65,9.95,-6.57,1000,1,nepse_playwright
2026-07-03,RBBF40,10.15,9.25,-8.87,1550,11,nepse_playwright
2026-07-03,SBCF,11.34,9.8,-13.58,9600,5,nepse_playwright
2026-07-03,SFEF,11.43,10.02,-12.34,100,1,nepse_playwright
2026-07-03,SFMF,11.3,10.79,-4.51,9686,4,nepse_playwright
2026-07-03,SIGS2,11.22,10.95,-2.41,7150,5,nepse_playwright
2026-07-03,SIGS3,11.9,10.6,-10.92,800,6,nepse_playwright
2026-07-03,SLCF,10.36,10.05,-2.99,7610,9,nepse_playwright
2026-07-03,NICGF2,10.4,9.21,-11.44,900,6,nepse_playwright
2026-07-03,RSY,11.35,10.01,-11.81,400,4,nepse_playwright
2026-07-03,SAGF,10.82,10.49,-3.05,0,0,nepse_playwright
2026-07-06,KEF,11.95,10.65,-10.88,2900,12,nepse_playwright
2026-07-06,KDBY,12.79,10.85,-15.17,478100,81,nepse_playwright
2026-07-06,HLICF,8.96,8.9,-0.67,3584,11,nepse_playwright
2026-07-06,GBIMESY2,10.22,9.2,-9.98,1100,10,nepse_playwright
2026-07-06,GSY,10.49,9.9,-5.62,3300,23,nepse_playwright
2026-07-06,GIBF1,11.97,11.02,-7.94,1900,13,nepse_playwright
2026-07-06,KSY,10.57,9.67,-8.51,600,5,nepse_playwright
2026-07-06,H8020,12.62,11.62,-7.92,200,2,nepse_playwright
2026-07-06,C30MF,10.81,9.92,-8.23,600,2,nepse_playwright
2026-07-06,MNMF1,10.62,9.67,-8.95,6150,9,nepse_playwright
2026-07-06,MBLEF,11.02,10.0,-9.26,3400,17,nepse_playwright
2026-07-06,MMF1,9.78,9.47,-3.17,11150,28,nepse_playwright
2026-07-06,NBF2,10.47,10.3,-1.62,24200,9,nepse_playwright
2026-07-06,NBF3,10.32,10.0,-3.1,11775,19,nepse_playwright
2026-07-06,NIBLGF,9.98,9.5,-4.81,6800,10,nepse_playwright
2026-07-06,NIBLSTF,9.8,8.6,-12.24,3700,12,nepse_playwright
2026-07-06,LUK,11.66,10.5,-9.95,24447,18,nepse_playwright
2026-07-06,CMF2,10.17,9.9,-2.65,0,0,nepse_playwright
2026-07-06,LVF2,11.41,9.75,-14.55,820,7,nepse_playwright
2026-07-06,NIBSF2,9.93,9.02,-9.16,9950,17,nepse_playwright
2026-07-06,NICBF,10.32,9.09,-11.92,6100,3,nepse_playwright
2026-07-06,NICFC,10.3,9.39,-8.83,32500,14,nepse_playwright
2026-07-06,PSF,13.62,11.76,-13.66,36300,19,nepse_playwright
2026-07-06,PRSF,14.77,12.54,-15.1,51500,17,nepse_playwright
2026-07-06,NICSF,9.8,9.35,-4.59,18300,14,nepse_playwright
2026-07-06,NMBHF2,10.56,9.8,-7.2,3905,13,nepse_playwright
2026-07-06,NMB50,10.6,10.19,-3.87,7500,2,nepse_playwright
2026-07-06,RMF1,10.45,9.94,-4.88,9100,10,nepse_playwright
2026-07-06,NSIF2,11.93,10.79,-9.56,17100,7,nepse_playwright
2026-07-06,RMF2,11.06,10.1,-8.68,7350,8,nepse_playwright
2026-07-06,SEF,10.65,10.0,-6.1,20300,12,nepse_playwright
2026-07-06,RBBF40,10.15,9.1,-10.34,7700,12,nepse_playwright
2026-07-06,SBCF,11.34,9.66,-14.81,10400,12,nepse_playwright
2026-07-06,SFEF,11.43,10.0,-12.51,1800,10,nepse_playwright
2026-07-06,SFMF,11.3,10.79,-4.51,0,0,nepse_playwright
2026-07-06,SIGS2,11.22,10.5,-6.42,2350,3,nepse_playwright
2026-07-06,SIGS3,11.9,10.6,-10.92,2800,9,nepse_playwright
2026-07-06,SLCF,10.36,10.01,-3.38,85450,33,nepse_playwright
2026-07-06,NICGF2,10.4,9.2,-11.54,7700,7,nepse_playwright
2026-07-06,RSY,11.35,10.0,-11.89,79800,19,nepse_playwright
2026-07-06,SAGF,10.82,10.29,-4.9,8075,10,nepse_playwright
2026-07-07,KEF,11.95,10.3,-13.81,35780,27,nepse_playwright
2026-07-07,KDBY,12.79,10.48,-18.06,326800,56,nepse_playwright
2026-07-07,HLICF,8.96,8.9,-0.67,700,7,nepse_playwright
2026-07-07,GBIMESY2,10.22,9.04,-11.55,2525,11,nepse_playwright
2026-07-07,GSY,10.49,10.1,-3.72,344290,50,nepse_playwright
2026-07-07,GIBF1,11.97,10.69,-10.69,500,5,nepse_playwright
2026-07-07,KSY,10.57,9.2,-12.96,28400,11,nepse_playwright
2026-07-07,H8020,12.62,11.9,-5.71,1650,16,nepse_playwright
2026-07-07,C30MF,10.81,10.2,-5.64,25050,5,nepse_playwright
2026-07-07,MNMF1,10.62,9.85,-7.25,3610,19,nepse_playwright
2026-07-07,MBLEF,11.02,9.95,-9.71,2650,12,nepse_playwright
2026-07-07,MMF1,9.78,9.68,-1.02,40360,43,nepse_playwright
2026-07-07,NBF2,10.47,10.0,-4.49,2000,11,nepse_playwright
2026-07-07,NBF3,10.32,10.0,-3.1,19400,22,nepse_playwright
2026-07-07,NIBLGF,9.98,9.3,-6.81,2750,10,nepse_playwright
2026-07-07,NIBLSTF,9.8,9.07,-7.45,12750,22,nepse_playwright
2026-07-07,LUK,11.66,10.4,-10.81,5200,5,nepse_playwright
2026-07-07,CMF2,10.17,9.9,-2.65,0,0,nepse_playwright
2026-07-07,LVF2,11.41,10.0,-12.36,26300,12,nepse_playwright
2026-07-07,NIBSF2,9.93,8.98,-9.57,14314,15,nepse_playwright
2026-07-07,NICBF,10.32,9.36,-9.3,600,2,nepse_playwright
2026-07-07,NICFC,10.3,9.35,-9.22,14000,22,nepse_playwright
2026-07-07,PSF,13.62,11.76,-13.66,1800,13,nepse_playwright
2026-07-07,PRSF,14.77,12.58,-14.83,76900,19,nepse_playwright
2026-07-07,NICSF,9.8,9.16,-6.53,1700,9,nepse_playwright
2026-07-07,NMBHF2,10.56,9.57,-9.38,4500,17,nepse_playwright
2026-07-07,NMB50,10.6,10.69,0.85,4500,5,nepse_playwright
2026-07-07,RMF1,10.45,9.81,-6.12,1550,9,nepse_playwright
2026-07-07,NSIF2,11.93,10.54,-11.65,100,1,nepse_playwright
2026-07-07,RMF2,11.06,10.1,-8.68,0,0,nepse_playwright
2026-07-07,SEF,10.65,10.0,-6.1,16100,6,nepse_playwright
2026-07-07,RBBF40,10.15,10.36,2.07,10150,24,nepse_playwright
2026-07-07,SBCF,11.34,9.75,-14.02,55946,32,nepse_playwright
2026-07-07,SFEF,11.43,9.95,-12.95,400,4,nepse_playwright
2026-07-07,SFMF,11.3,10.79,-4.51,0,0,nepse_playwright
2026-07-07,SIGS2,11.22,10.6,-5.53,3000,4,nepse_playwright
2026-07-07,SIGS3,11.9,10.6,-10.92,900,7,nepse_playwright
2026-07-07,SLCF,10.36,10.1,-2.51,2400,9,nepse_playwright
2026-07-07,NICGF2,10.4,9.15,-12.02,1500,14,nepse_playwright
2026-07-07,RSY,11.35,10.19,-10.22,51410,21,nepse_playwright
2026-07-07,SAGF,10.82,10.2,-5.73,3680,9,nepse_playwright
2026-07-08,KEF,11.95,10.33,-13.56,16700,16,nepse_playwright
2026-07-08,KDBY,12.79,10.5,-17.9,225650,62,nepse_playwright
2026-07-08,HLICF,8.96,9.16,2.23,3400,16,nepse_playwright
2026-07-08,GBIMESY2,10.22,9.2,-9.98,2800,19,nepse_playwright
2026-07-08,GSY,10.49,9.95,-5.15,1700,17,nepse_playwright
2026-07-08,GIBF1,11.97,10.81,-9.69,2600,9,nepse_playwright
2026-07-08,KSY,10.57,9.57,-9.46,1200,7,nepse_playwright
2026-07-08,H8020,12.62,12.12,-3.96,2264,13,nepse_playwright
2026-07-08,C30MF,10.81,10.24,-5.27,1360,9,nepse_playwright
2026-07-08,MNMF1,10.62,9.85,-7.25,38385,18,nepse_playwright
2026-07-08,MBLEF,11.02,10.0,-9.26,800,7,nepse_playwright
2026-07-08,MMF1,9.78,9.79,0.1,17730,24,nepse_playwright
2026-07-08,NBF2,10.47,9.81,-6.3,19500,6,nepse_playwright
2026-07-08,NBF3,10.32,10.0,-3.1,14250,23,nepse_playwright
2026-07-08,NIBLGF,9.98,9.29,-6.91,13900,8,nepse_playwright
2026-07-08,NIBLSTF,9.8,8.91,-9.08,9100,16,nepse_playwright
2026-07-08,LUK,11.66,10.3,-11.66,6000,7,nepse_playwright
2026-07-08,CMF2,10.17,9.9,-2.65,0,0,nepse_playwright
2026-07-08,LVF2,11.41,10.0,-12.36,31733,13,nepse_playwright
2026-07-08,NIBSF2,9.93,8.98,-9.57,0,0,nepse_playwright
2026-07-08,NICBF,10.32,9.6,-6.98,7300,1,nepse_playwright
2026-07-08,NICFC,10.3,9.36,-9.13,5500,8,nepse_playwright
2026-07-08,PSF,13.62,11.95,-12.26,18100,18,nepse_playwright
2026-07-08,PRSF,14.77,12.59,-14.76,163123,30,nepse_playwright
2026-07-08,NICSF,9.8,9.4,-4.08,45900,15,nepse_playwright
2026-07-08,NMBHF2,10.56,9.79,-7.29,3180,18,nepse_playwright
2026-07-08,NMB50,10.6,10.39,-1.98,15830,6,nepse_playwright
2026-07-08,RMF1,10.45,9.78,-6.41,4700,13,nepse_playwright
2026-07-08,NSIF2,11.93,10.6,-11.15,400,4,nepse_playwright
2026-07-08,RMF2,11.06,10.1,-8.68,1100,8,nepse_playwright
2026-07-08,SEF,10.65,9.91,-6.95,6501,7,nepse_playwright
2026-07-08,RBBF40,10.15,9.83,-3.15,10481,29,nepse_playwright
2026-07-08,SBCF,11.34,9.6,-15.34,3850,9,nepse_playwright
2026-07-08,SFEF,11.43,9.95,-12.95,200,2,nepse_playwright
2026-07-08,SFMF,11.3,10.47,-7.35,100,1,nepse_playwright
2026-07-08,SIGS2,11.22,10.31,-8.11,150,1,nepse_playwright
2026-07-08,SIGS3,11.9,10.47,-12.02,2500,6,nepse_playwright
2026-07-08,SLCF,10.36,10.01,-3.38,3300,8,nepse_playwright
2026-07-08,NICGF2,10.4,9.2,-11.54,500,5,nepse_playwright
2026-07-08,RSY,11.35,10.1,-11.01,66505,20,nepse_playwright
2026-07-08,SAGF,10.82,9.95,-8.04,300,3,nepse_playwright
2026-07-10,KEF,11.95,11.16,-6.61,20500,15,nepse_playwright
2026-07-10,KDBY,12.79,10.68,-16.5,6650,34,nepse_playwright
2026-07-10,HLICF,8.96,8.73,-2.57,2832,11,nepse_playwright
2026-07-10,GBIMESY2,10.22,9.09,-11.06,1600,5,nepse_playwright
2026-07-10,GSY,10.49,10.0,-4.67,4500,21,nepse_playwright
2026-07-10,GIBF1,11.97,10.5,-12.28,1300,12,nepse_playwright
2026-07-10,KSY,10.57,9.7,-8.23,1500,7,nepse_playwright
2026-07-10,H8020,12.62,11.8,-6.5,22706,15,nepse_playwright
2026-07-10,C30MF,10.81,10.01,-7.4,200,2,nepse_playwright
2026-07-10,MNMF1,10.62,9.85,-7.25,85300,15,nepse_playwright
2026-07-10,MBLEF,11.02,10.0,-9.26,1000,10,nepse_playwright
2026-07-10,MMF1,9.78,9.6,-1.84,34230,29,nepse_playwright
2026-07-10,NBF2,10.47,9.9,-5.44,12315,14,nepse_playwright
2026-07-10,NBF3,10.32,10.1,-2.13,47740,26,nepse_playwright
2026-07-10,NIBLGF,9.98,9.5,-4.81,500,5,nepse_playwright
2026-07-10,NIBLSTF,9.8,8.47,-13.57,120850,15,nepse_playwright
2026-07-10,LUK,11.66,10.0,-14.24,1600,5,nepse_playwright
2026-07-10,CMF2,10.17,9.9,-2.65,0,0,nepse_playwright
2026-07-10,LVF2,11.41,9.75,-14.55,700,6,nepse_playwright
2026-07-10,NIBSF2,9.93,8.86,-10.78,20300,8,nepse_playwright
2026-07-10,NICBF,10.32,9.1,-11.82,3000,3,nepse_playwright
2026-07-10,NICFC,10.3,9.6,-6.8,2750,25,nepse_playwright
2026-07-10,PSF,13.62,11.85,-13.0,6700,12,nepse_playwright
2026-07-10,PRSF,14.77,12.7,-14.01,19785,10,nepse_playwright
2026-07-10,NICSF,9.8,9.35,-4.59,39725,26,nepse_playwright
2026-07-10,NMBHF2,10.56,9.78,-7.39,3799,14,nepse_playwright
2026-07-10,NMB50,10.6,10.25,-3.3,2986,4,nepse_playwright
2026-07-10,RMF1,10.45,9.8,-6.22,7600,8,nepse_playwright
2026-07-10,NSIF2,11.93,10.65,-10.73,800,7,nepse_playwright
2026-07-10,RMF2,11.06,9.95,-10.04,100,1,nepse_playwright
2026-07-10,SEF,10.65,10.22,-4.04,5300,6,nepse_playwright
2026-07-10,RBBF40,10.15,9.26,-8.77,2400,8,nepse_playwright
2026-07-10,SBCF,11.34,9.66,-14.81,31200,10,nepse_playwright
2026-07-10,SFEF,11.43,10.0,-12.51,300,3,nepse_playwright
2026-07-10,SFMF,11.3,10.2,-9.73,980,2,nepse_playwright
2026-07-10,SIGS2,11.22,10.2,-9.09,10000,4,nepse_playwright
2026-07-10,SIGS3,11.9,10.6,-10.92,13150,7,nepse_playwright
2026-07-10,SLCF,10.36,10.0,-3.47,28100,11,nepse_playwright
2026-07-10,NICGF2,10.4,9.1,-12.5,6950,9,nepse_playwright
2026-07-10,RSY,11.35,10.1,-11.01,3200,11,nepse_playwright
2026-07-10,SAGF,10.82,10.25,-5.27,1400,8,nepse_playwright
2026-07-13,HLICF,8.96,8.75,-2.34,1700,9,nepse_playwright
2026-07-13,H8020,12.62,11.7,-7.29,1220,9,nepse_playwright
2026-07-13,GSY,10.49,9.95,-5.15,24850,19,nepse_playwright
2026-07-13,C30MF,10.81,9.93,-8.14,30100,3,nepse_playwright
2026-07-13,GBIMESY2,10.22,9.5,-7.05,2005175,25,nepse_playwright
2026-07-13,CMF2,10.17,9.9,-2.65,0,0,nepse_playwright
2026-07-13,KDBY,12.79,10.7,-16.34,57045,35,nepse_playwright
2026-07-13,GIBF1,11.97,10.35,-13.53,1001600,14,nepse_playwright
2026-07-13,KEF,11.95,10.66,-10.79,2408770,16,nepse_playwright
2026-07-13,MBLEF,11.02,9.91,-10.07,510600,14,nepse_playwright
2026-07-13,LUK,11.66,10.0,-14.24,1800,6,nepse_playwright
2026-07-13,LVF2,11.41,9.77,-14.37,700,6,nepse_playwright
2026-07-13,MMF1,9.78,9.7,-0.82,457040,35,nepse_playwright
2026-07-13,MNMF1,10.62,9.8,-7.72,12150,13,nepse_playwright
2026-07-13,KSY,10.57,9.5,-10.12,2450,6,nepse_playwright
2026-07-13,NBF3,10.32,9.98,-3.29,14000,16,nepse_playwright
2026-07-13,NIBLGF,9.98,9.0,-9.82,2350,10,nepse_playwright
2026-07-13,NIBLSTF,9.8,8.42,-14.08,151627,58,nepse_playwright
2026-07-13,NIBSF2,9.93,8.46,-14.8,3702321,34,nepse_playwright
2026-07-13,SFMF,11.3,10.2,-9.73,30740,5,nepse_playwright
2026-07-13,NBF2,10.47,10.03,-4.2,27011,9,nepse_playwright
2026-07-13,RMF2,11.06,9.71,-12.21,570,3,nepse_playwright
2026-07-13,PSF,13.62,11.6,-14.83,1470600,17,nepse_playwright
2026-07-13,PRSF,14.77,12.6,-14.69,85300,22,nepse_playwright
2026-07-13,NSIF2,11.93,10.56,-11.48,2000,8,nepse_playwright
2026-07-13,NICGF2,10.4,9.15,-12.02,700,7,nepse_playwright
2026-07-13,NMB50,10.6,10.49,-1.04,3100,5,nepse_playwright
2026-07-13,NICSF,9.8,9.2,-6.12,3062450,27,nepse_playwright
2026-07-13,RBBF40,10.15,9.15,-9.85,2652000,42,nepse_playwright
2026-07-13,NMBHF2,10.56,9.51,-9.94,10001600,31,nepse_playwright
2026-07-13,RMF1,10.45,9.79,-6.32,28500,19,nepse_playwright
2026-07-13,NICBF,10.32,8.98,-12.98,3000,4,nepse_playwright
2026-07-13,RSY,11.35,10.0,-11.89,5700,9,nepse_playwright
2026-07-13,SAGF,10.82,9.95,-8.04,1100,6,nepse_playwright
2026-07-13,SEF,10.65,10.0,-6.1,15500,7,nepse_playwright
2026-07-13,SFEF,11.43,10.0,-12.51,6000,7,nepse_playwright
2026-07-13,SLCF,10.36,9.9,-4.44,21000,8,nepse_playwright
2026-07-13,SIGS2,11.22,10.2,-9.09,0,0,nepse_playwright
2026-07-13,SIGS3,11.9,10.5,-11.76,67791,12,nepse_playwright
2026-07-13,NICFC,10.3,9.16,-11.07,1800,12,nepse_playwright
2026-07-13,SBCF,11.34,9.6,-15.34,3015900,17,nepse_playwright
2026-07-14,KEF,11.95,10.5,-12.13,4100,10,nepse_playwright
2026-07-14,KDBY,12.79,10.83,-15.32,79445,32,nepse_playwright
2026-07-14,HLICF,8.96,8.75,-2.34,1082,8,nepse_playwright
2026-07-14,GBIMESY2,10.22,9.5,-7.05,300,3,nepse_playwright
2026-07-14,GSY,10.49,10.1,-3.72,6800,30,nepse_playwright
2026-07-14,GIBF1,11.97,10.3,-13.95,21150,12,nepse_playwright
2026-07-14,KSY,10.57,9.8,-7.28,3550,9,nepse_playwright
2026-07-14,H8020,12.62,11.55,-8.48,3030,10,nepse_playwright
2026-07-14,C30MF,10.81,10.02,-7.31,3020,5,nepse_playwright
2026-07-14,MNMF1,10.62,9.6,-9.6,104945,15,nepse_playwright
2026-07-14,MBLEF,11.02,10.07,-8.62,16500,13,nepse_playwright
2026-07-14,MMF1,9.78,9.8,0.2,584880,56,nepse_playwright
2026-07-14,NBF2,10.47,10.0,-4.49,4700,4,nepse_playwright
2026-07-14,NBF3,10.32,9.95,-3.59,53691,29,nepse_playwright
2026-07-14,NIBLGF,9.98,9.5,-4.81,7300,15,nepse_playwright
2026-07-14,NIBLSTF,9.8,9.07,-7.45,28000,25,nepse_playwright
2026-07-14,LUK,11.66,9.9,-15.09,1100,3,nepse_playwright
2026-07-14,CMF2,10.17,9.9,-2.65,0,0,nepse_playwright
2026-07-14,LVF2,11.41,10.0,-12.36,1600,7,nepse_playwright
2026-07-14,NIBSF2,9.93,8.7,-12.39,37595,30,nepse_playwright
2026-07-14,NICBF,10.32,8.98,-12.98,0,0,nepse_playwright
2026-07-14,NICFC,10.3,9.17,-10.97,2600,15,nepse_playwright
2026-07-14,PSF,13.62,11.8,-13.36,4695,9,nepse_playwright
2026-07-14,PRSF,14.77,12.6,-14.69,1500,5,nepse_playwright
2026-07-14,NICSF,9.8,9.35,-4.59,125000,12,nepse_playwright
2026-07-14,NMBHF2,10.56,9.55,-9.56,1910,9,nepse_playwright
2026-07-14,NMB50,10.6,10.49,-1.04,0,0,nepse_playwright
2026-07-14,RMF1,10.45,9.69,-7.27,1127140,26,nepse_playwright
2026-07-14,NSIF2,11.93,10.4,-12.82,52099,15,nepse_playwright
2026-07-14,RMF2,11.06,9.7,-12.3,2100,3,nepse_playwright
2026-07-14,SEF,10.65,10.0,-6.1,30632,15,nepse_playwright
2026-07-14,RBBF40,10.15,9.3,-8.37,2451040,39,nepse_playwright
2026-07-14,SBCF,11.34,9.65,-14.9,189932,27,nepse_playwright
2026-07-14,SFEF,11.43,10.0,-12.51,18560,4,nepse_playwright
2026-07-14,SFMF,11.3,10.3,-8.85,3800,5,nepse_playwright
2026-07-14,SIGS2,11.22,10.2,-9.09,0,0,nepse_playwright
2026-07-14,SIGS3,11.9,10.49,-11.85,505100,56,nepse_playwright
2026-07-14,SLCF,10.36,10.0,-3.47,365650,22,nepse_playwright
2026-07-14,NICGF2,10.4,9.38,-9.81,8200,5,nepse_playwright
2026-07-14,RSY,11.35,10.0,-11.89,1200,7,nepse_playwright
2026-07-14,SAGF,10.82,10.05,-7.12,300,3,nepse_playwright
2026-07-15,KEF,11.95,10.32,-13.64,15750,21,nepse_playwright
2026-07-15,KDBY,12.79,10.77,-15.79,23905,25,nepse_playwright
2026-07-15,HLICF,8.96,8.7,-2.9,700,5,nepse_playwright
2026-07-15,GBIMESY2,10.22,9.5,-7.05,9700,13,nepse_playwright
2026-07-15,GSY,10.49,10.0,-4.67,9550,24,nepse_playwright
2026-07-15,GIBF1,11.97,10.5,-12.28,22945,9,nepse_playwright
2026-07-15,KSY,10.57,9.75,-7.76,6044,8,nepse_playwright
2026-07-15,H8020,12.62,12.0,-4.91,3060,8,nepse_playwright
2026-07-15,C30MF,10.81,9.75,-9.81,21920,7,nepse_playwright
2026-07-15,MNMF1,10.62,9.9,-6.78,7300,17,nepse_playwright
2026-07-15,MBLEF,11.02,10.14,-7.99,6200,12,nepse_playwright
2026-07-15,MMF1,9.78,9.75,-0.31,28597,29,nepse_playwright
2026-07-15,NBF2,10.47,9.91,-5.35,7100,5,nepse_playwright
2026-07-15,NBF3,10.32,10.0,-3.1,39300,20,nepse_playwright
2026-07-15,NIBLGF,9.98,9.49,-4.91,200,2,nepse_playwright
2026-07-15,NIBLSTF,9.8,8.5,-13.27,93040,37,nepse_playwright
2026-07-15,LUK,11.66,9.9,-15.09,0,0,nepse_playwright
2026-07-15,CMF2,10.17,9.9,-2.65,0,0,nepse_playwright
2026-07-15,LVF2,11.41,9.95,-12.8,10850,7,nepse_playwright
2026-07-15,NIBSF2,9.93,9.1,-8.36,39455,18,nepse_playwright
2026-07-15,NICBF,10.32,9.24,-10.47,800,2,nepse_playwright
2026-07-15,NICFC,10.3,9.49,-7.86,17270,14,nepse_playwright
2026-07-15,PSF,13.62,11.7,-14.1,16630,16,nepse_playwright
2026-07-15,PRSF,14.77,12.37,-16.25,103850,19,nepse_playwright
2026-07-15,NICSF,9.8,9.0,-8.16,1600,6,nepse_playwright
2026-07-15,NMBHF2,10.56,9.4,-10.98,1800,13,nepse_playwright
2026-07-15,NMB50,10.6,10.49,-1.04,0,0,nepse_playwright
2026-07-15,RMF1,10.45,9.9,-5.26,575,5,nepse_playwright
2026-07-15,NSIF2,11.93,10.4,-12.82,27040,11,nepse_playwright
2026-07-15,RMF2,11.06,9.93,-10.22,214700,10,nepse_playwright
2026-07-15,SEF,10.65,9.96,-6.48,34060,16,nepse_playwright
2026-07-15,RBBF40,10.15,9.25,-8.87,38301,15,nepse_playwright
2026-07-15,SBCF,11.34,9.65,-14.9,92960,16,nepse_playwright
2026-07-15,SFEF,11.43,10.0,-12.51,700,7,nepse_playwright
2026-07-15,SFMF,11.3,10.18,-9.91,5700,5,nepse_playwright
2026-07-15,SIGS2,11.22,10.1,-9.98,1500,3,nepse_playwright
2026-07-15,SIGS3,11.9,10.5,-11.76,100,1,nepse_playwright
2026-07-15,SLCF,10.36,10.0,-3.47,147419,26,nepse_playwright
2026-07-15,NICGF2,10.4,9.43,-9.33,605,4,nepse_playwright
2026-07-15,RSY,11.35,10.01,-11.81,2105,13,nepse_playwright
2026-07-15,SAGF,10.82,10.3,-4.81,5790,7,nepse_playwright
2026-07-16,KEF,11.95,10.16,-14.98,2200,7,nepse_playwright
2026-07-16,KDBY,12.79,10.74,-16.03,61620,26,nepse_playwright
2026-07-16,HLICF,8.96,8.7,-2.9,4360,8,nepse_playwright
2026-07-16,GBIMESY2,10.22,9.98,-2.35,16750,22,nepse_playwright
2026-07-16,GSY,10.49,10.3,-1.81,32000,32,nepse_playwright
2026-07-16,GIBF1,11.97,10.5,-12.28,12150,12,nepse_playwright
2026-07-16,KSY,10.29,10.03,-2.53,300,3,nepse_playwright
2026-07-16,H8020,12.62,11.65,-7.69,10000,7,nepse_playwright
2026-07-16,C30MF,10.81,10.2,-5.64,740,5,nepse_playwright
2026-07-16,MNMF1,10.62,9.9,-6.78,2500,13,nepse_playwright
2026-07-16,MBLEF,11.02,10.0,-9.26,1600,9,nepse_playwright
2026-07-16,MMF1,9.78,9.75,-0.31,26000,29,nepse_playwright
2026-07-16,NBF2,10.47,9.9,-5.44,6311,4,nepse_playwright
2026-07-16,NBF3,10.32,9.93,-3.78,22870,19,nepse_playwright
2026-07-16,NIBLGF,9.98,10.91,9.32,39150,25,nepse_playwright
2026-07-16,NIBLSTF,9.8,9.04,-7.76,36531,20,nepse_playwright
2026-07-16,LUK,11.66,9.9,-15.09,0,0,nepse_playwright
2026-07-16,CMF2,10.17,9.9,-2.65,0,0,nepse_playwright
2026-07-16,LVF2,11.41,9.77,-14.37,12500,7,nepse_playwright
2026-07-16,NIBSF2,9.93,9.1,-8.36,72200,16,nepse_playwright
2026-07-16,NICBF,10.32,9.24,-10.47,0,0,nepse_playwright
2026-07-16,NICFC,10.3,9.06,-12.04,2340,8,nepse_playwright
2026-07-16,PSF,13.04,11.8,-9.51,6100,7,nepse_playwright
2026-07-16,PRSF,14.03,12.35,-11.97,153828,22,nepse_playwright
2026-07-16,NICSF,9.8,9.1,-7.14,2800,8,nepse_playwright
2026-07-16,NMBHF2,10.48,10.13,-3.34,79180,25,nepse_playwright
2026-07-16,NMB50,10.45,10.18,-2.58,14700,4,nepse_playwright
2026-07-16,RMF1,10.45,10.05,-3.83,49324,11,nepse_playwright
2026-07-16,NSIF2,11.66,10.23,-12.26,100,1,nepse_playwright
2026-07-16,RMF2,11.06,10.0,-9.58,3100,5,nepse_playwright
2026-07-16,SEF,10.65,10.02,-5.92,10400,10,nepse_playwright
2026-07-16,RBBF40,10.15,9.99,-1.58,12450,19,nepse_playwright
2026-07-16,SBCF,11.34,9.75,-14.02,12790,14,nepse_playwright
2026-07-16,SFEF,11.43,10.19,-10.85,12800,9,nepse_playwright
2026-07-16,SFMF,11.3,10.0,-11.5,10000,3,nepse_playwright
2026-07-16,SIGS2,11.22,11.0,-1.96,7000,9,nepse_playwright
2026-07-16,SIGS3,11.9,10.5,-11.76,1830,5,nepse_playwright
2026-07-16,SLCF,10.36,10.55,1.83,5500,12,nepse_playwright
2026-07-16,NICGF2,10.4,9.49,-8.75,2680,7,nepse_playwright
2026-07-16,RSY,11.35,10.24,-9.78,8910,20,nepse_playwright
2026-07-16,SAGF,10.54,10.45,-0.85,300,3,nepse_playwright
2026-07-17,KEF,11.95,10.34,-13.47,3500,12,nepse_playwright
2026-07-17,KDBY,12.79,10.87,-15.01,7300,21,nepse_playwright
2026-07-17,HLICF,8.96,8.64,-3.57,800,8,nepse_playwright
2026-07-17,GBIMESY2,10.22,9.69,-5.19,910,8,nepse_playwright
2026-07-17,GSY,10.49,10.3,-1.81,0,0,nepse_playwright
2026-07-17,GIBF1,11.97,10.45,-12.7,14450,10,nepse_playwright
2026-07-17,KSY,10.29,9.75,-5.25,700,5,nepse_playwright
2026-07-17,H8020,12.62,11.72,-7.13,550,5,nepse_playwright
2026-07-17,C30MF,10.81,10.2,-5.64,15000,1,nepse_playwright
2026-07-17,MNMF1,10.62,9.61,-9.51,1100,9,nepse_playwright
2026-07-17,MBLEF,11.02,10.05,-8.8,7970,10,nepse_playwright
2026-07-17,MMF1,9.78,9.87,0.92,5700,24,nepse_playwright
2026-07-17,NBF2,10.47,9.8,-6.4,500,4,nepse_playwright
2026-07-17,NBF3,10.32,10.0,-3.1,4920,14,nepse_playwright
2026-07-17,NIBLGF,9.98,10.91,9.32,0,0,nepse_playwright
2026-07-17,NIBLSTF,9.8,9.18,-6.33,24400,17,nepse_playwright
2026-07-17,LUK,11.66,10.49,-10.03,7820,3,nepse_playwright
2026-07-17,CMF2,10.17,9.9,-2.65,0,0,nepse_playwright
2026-07-17,LVF2,11.41,10.0,-12.36,900,8,nepse_playwright
2026-07-17,NIBSF2,9.93,8.85,-10.88,3920,5,nepse_playwright
2026-07-17,NICBF,10.32,9.24,-10.47,0,0,nepse_playwright
2026-07-17,NICFC,10.3,9.1,-11.65,900,9,nepse_playwright
2026-07-17,PSF,13.04,11.92,-8.59,12716,16,nepse_playwright
2026-07-17,PRSF,14.03,12.79,-8.84,2800,5,nepse_playwright
2026-07-17,NICSF,9.8,9.26,-5.51,2900,6,nepse_playwright
2026-07-17,NMBHF2,10.48,9.56,-8.78,8650,14,nepse_playwright
2026-07-17,NMB50,10.45,10.6,1.44,23850,10,nepse_playwright
2026-07-17,RMF1,10.45,9.76,-6.6,11300,12,nepse_playwright
2026-07-17,NSIF2,11.66,10.53,-9.69,670,2,nepse_playwright
2026-07-17,RMF2,11.06,9.92,-10.31,400,3,nepse_playwright
2026-07-17,SEF,10.65,9.98,-6.29,8497,6,nepse_playwright
2026-07-17,RBBF40,10.15,9.38,-7.59,15441,15,nepse_playwright
2026-07-17,SBCF,11.34,10.19,-10.14,66369,25,nepse_playwright
2026-07-17,SFEF,11.43,9.95,-12.95,200,2,nepse_playwright
2026-07-17,SFMF,11.3,10.2,-9.73,5000,1,nepse_playwright
2026-07-17,SIGS2,11.22,10.67,-4.9,110,1,nepse_playwright
2026-07-17,SIGS3,11.9,10.7,-10.08,460,4,nepse_playwright
2026-07-17,SLCF,10.36,10.24,-1.16,8100,8,nepse_playwright
2026-07-17,NICGF2,10.4,9.5,-8.65,52027,11,nepse_playwright
2026-07-17,RSY,11.35,10.0,-11.89,46100,19,nepse_playwright
2026-07-17,SAGF,10.54,10.49,-0.47,100,1,nepse_playwright
2026-07-20,KEF,11.95,10.5,-12.13,19800,8,nepse_playwright
2026-07-20,KDBY,12.79,11.1,-13.21,53300,40,nepse_playwright
2026-07-20,HLICF,8.96,8.74,-2.46,10620,17,nepse_playwright
2026-07-20,GBIMESY2,10.22,9.5,-7.05,2400,6,nepse_playwright
2026-07-20,GSY,10.49,10.0,-4.67,95600,29,nepse_playwright
2026-07-20,GIBF1,11.97,10.5,-12.28,2200,12,nepse_playwright
2026-07-20,KSY,10.29,9.75,-5.25,800,3,nepse_playwright
2026-07-20,H8020,12.62,11.62,-7.92,800,6,nepse_playwright
2026-07-20,C30MF,10.81,10.02,-7.31,6200,7,nepse_playwright
2026-07-20,MNMF1,10.62,9.9,-6.78,7500,16,nepse_playwright
2026-07-20,MBLEF,11.02,10.05,-8.8,2000,10,nepse_playwright
2026-07-20,MMF1,9.78,9.75,-0.31,7704,32,nepse_playwright
2026-07-20,NBF2,10.47,10.1,-3.53,2800,6,nepse_playwright
2026-07-20,NBF3,10.32,10.0,-3.1,31580,11,nepse_playwright
2026-07-20,NIBLGF,9.98,10.55,5.71,530,2,nepse_playwright
2026-07-20,NIBLSTF,9.8,8.91,-9.08,59800,21,nepse_playwright
2026-07-20,LUK,11.66,9.95,-14.67,400,2,nepse_playwright
2026-07-20,CMF2,10.17,9.9,-2.65,0,0,nepse_playwright
2026-07-20,LVF2,11.41,9.81,-14.02,1500,6,nepse_playwright
2026-07-20,NIBSF2,9.93,9.0,-9.37,13750,12,nepse_playwright
2026-07-20,NICBF,10.32,9.1,-11.82,1500,3,nepse_playwright
2026-07-20,NICFC,10.3,9.3,-9.71,1500,14,nepse_playwright
2026-07-20,PSF,13.04,12.0,-7.98,2200,8,nepse_playwright
2026-07-20,PRSF,14.03,12.75,-9.12,67600,9,nepse_playwright
2026-07-20,NICSF,9.8,9.27,-5.41,1855,11,nepse_playwright
2026-07-20,NMBHF2,10.48,9.77,-6.77,8620,12,nepse_playwright
2026-07-20,NMB50,10.45,10.88,4.11,45355,16,nepse_playwright
2026-07-20,RMF1,10.45,9.75,-6.7,41738,16,nepse_playwright
2026-07-20,NSIF2,11.66,10.46,-10.29,780,4,nepse_playwright
2026-07-20,RMF2,11.06,9.99,-9.67,2600,8,nepse_playwright
2026-07-20,SEF,10.65,10.2,-4.23,41510,8,nepse_playwright
2026-07-20,RBBF40,10.15,9.18,-9.56,91250,15,nepse_playwright
2026-07-20,SBCF,11.34,10.15,-10.49,9100,5,nepse_playwright
2026-07-20,SFEF,11.43,10.0,-12.51,500,3,nepse_playwright
2026-07-20,SFMF,11.3,10.5,-7.08,150,1,nepse_playwright
2026-07-20,SIGS2,11.22,10.5,-6.42,300,1,nepse_playwright
2026-07-20,SIGS3,11.9,10.37,-12.86,1900,8,nepse_playwright
2026-07-20,SLCF,10.36,10.0,-3.47,3038,5,nepse_playwright
2026-07-20,NICGF2,10.4,9.35,-10.1,2000,8,nepse_playwright
2026-07-20,RSY,11.35,10.1,-11.01,12000,14,nepse_playwright
2026-07-20,SAGF,10.54,10.49,-0.47,0,0,nepse_playwright
2026-07-21,KEF,11.95,10.4,-12.97,14590,17,nepse_playwright
2026-07-21,KDBY,12.79,11.11,-13.14,6710,39,nepse_playwright
2026-07-21,HLICF,8.96,8.73,-2.57,1525,6,nepse_playwright
2026-07-21,GBIMESY2,10.22,9.3,-9.0,400,4,nepse_playwright
2026-07-21,GSY,10.49,10.0,-4.67,23120,27,nepse_playwright
2026-07-21,GIBF1,11.97,10.52,-12.11,7070,15,nepse_playwright
2026-07-21,KSY,10.29,10.0,-2.82,29495,16,nepse_playwright
2026-07-21,H8020,12.62,11.97,-5.15,2300,13,nepse_playwright
2026-07-21,C30MF,10.81,10.01,-7.4,11100,3,nepse_playwright
2026-07-21,MNMF1,10.62,9.85,-7.25,117930,25,nepse_playwright
2026-07-21,MBLEF,11.02,10.0,-9.26,800,6,nepse_playwright
2026-07-21,MMF1,9.78,9.46,-3.27,80084,42,nepse_playwright
2026-07-21,NBF2,10.47,9.81,-6.3,7200,5,nepse_playwright
2026-07-21,NBF3,10.32,10.0,-3.1,23354,18,nepse_playwright
2026-07-21,NIBLGF,9.98,9.78,-2.0,9000,20,nepse_playwright
2026-07-21,NIBLSTF,9.8,8.67,-11.53,1500,6,nepse_playwright
2026-07-21,LUK,11.66,9.99,-14.32,13850,9,nepse_playwright
2026-07-21,CMF2,10.17,9.9,-2.65,0,0,nepse_playwright
2026-07-21,LVF2,11.41,9.88,-13.41,7720,12,nepse_playwright
2026-07-21,NIBSF2,9.93,9.0,-9.37,23000,19,nepse_playwright
2026-07-21,NICBF,10.32,9.1,-11.82,2200,2,nepse_playwright
2026-07-21,NICFC,10.3,9.03,-12.33,68780,11,nepse_playwright
2026-07-21,PSF,13.04,12.0,-7.98,116749,14,nepse_playwright
2026-07-21,PRSF,14.03,12.89,-8.13,147584,18,nepse_playwright
2026-07-21,NICSF,9.8,9.0,-8.16,5550,10,nepse_playwright
2026-07-21,NMBHF2,10.48,9.7,-7.44,26800,16,nepse_playwright
2026-07-21,NMB50,10.45,10.66,2.01,25612,6,nepse_playwright
2026-07-21,RMF1,10.45,9.9,-5.26,62025,17,nepse_playwright
2026-07-21,NSIF2,11.66,10.88,-6.69,23350,11,nepse_playwright
2026-07-21,RMF2,11.06,10.3,-6.87,8210,10,nepse_playwright
2026-07-21,SEF,10.65,10.1,-5.16,11000,2,nepse_playwright
2026-07-21,RBBF40,10.15,9.18,-9.56,6700,11,nepse_playwright
2026-07-21,SBCF,11.34,10.0,-11.82,400,2,nepse_playwright
2026-07-21,SFEF,11.43,10.1,-11.64,1400,4,nepse_playwright
2026-07-21,SFMF,11.3,10.3,-8.85,91560,6,nepse_playwright
2026-07-21,SIGS2,11.22,10.35,-7.75,1000,1,nepse_playwright
2026-07-21,SIGS3,11.9,10.5,-11.76,102400,21,nepse_playwright
2026-07-21,SLCF,10.36,9.95,-3.96,11920,10,nepse_playwright
2026-07-21,NICGF2,10.4,9.1,-12.5,900,8,nepse_playwright
2026-07-21,RSY,11.35,10.1,-11.01,50908,31,nepse_playwright
2026-07-21,SAGF,10.54,10.49,-0.47,0,0,nepse_playwright
2026-07-22,KEF,11.95,10.63,-11.05,33350,29,nepse_playwright
2026-07-22,KDBY,12.79,11.08,-13.37,5300,21,nepse_playwright
2026-07-22,HLICF,8.96,8.95,-0.11,1300,7,nepse_playwright
2026-07-22,GBIMESY2,10.22,9.4,-8.02,3350,13,nepse_playwright
2026-07-22,GSY,10.49,9.9,-5.62,75400,21,nepse_playwright
2026-07-22,GIBF1,11.97,10.55,-11.86,22650,17,nepse_playwright
2026-07-22,KSY,10.29,9.76,-5.15,10300,4,nepse_playwright
2026-07-22,H8020,12.62,12.3,-2.54,469,3,nepse_playwright
2026-07-22,C30MF,10.81,10.09,-6.66,13380,9,nepse_playwright
2026-07-22,MNMF1,10.62,9.85,-7.25,50221,18,nepse_playwright
2026-07-22,MBLEF,11.02,10.2,-7.44,900,8,nepse_playwright
2026-07-22,MMF1,9.78,9.69,-0.92,16100,25,nepse_playwright
2026-07-22,NBF2,10.47,10.09,-3.63,2880,7,nepse_playwright
2026-07-22,NBF3,10.32,10.01,-3.0,23750,25,nepse_playwright
2026-07-22,NIBLGF,9.98,9.5,-4.81,6100,6,nepse_playwright
2026-07-22,NIBLSTF,9.8,8.6,-12.24,11900,12,nepse_playwright
2026-07-22,LUK,11.66,9.76,-16.3,100,1,nepse_playwright
2026-07-22,CMF2,10.17,9.9,-2.65,0,0,nepse_playwright
2026-07-22,LVF2,11.41,9.75,-14.55,16000,11,nepse_playwright
2026-07-22,NIBSF2,9.93,8.82,-11.18,21918,14,nepse_playwright
2026-07-22,NICBF,10.32,9.1,-11.82,400,2,nepse_playwright
2026-07-22,NICFC,10.3,9.27,-10.0,1600,10,nepse_playwright
2026-07-22,PSF,13.04,12.0,-7.98,18715,13,nepse_playwright
2026-07-22,PRSF,14.03,12.68,-9.62,600,2,nepse_playwright
2026-07-22,NICSF,9.8,9.0,-8.16,7300,18,nepse_playwright
2026-07-22,NMBHF2,10.48,9.6,-8.4,2250,13,nepse_playwright
2026-07-22,NMB50,10.45,10.43,-0.19,10200,4,nepse_playwright
2026-07-22,RMF1,10.45,9.67,-7.46,335310,25,nepse_playwright
2026-07-22,NSIF2,11.66,10.65,-8.66,18533,9,nepse_playwright
2026-07-22,RMF2,11.06,10.12,-8.5,1100,3,nepse_playwright
2026-07-22,SEF,10.65,10.18,-4.41,20177,5,nepse_playwright
2026-07-22,RBBF40,10.15,9.34,-7.98,49105,18,nepse_playwright
2026-07-22,SBCF,11.34,9.65,-14.9,6850,15,nepse_playwright
2026-07-22,SFEF,11.43,10.0,-12.51,1860,7,nepse_playwright
2026-07-22,SFMF,11.3,10.3,-8.85,0,0,nepse_playwright
2026-07-22,SIGS2,11.22,10.04,-10.52,100,1,nepse_playwright
2026-07-22,SIGS3,11.9,10.5,-11.76,27008,12,nepse_playwright
2026-07-22,SLCF,10.36,10.1,-2.51,1700,9,nepse_playwright
2026-07-22,NICGF2,10.4,9.11,-12.4,1000,9,nepse_playwright
2026-07-22,RSY,11.35,10.29,-9.34,64700,29,nepse_playwright
2026-07-22,SAGF,10.54,10.12,-3.98,3790,11,nepse_playwright
2026-07-23,HLICF,8.96,8.92,-0.45,2320,9,nepse_playwright
2026-07-23,H8020,12.62,12.0,-4.91,4456,14,nepse_playwright
2026-07-23,NIBSF2,9.93,8.89,-10.47,2826,12,nepse_playwright
2026-07-23,CMF2,10.17,9.9,-2.65,0,0,nepse_playwright
2026-07-23,GIBF1,11.97,10.41,-13.03,300,3,nepse_playwright
2026-07-23,GBIMESY2,10.22,9.5,-7.05,500,5,nepse_playwright
2026-07-23,KDBY,12.79,11.08,-13.37,2000,19,nepse_playwright
2026-07-23,GSY,10.49,9.9,-5.62,2800,22,nepse_playwright
2026-07-23,KEF,11.95,10.5,-12.13,4200,13,nepse_playwright
2026-07-23,MBLEF,11.02,10.2,-7.44,2000,13,nepse_playwright
2026-07-23,LUK,11.66,10.06,-13.72,6820,10,nepse_playwright
2026-07-23,LVF2,11.41,9.81,-14.02,1100,8,nepse_playwright
2026-07-23,MNMF1,10.62,9.87,-7.06,2020,13,nepse_playwright
2026-07-23,NBF2,10.47,10.31,-1.53,4000,3,nepse_playwright
2026-07-23,NBF3,10.32,10.0,-3.1,11871,20,nepse_playwright
2026-07-23,NIBLGF,9.98,9.25,-7.31,2150,9,nepse_playwright
2026-07-23,KSY,10.29,9.75,-5.25,1400,7,nepse_playwright
2026-07-23,NIBLSTF,9.8,8.85,-9.69,6740,11,nepse_playwright
2026-07-23,C30MF,10.81,10.22,-5.46,200,2,nepse_playwright
2026-07-23,SEF,10.65,10.38,-2.54,7200,8,nepse_playwright
2026-07-23,MMF1,9.78,9.5,-2.86,5203,23,nepse_playwright
2026-07-23,RMF2,11.06,10.12,-8.5,0,0,nepse_playwright
2026-07-23,PRSF,14.03,12.98,-7.48,3890,5,nepse_playwright
2026-07-23,NSIF2,11.66,10.67,-8.49,7675,9,nepse_playwright
2026-07-23,NICGF2,10.4,9.28,-10.77,1200,11,nepse_playwright
2026-07-23,NMB50,10.45,10.43,-0.19,0,0,nepse_playwright
2026-07-23,NICBF,10.32,9.1,-11.82,0,0,nepse_playwright
2026-07-23,NICSF,9.8,9.2,-6.12,824,6,nepse_playwright
2026-07-23,RBBF40,10.15,9.19,-9.46,176251,38,nepse_playwright
2026-07-23,NMBHF2,10.48,9.7,-7.44,3600,9,nepse_playwright
2026-07-23,RMF1,10.45,9.9,-5.26,245740,23,nepse_playwright
2026-07-23,PSF,13.04,12.0,-7.98,14800,11,nepse_playwright
2026-07-23,RSY,11.35,10.35,-8.81,1700,16,nepse_playwright
2026-07-23,SAGF,10.54,10.2,-3.23,2440,10,nepse_playwright
2026-07-23,SFEF,11.43,10.0,-12.51,900,4,nepse_playwright
2026-07-23,SFMF,11.3,10.5,-7.08,11786,6,nepse_playwright
2026-07-23,SIGS2,11.22,10.04,-10.52,0,0,nepse_playwright
2026-07-23,SIGS3,11.9,10.6,-10.92,376585,14,nepse_playwright
2026-07-23,SLCF,10.36,10.24,-1.16,400,4,nepse_playwright
2026-07-23,NICFC,10.3,9.1,-11.65,900,9,nepse_playwright
2026-07-23,SBCF,11.34,10.18,-10.23,6400,19,nepse_playwright
2026-07-24,KEF,11.95,10.69,-10.54,24400,27,nepse_playwright
2026-07-24,KDBY,12.79,11.0,-14.0,8100,17,nepse_playwright
2026-07-24,HLICF,8.96,8.75,-2.34,7601,16,nepse_playwright
2026-07-24,GBIMESY2,10.22,9.33,-8.71,4700,10,nepse_playwright
2026-07-24,GSY,10.49,9.42,-10.2,6520,16,nepse_playwright
2026-07-24,GIBF1,11.97,10.55,-11.86,3000,12,nepse_playwright
2026-07-24,KSY,10.29,9.55,-7.19,1200,7,nepse_playwright
2026-07-24,H8020,12.62,12.0,-4.91,1530,12,nepse_playwright
2026-07-24,C30MF,10.81,9.96,-7.86,600,5,nepse_playwright
2026-07-24,MNMF1,10.62,9.7,-8.66,172054,49,nepse_playwright
2026-07-24,MBLEF,11.02,10.2,-7.44,1500,11,nepse_playwright
2026-07-24,MMF1,9.78,9.47,-3.17,45580,22,nepse_playwright
2026-07-24,NBF2,10.47,10.02,-4.3,200,1,nepse_playwright
2026-07-24,NBF3,10.32,9.97,-3.39,6600,14,nepse_playwright
2026-07-24,NIBLGF,9.98,9.22,-7.62,800,3,nepse_playwright
2026-07-24,NIBLSTF,9.8,8.8,-10.2,3286,9,nepse_playwright
2026-07-24,LUK,11.66,9.76,-16.3,750,4,nepse_playwright
2026-07-24,NIBSF2,9.93,8.85,-10.88,13030,9,nepse_playwright
2026-07-24,LVF2,11.41,9.66,-15.34,400,4,nepse_playwright
2026-07-24,NICBF,10.32,9.12,-11.63,100,1,nepse_playwright
2026-07-24,NICFC,10.3,9.2,-10.68,10500,6,nepse_playwright
2026-07-24,RSY,11.35,10.35,-8.81,5150,21,nepse_playwright
2026-07-24,PSF,13.04,12.1,-7.21,27964,22,nepse_playwright
2026-07-24,PRSF,14.03,12.77,-8.98,1300,9,nepse_playwright
2026-07-24,NICSF,9.8,9.2,-6.12,11980,11,nepse_playwright
2026-07-24,NMBHF2,10.48,9.77,-6.77,1973,11,nepse_playwright
2026-07-24,NMB50,10.45,10.6,1.44,918,2,nepse_playwright
2026-07-24,RMF1,10.45,9.7,-7.18,260327,23,nepse_playwright
2026-07-24,NSIF2,11.66,10.68,-8.4,200,2,nepse_playwright
2026-07-24,RMF2,11.06,10.12,-8.5,450,4,nepse_playwright
2026-07-24,RBBF40,10.15,9.32,-8.18,11700,16,nepse_playwright
2026-07-24,SAGF,10.54,10.1,-4.17,1250,8,nepse_playwright
2026-07-24,SBCF,11.34,9.61,-15.26,11100,9,nepse_playwright
2026-07-24,SFEF,11.43,9.95,-12.95,700,4,nepse_playwright
2026-07-24,SFMF,11.3,10.03,-11.24,700,3,nepse_playwright
2026-07-24,SIGS2,11.22,10.2,-9.09,4100,5,nepse_playwright
2026-07-24,SIGS3,11.9,10.5,-11.76,25177,11,nepse_playwright
2026-07-24,SLCF,10.36,10.2,-1.54,3242,10,nepse_playwright
2026-07-24,NICGF2,10.4,9.38,-9.81,12300,7,nepse_playwright
2026-07-24,SEF,10.65,10.11,-5.07,5870,2,nepse_playwright
2026-07-27,KDBY,12.79,11.03,-13.76,63400,23,nepse_playwright
2026-07-27,HLICF,8.96,8.6,-4.02,2750,10,nepse_playwright
2026-07-27,GBIMESY2,10.22,9.3,-9.0,2200,9,nepse_playwright
2026-07-27,GSY,10.49,9.87,-5.91,2100,21,nepse_playwright
2026-07-27,GIBF1,11.97,10.7,-10.61,1900,8,nepse_playwright
2026-07-27,KEF,11.95,10.68,-10.63,8200,14,nepse_playwright
2026-07-27,H8020,12.62,11.81,-6.42,1000,9,nepse_playwright
2026-07-27,KSY,10.29,9.83,-4.47,701,6,nepse_playwright
2026-07-27,MNMF1,10.62,9.8,-7.72,3401,17,nepse_playwright
2026-07-27,LVF2,11.41,9.6,-15.86,600,5,nepse_playwright
2026-07-27,MBLEF,11.02,10.1,-8.35,2700,16,nepse_playwright
2026-07-27,MMF1,9.78,9.5,-2.86,4861,21,nepse_playwright
2026-07-27,NBF2,10.47,10.2,-2.58,2400,3,nepse_playwright
2026-07-27,NBF3,10.32,9.9,-4.07,9860,25,nepse_playwright
2026-07-27,NIBLGF,9.98,9.22,-7.62,27790,11,nepse_playwright
2026-07-27,LUK,11.66,10.0,-14.24,9600,9,nepse_playwright
2026-07-27,NICBF,10.32,9.34,-9.5,400,3,nepse_playwright
2026-07-27,C30MF,10.81,9.7,-10.27,300,2,nepse_playwright
2026-07-27,NIBSF2,9.93,8.87,-10.67,4820,10,nepse_playwright
2026-07-27,NIBLSTF,9.8,8.8,-10.2,10400,7,nepse_playwright
2026-07-27,NICFC,10.3,9.46,-8.16,23850,14,nepse_playwright
2026-07-27,SIGS3,11.9,10.5,-11.76,600,5,nepse_playwright
2026-07-27,PRSF,14.03,12.9,-8.05,148848,22,nepse_playwright
2026-07-27,NICSF,9.8,9.0,-8.16,1200,3,nepse_playwright
2026-07-27,NMBHF2,10.48,9.77,-6.77,126205,20,nepse_playwright
2026-07-27,NMB50,10.45,10.42,-0.29,619,2,nepse_playwright
2026-07-27,RBBF40,10.15,9.29,-8.47,49048,12,nepse_playwright
2026-07-27,NSIF2,11.66,10.8,-7.38,12000,13,nepse_playwright
2026-07-27,RMF1,10.45,9.68,-7.37,1950,8,nepse_playwright
2026-07-27,SEF,10.65,10.4,-2.35,200,2,nepse_playwright
2026-07-27,PSF,13.04,12.1,-7.21,20935,16,nepse_playwright
2026-07-27,SAGF,10.54,10.06,-4.55,300,3,nepse_playwright
2026-07-27,SBCF,11.34,9.95,-12.26,25450,24,nepse_playwright
2026-07-27,SFEF,11.43,10.16,-11.11,12200,1,nepse_playwright
2026-07-27,SFMF,11.3,10.05,-11.06,7500,2,nepse_playwright
2026-07-27,SIGS2,11.22,10.5,-6.42,1900,5,nepse_playwright
2026-07-27,SLCF,10.36,9.7,-6.37,515,5,nepse_playwright
2026-07-27,NICGF2,10.4,9.27,-10.87,5100,7,nepse_playwright
2026-07-27,RMF2,11.06,10.12,-8.5,3350,5,nepse_playwright
2026-07-27,RSY,11.35,10.2,-10.13,13319,28,nepse_playwright
2026-07-28,KEF,11.95,10.54,-11.8,7000,20,nepse_playwright
2026-07-28,KDBY,12.79,11.05,-13.6,29210,33,nepse_playwright
2026-07-28,GBIMESY2,10.22,9.11,-10.86,10700,8,nepse_playwright
2026-07-28,GSY,10.49,10.46,-0.29,12150,22,nepse_playwright
2026-07-28,GIBF1,11.97,10.68,-10.78,10900,9,nepse_playwright
2026-07-28,KSY,10.29,9.95,-3.3,3700,5,nepse_playwright
2026-07-28,H8020,12.62,11.81,-6.42,800,8,nepse_playwright
2026-07-28,LVF2,11.41,9.35,-18.05,1400,6,nepse_playwright
2026-07-28,NBF3,10.32,9.71,-5.91,2400,14,nepse_playwright
2026-07-28,MMF1,9.78,9.12,-6.75,31960,36,nepse_playwright
2026-07-28,MNMF1,10.62,9.6,-9.6,5800,6,nepse_playwright
2026-07-28,NBF2,10.47,10.2,-2.58,0,0,nepse_playwright
2026-07-28,NIBLGF,9.98,9.22,-7.62,400,3,nepse_playwright
2026-07-28,NIBLSTF,9.8,8.8,-10.2,1000,8,nepse_playwright
2026-07-28,NIBSF2,9.93,8.99,-9.47,10650,20,nepse_playwright
2026-07-28,MBLEF,11.02,10.0,-9.26,2800,20,nepse_playwright
2026-07-28,NICBF,10.32,9.34,-9.5,0,0,nepse_playwright
2026-07-28,HLICF,8.96,8.41,-6.14,500,5,nepse_playwright
2026-07-28,NICFC,10.3,9.22,-10.49,1700,12,nepse_playwright
2026-07-28,NICGF2,10.4,9.3,-10.58,1900,16,nepse_playwright
2026-07-28,RSY,11.35,10.2,-10.13,77100,25,nepse_playwright
2026-07-28,RBBF40,10.15,9.0,-11.33,411785,34,nepse_playwright
2026-07-28,PSF,13.04,11.85,-9.13,1700,9,nepse_playwright
2026-07-28,NMB50,10.45,10.35,-0.96,4450,9,nepse_playwright
2026-07-28,NSIF2,11.66,10.89,-6.6,10400,5,nepse_playwright
2026-07-28,RMF1,10.45,9.68,-7.37,9190,21,nepse_playwright
2026-07-28,PRSF,14.03,12.85,-8.41,43350,15,nepse_playwright
2026-07-28,RMF2,11.06,10.0,-9.58,1100,4,nepse_playwright
2026-07-28,SFEF,11.43,10.0,-12.51,5990,13,nepse_playwright
2026-07-28,NMBHF2,10.48,9.61,-8.3,2300,8,nepse_playwright
2026-07-28,SBCF,11.34,9.68,-14.64,20950,12,nepse_playwright
2026-07-28,SEF,10.65,9.79,-8.08,18274,11,nepse_playwright
2026-07-28,SFMF,11.3,10.11,-10.53,600,2,nepse_playwright
2026-07-28,SIGS2,11.22,10.5,-6.42,3000,2,nepse_playwright
2026-07-28,SIGS3,11.9,10.6,-10.92,47650,14,nepse_playwright
2026-07-28,SLCF,10.36,9.97,-3.76,13050,16,nepse_playwright
2026-07-28,NICSF,9.8,8.9,-9.18,22080,12,nepse_playwright
2026-07-28,SAGF,10.54,10.05,-4.65,400,4,nepse_playwright
2026-07-29,KEF,11.95,10.35,-13.39,127716,35,nepse_playwright
2026-07-29,KDBY,12.79,11.16,-12.74,161350,44,nepse_playwright
2026-07-29,H8020,12.62,11.7,-7.29,3200,9,nepse_playwright
2026-07-29,NICBF,10.32,9.34,-9.5,0,0,nepse_playwright
2026-07-29,GIBF1,11.97,10.65,-11.03,4600,9,nepse_playwright
2026-07-29,GBIMESY2,10.22,9.39,-8.12,2000,13,nepse_playwright
2026-07-29,KSY,10.29,9.9,-3.79,1100,9,nepse_playwright
2026-07-29,GSY,10.49,9.77,-6.86,10800,15,nepse_playwright
2026-07-29,HLICF,8.96,8.69,-3.01,4195,15,nepse_playwright
2026-07-29,NIBLSTF,9.8,8.99,-8.27,2627,10,nepse_playwright
2026-07-29,MBLEF,11.02,10.2,-7.44,4900,17,nepse_playwright
2026-07-29,MMF1,9.78,9.2,-5.93,38440,29,nepse_playwright
2026-07-29,MNMF1,10.62,9.75,-8.19,84881,25,nepse_playwright
2026-07-29,NBF2,10.47,9.9,-5.44,7500,5,nepse_playwright
2026-07-29,NBF3,10.32,10.09,-2.23,16850,27,nepse_playwright
2026-07-29,NIBLGF,9.98,9.11,-8.72,150,1,nepse_playwright
2026-07-29,LUK,11.66,10.79,-7.46,34610,16,nepse_playwright
2026-07-29,NIBSF2,9.93,8.75,-11.88,9500,14,nepse_playwright
2026-07-29,LVF2,11.41,9.3,-18.49,1500,5,nepse_playwright
2026-07-29,C30MF,10.81,10.07,-6.85,0,0,nepse_playwright
2026-07-29,RBBF40,10.15,9.27,-8.67,53594,13,nepse_playwright
2026-07-29,RSY,11.35,10.22,-9.96,6950,14,nepse_playwright
2026-07-29,NICFC,10.3,9.12,-11.46,4172,10,nepse_playwright
2026-07-29,PSF,13.04,11.85,-9.13,4435,11,nepse_playwright
2026-07-29,PRSF,14.03,12.95,-7.7,700,3,nepse_playwright
2026-07-29,NICSF,9.8,8.95,-8.67,6100,9,nepse_playwright
2026-07-29,NMBHF2,10.48,9.58,-8.59,80624,15,nepse_playwright
2026-07-29,RMF1,10.45,9.88,-5.45,71860,28,nepse_playwright
2026-07-29,NSIF2,11.66,10.75,-7.8,15650,9,nepse_playwright
2026-07-29,RMF2,11.06,9.97,-9.86,1400,5,nepse_playwright
2026-07-29,NMB50,10.45,10.59,1.34,500,1,nepse_playwright
2026-07-29,SAGF,10.54,10.35,-1.8,700,3,nepse_playwright
2026-07-29,SBCF,11.34,9.66,-14.81,4816,10,nepse_playwright
2026-07-29,SEF,10.65,9.75,-8.45,49750,18,nepse_playwright
2026-07-29,SFEF,11.43,10.02,-12.34,1600,5,nepse_playwright
2026-07-29,SFMF,11.3,10.11,-10.53,0,0,nepse_playwright
2026-07-29,SIGS2,10.85,10.5,-3.23,2350,3,nepse_playwright
2026-07-29,SIGS3,11.9,10.77,-9.5,10900,7,nepse_playwright
2026-07-29,SLCF,10.36,10.05,-2.99,4150,13,nepse_playwright
2026-07-29,NICGF2,10.4,9.14,-12.12,700,6,nepse_playwright
2026-07-30,KEF,11.95,10.28,-13.97,2900,13,nepse_playwright
2026-07-30,KDBY,12.79,11.1,-13.21,7200,16,nepse_playwright
2026-07-30,HLICF,8.96,8.69,-3.01,1300,12,nepse_playwright
2026-07-30,GBIMESY2,10.22,9.04,-11.55,400,4,nepse_playwright
2026-07-30,GSY,10.49,9.8,-6.58,2600,15,nepse_playwright
2026-07-30,GIBF1,11.97,10.66,-10.94,20800,9,nepse_playwright
2026-07-30,KSY,10.29,9.9,-3.79,1300,3,nepse_playwright
2026-07-30,H8020,12.62,11.7,-7.29,3700,8,nepse_playwright
2026-07-30,NICBF,10.32,9.34,-9.5,0,0,nepse_playwright
2026-07-30,LUK,11.66,10.46,-10.29,6810,10,nepse_playwright
2026-07-30,MBLEF,11.02,10.1,-8.35,6350,9,nepse_playwright
2026-07-30,MMF1,9.78,9.0,-7.98,35440,25,nepse_playwright
2026-07-30,MNMF1,10.62,9.58,-9.79,101350,11,nepse_playwright
2026-07-30,NBF2,10.47,9.9,-5.44,0,0,nepse_playwright
2026-07-30,NBF3,10.32,9.85,-4.55,4240,11,nepse_playwright
2026-07-30,NIBLGF,9.98,9.0,-9.82,3150,6,nepse_playwright
2026-07-30,NIBLSTF,9.8,8.77,-10.51,1201,6,nepse_playwright
2026-07-30,NIBSF2,9.93,8.8,-11.38,10800,8,nepse_playwright
2026-07-30,LVF2,11.41,9.13,-19.98,6390,7,nepse_playwright
2026-07-30,C30MF,10.81,10.07,-6.85,10100,4,nepse_playwright
2026-07-30,RBBF40,10.15,9.02,-11.13,1343,9,nepse_playwright
2026-07-30,RSY,11.35,10.25,-9.69,83208,33,nepse_playwright
2026-07-30,PSF,13.04,11.8,-9.51,13600,11,nepse_playwright
2026-07-30,PRSF,14.03,12.77,-8.98,100,1,nepse_playwright
2026-07-30,NICSF,9.8,8.8,-10.2,6900,8,nepse_playwright
2026-07-30,NMBHF2,10.48,9.75,-6.97,1800,13,nepse_playwright
2026-07-30,NMB50,10.45,10.69,2.3,1200,3,nepse_playwright
2026-07-30,RMF1,10.45,9.68,-7.37,12930,11,nepse_playwright
2026-07-30,NSIF2,11.66,10.66,-8.58,2793,7,nepse_playwright
2026-07-30,RMF2,10.86,10.07,-7.27,2600,4,nepse_playwright
2026-07-30,NICFC,10.3,9.28,-9.9,3100,12,nepse_playwright
2026-07-30,SAGF,10.54,10.1,-4.17,1400,6,nepse_playwright
2026-07-30,SBCF,11.34,9.5,-16.23,3700,7,nepse_playwright
2026-07-30,SEF,10.65,9.81,-7.89,41000,9,nepse_playwright
2026-07-30,SFEF,11.43,10.0,-12.51,41100,12,nepse_playwright
2026-07-30,SFMF,11.3,10.15,-10.18,905,3,nepse_playwright
2026-07-30,SIGS2,10.85,10.5,-3.23,0,0,nepse_playwright
2026-07-30,SIGS3,11.9,10.7,-10.08,8400,6,nepse_playwright
2026-07-30,NICGF2,10.4,9.2,-11.54,1600,7,nepse_playwright
2026-07-30,SLCF,10.36,9.99,-3.57,16700,6,nepse_playwright
2026-07-31,KEF,11.95,10.3,-13.81,21200,5,nepse_playwright
2026-07-31,KDBY,12.79,11.1,-13.21,9500,19,nepse_playwright
2026-07-31,HLICF,8.73,8.55,-2.06,1800,9,nepse_playwright
2026-07-31,GBIMESY2,9.93,9.25,-6.85,3900,7,nepse_playwright
2026-07-31,GIBF1,11.78,10.86,-7.81,1300,6,nepse_playwright
2026-07-31,KSY,10.29,9.79,-4.86,3382,9,nepse_playwright
2026-07-31,H8020,12.37,11.63,-5.98,800,5,nepse_playwright
2026-07-31,NICBF,10.32,9.5,-7.95,1400,2,nepse_playwright
2026-07-31,MNMF1,10.62,9.6,-9.6,1050,5,nepse_playwright
2026-07-31,MBLEF,10.85,10.1,-6.91,600,3,nepse_playwright
2026-07-31,MMF1,9.78,9.15,-6.44,32800,11,nepse_playwright
2026-07-31,C30MF,10.53,10.07,-4.37,100,1,nepse_playwright
2026-07-31,NBF2,10.47,9.9,-5.44,0,0,nepse_playwright
2026-07-31,NBF3,10.32,9.88,-4.26,2800,5,nepse_playwright
2026-07-31,NIBLGF,9.98,9.6,-3.81,12500,13,nepse_playwright
2026-07-31,NIBLSTF,9.45,8.62,-8.78,4373,6,nepse_playwright
2026-07-31,LUK,11.66,10.2,-12.52,2300,3,nepse_playwright
2026-07-31,LVF2,11.41,9.86,-13.58,4250,8,nepse_playwright
2026-07-31,NIBSF2,9.75,8.8,-9.74,8910,7,nepse_playwright
2026-07-31,GSY,9.96,9.65,-3.11,900,7,nepse_playwright
2026-07-31,NICFC,10.3,9.1,-11.65,1850,9,nepse_playwright
2026-07-31,RBBF40,9.95,9.03,-9.25,4000,11,nepse_playwright
2026-07-31,PSF,13.04,11.74,-9.97,800,5,nepse_playwright
2026-07-31,PRSF,14.03,12.93,-7.84,2340,6,nepse_playwright
2026-07-31,NICSF,9.8,9.0,-8.16,4420,7,nepse_playwright
2026-07-31,NMB50,10.45,10.39,-0.57,7385,3,nepse_playwright
2026-07-31,RMF1,10.28,9.78,-4.86,13100,12,nepse_playwright
2026-07-31,NSIF2,11.66,10.66,-8.58,500,3,nepse_playwright
2026-07-31,RMF2,10.86,10.07,-7.27,0,0,nepse_playwright
2026-07-31,SEF,10.36,9.8,-5.41,10497,11,nepse_playwright
2026-07-31,NMBHF2,10.48,9.59,-8.49,8121,13,nepse_playwright
2026-07-31,SBCF,11.34,9.6,-15.34,11700,5,nepse_playwright
2026-07-31,NICGF2,10.4,9.04,-13.08,600,4,nepse_playwright
2026-07-31,SFEF,11.43,10.0,-12.51,500,3,nepse_playwright
2026-07-31,SFMF,11.3,10.15,-10.18,19920,6,nepse_playwright
2026-07-31,SIGS2,10.85,10.5,-3.23,0,0,nepse_playwright
2026-07-31,SIGS3,11.44,10.42,-8.92,4900,4,nepse_playwright
2026-07-31,SLCF,10.36,9.89,-4.54,500,2,nepse_playwright
2026-07-31,RSY,11.35,10.3,-9.25,900,9,nepse_playwright
2026-07-31,SAGF,10.54,10.05,-4.65,300,2,nepse_playwright
2026-08-03,KDBY,12.26,11.29,-7.91,71200,14,nepse_playwright
2026-08-03,HLICF,8.73,8.51,-2.52,2083,12,nepse_playwright
2026-08-03,GBIMESY2,9.93,9.3,-6.34,10600,14,nepse_playwright
2026-08-03,GSY,9.96,9.92,-0.4,3350,20,nepse_playwright
2026-08-03,GIBF1,11.78,10.9,-7.47,12900,9,nepse_playwright
2026-08-03,KEF,11.44,10.4,-9.09,90450,33,nepse_playwright
2026-08-03,H8020,12.37,11.7,-5.42,400,4,nepse_playwright
2026-08-03,KSY,10.29,9.85,-4.28,706646,14,nepse_playwright
2026-08-03,MNMF1,10.22,9.71,-4.99,2900,16,nepse_playwright
2026-08-03,LVF2,11.41,10.14,-11.13,1600,5,nepse_playwright
2026-08-03,MBLEF,10.85,10.01,-7.74,1700,12,nepse_playwright
2026-08-03,MMF1,9.48,9.17,-3.27,103081,30,nepse_playwright
2026-08-03,NBF2,10.47,10.14,-3.15,400,3,nepse_playwright
2026-08-03,NBF3,10.32,9.93,-3.78,20900,28,nepse_playwright
2026-08-03,NIBLGF,9.76,9.75,-0.1,55000,2,nepse_playwright
2026-08-03,NIBLSTF,9.45,8.7,-7.94,63800,24,nepse_playwright
2026-08-03,C30MF,10.53,10.1,-4.08,289930,17,nepse_playwright
2026-08-03,NICBF,10.32,9.4,-8.91,500,1,nepse_playwright
2026-08-03,LUK,11.66,10.5,-9.95,6100,6,nepse_playwright
2026-08-03,NIBSF2,9.75,8.81,-9.64,2910,9,nepse_playwright
2026-08-03,SLCF,10.08,9.61,-4.66,26711,20,nepse_playwright
2026-08-03,PSF,13.04,12.0,-7.98,19500,19,nepse_playwright
2026-08-03,PRSF,14.03,12.88,-8.2,300,3,nepse_playwright
2026-08-03,NICSF,9.55,9.0,-5.76,350000,14,nepse_playwright
2026-08-03,NMBHF2,10.48,9.77,-6.77,14041,16,nepse_playwright
2026-08-03,NMB50,10.45,10.5,0.48,32115,8,nepse_playwright
2026-08-03,RBBF40,9.95,9.22,-7.34,13150,18,nepse_playwright
2026-08-03,NSIF2,11.66,10.67,-8.49,1100,6,nepse_playwright
2026-08-03,RMF1,10.28,9.62,-6.42,13900,14,nepse_playwright
2026-08-03,SEF,10.36,9.79,-5.5,29870,15,nepse_playwright
2026-08-03,NICFC,10.3,9.34,-9.32,11200,14,nepse_playwright
2026-08-03,SAGF,10.54,10.4,-1.33,16700,9,nepse_playwright
2026-08-03,SBCF,11.34,9.5,-16.23,20630,13,nepse_playwright
2026-08-03,SFEF,11.43,10.1,-11.64,12300,4,nepse_playwright
2026-08-03,SFMF,11.3,10.25,-9.29,4832,1,nepse_playwright
2026-08-03,SIGS2,10.85,10.81,-0.37,10000,5,nepse_playwright
2026-08-03,SIGS3,11.44,10.55,-7.78,2056,5,nepse_playwright
2026-08-03,NICGF2,10.4,9.25,-11.06,10900,9,nepse_playwright
2026-08-03,RMF2,10.86,9.8,-9.76,100,1,nepse_playwright
2026-08-03,RSY,11.16,10.31,-7.62,2000,15,nepse_playwright
2026-08-04,HLICF,8.73,8.66,-0.8,12475,23,nepse_playwright
2026-08-04,GSY,9.96,9.59,-3.71,2500,12,nepse_playwright
2026-08-04,GIBF1,11.78,10.77,-8.57,1900,11,nepse_playwright
2026-08-04,NIBLSTF,9.45,8.81,-6.77,8480,9,nepse_playwright
2026-08-04,C30MF,10.53,10.09,-4.18,4125,12,nepse_playwright
2026-08-04,NIBSF2,9.75,8.67,-11.08,5910,10,nepse_playwright
2026-08-04,KDBY,12.26,11.12,-9.3,47874,44,nepse_playwright
2026-08-04,GBIMESY2,9.93,9.12,-8.16,1600,7,nepse_playwright
2026-08-04,KEF,11.44,10.46,-8.57,10300,21,nepse_playwright
2026-08-04,MBLEF,10.85,10.25,-5.53,155270,20,nepse_playwright
2026-08-04,LUK,11.66,10.5,-9.95,18077,11,nepse_playwright
2026-08-04,LVF2,11.41,10.0,-12.36,14300,6,nepse_playwright
2026-08-04,MMF1,9.48,9.0,-5.06,28000,21,nepse_playwright
2026-08-04,MNMF1,10.22,9.5,-7.05,22400,17,nepse_playwright
2026-08-04,NBF2,10.47,9.99,-4.58,13114,12,nepse_playwright
2026-08-04,NBF3,10.32,9.75,-5.52,10646,19,nepse_playwright
2026-08-04,KSY,10.29,9.75,-5.25,500,4,nepse_playwright
2026-08-04,NICBF,10.32,9.02,-12.6,1500,2,nepse_playwright
2026-08-04,H8020,12.37,12.24,-1.05,22090,15,nepse_playwright
2026-08-04,NIBLGF,9.76,9.72,-0.41,200,1,nepse_playwright
2026-08-04,SLCF,10.08,9.6,-4.76,4940,3,nepse_playwright
2026-08-04,NICFC,10.3,9.12,-11.46,800,7,nepse_playwright
2026-08-04,RMF2,10.86,9.72,-10.5,300,2,nepse_playwright
2026-08-04,PSF,13.04,11.74,-9.97,3100,7,nepse_playwright
2026-08-04,PRSF,14.03,12.92,-7.91,6115,9,nepse_playwright
2026-08-04,NSIF2,11.66,10.71,-8.15,20100,12,nepse_playwright
2026-08-04,NICGF2,10.4,9.12,-12.31,2900,9,nepse_playwright
2026-08-04,NICSF,9.55,8.8,-7.85,2300,5,nepse_playwright
2026-08-04,RBBF40,9.95,8.97,-9.85,23100,17,nepse_playwright
2026-08-04,NMBHF2,10.48,9.65,-7.92,900,9,nepse_playwright
2026-08-04,NMB50,10.45,10.6,1.44,20717,4,nepse_playwright
2026-08-04,SBCF,11.34,9.68,-14.64,18642,16,nepse_playwright
2026-08-04,RSY,11.16,10.49,-6.0,11600,21,nepse_playwright
2026-08-04,SAGF,10.54,10.57,0.28,10723,12,nepse_playwright
2026-08-04,SEF,10.36,9.9,-4.44,2200,4,nepse_playwright
2026-08-04,SFEF,11.43,9.85,-13.82,6900,3,nepse_playwright
2026-08-04,SFMF,11.3,10.25,-9.29,5048,2,nepse_playwright
2026-08-04,SIGS2,10.85,10.81,-0.37,0,0,nepse_playwright
2026-08-04,RMF1,10.28,9.61,-6.52,24460,15,nepse_playwright
2026-08-04,SIGS3,11.44,10.58,-7.52,800,4,nepse_playwright
2026-08-06,KEF,11.44,10.5,-8.22,18171,15,nepse_playwright
2026-08-06,KDBY,12.26,11.11,-9.38,101050,50,nepse_playwright
2026-08-06,GSY,9.96,9.51,-4.52,3450,18,nepse_playwright
2026-08-06,NICBF,10.32,9.1,-11.82,600,4,nepse_playwright
2026-08-06,GBIMESY2,9.93,9.2,-7.35,2900,7,nepse_playwright
2026-08-06,C30MF,10.53,9.9,-5.98,600,6,nepse_playwright
2026-08-06,KSY,10.29,9.5,-7.68,973,8,nepse_playwright
2026-08-06,GIBF1,11.78,10.98,-6.79,5300,11,nepse_playwright
2026-08-06,H8020,12.37,12.2,-1.37,10858,11,nepse_playwright
2026-08-06,MBLEF,10.85,10.28,-5.25,7210,18,nepse_playwright
2026-08-06,LUK,11.66,10.7,-8.23,0,0,nepse_playwright
2026-08-06,NIBLGF,9.76,9.25,-5.23,2800,14,nepse_playwright
2026-08-06,MNMF1,10.22,9.6,-6.07,2000,11,nepse_playwright
2026-08-06,NBF3,10.32,9.51,-7.85,26710,21,nepse_playwright
2026-08-06,NBF2,10.47,9.9,-5.44,3100,7,nepse_playwright
2026-08-06,NIBLSTF,9.45,8.79,-6.98,17927,11,nepse_playwright
2026-08-06,MMF1,9.48,8.75,-7.7,1700,7,nepse_playwright
2026-08-06,NIBSF2,9.75,9.0,-7.69,52174,11,nepse_playwright
2026-08-06,LVF2,11.41,9.3,-18.49,800,7,nepse_playwright
2026-08-06,HLICF,8.73,8.5,-2.63,1770,12,nepse_playwright
2026-08-06,NMB50,10.45,10.6,1.44,4900,8,nepse_playwright
2026-08-06,RSY,11.16,10.25,-8.15,11700,10,nepse_playwright
2026-08-06,NICFC,10.3,9.13,-11.36,2100,15,nepse_playwright
2026-08-06,RBBF40,9.95,9.04,-9.15,14700,18,nepse_playwright
2026-08-06,PSF,13.04,11.8,-9.51,900,5,nepse_playwright
2026-08-06,PRSF,14.03,12.89,-8.13,2850,6,nepse_playwright
2026-08-06,NICSF,9.55,8.56,-10.37,500,4,nepse_playwright
2026-08-06,RMF1,10.28,9.68,-5.84,2950,8,nepse_playwright
2026-08-06,NSIF2,11.66,10.68,-8.4,83800,25,nepse_playwright
2026-08-06,RMF2,10.86,9.85,-9.3,600,4,nepse_playwright
2026-08-06,NMBHF2,10.48,9.6,-8.4,2800,17,nepse_playwright
2026-08-06,SAGF,10.54,10.57,0.28,0,0,nepse_playwright
2026-08-06,SIGS3,11.44,10.5,-8.22,400,3,nepse_playwright
2026-08-06,SIGS2,10.85,10.8,-0.46,0,0,nepse_playwright
2026-08-06,SFMF,11.3,10.2,-9.73,2345,3,nepse_playwright
2026-08-06,SFEF,11.43,9.85,-13.82,300,2,nepse_playwright
2026-08-06,NICGF2,10.4,9.18,-11.73,2300,9,nepse_playwright
2026-08-06,SLCF,10.08,9.49,-5.85,1488,7,nepse_playwright
2026-08-06,SBCF,11.34,9.5,-16.23,9610,9,nepse_playwright
2026-08-06,SEF,10.36,9.81,-5.31,4489,7,nepse_playwright
2026-08-07,KSY,10.29,9.52,-7.48,43030,7,nepse_playwright
2026-08-07,GBIMESY2,9.93,9.11,-8.26,8000,16,nepse_playwright
2026-08-07,GIBF1,11.78,10.75,-8.74,2100,9,nepse_playwright
2026-08-07,GSY,9.96,9.52,-4.42,56540,28,nepse_playwright
2026-08-07,H8020,12.37,12.2,-1.37,3900,11,nepse_playwright
2026-08-07,HLICF,8.73,8.94,2.41,2934,16,nepse_playwright
2026-08-07,KDBY,12.26,11.09,-9.54,29060,29,nepse_playwright
2026-08-07,KEF,11.44,10.5,-8.22,127690,46,nepse_playwright
2026-08-07,C30MF,10.53,9.9,-5.98,0,0,nepse_playwright
2026-08-07,LUK,11.66,10.69,-8.32,1300,1,nepse_playwright
2026-08-07,MBLEF,10.85,10.28,-5.25,758456,62,nepse_playwright
2026-08-07,MMF1,9.48,8.88,-6.33,14980,24,nepse_playwright
2026-08-07,MNMF1,10.22,9.8,-4.11,13700,9,nepse_playwright
2026-08-07,NBF2,10.47,10.1,-3.53,2280,3,nepse_playwright
2026-08-07,NBF3,10.32,9.55,-7.46,4830,13,nepse_playwright
2026-08-07,NIBLGF,9.76,9.25,-5.23,0,0,nepse_playwright
2026-08-07,NIBLSTF,9.45,8.79,-6.98,6700,10,nepse_playwright
2026-08-07,NIBSF2,9.75,8.76,-10.15,600,2,nepse_playwright
2026-08-07,LVF2,11.41,9.06,-20.6,5300,6,nepse_playwright
2026-08-07,NICBF,10.32,9.57,-7.27,1200,3,nepse_playwright
2026-08-07,NICFC,10.3,9.37,-9.03,4800,9,nepse_playwright
2026-08-07,RSY,11.16,10.26,-8.06,5300,11,nepse_playwright
2026-08-07,NICSF,9.55,8.9,-6.81,6700,6,nepse_playwright
2026-08-07,NMB50,10.45,10.38,-0.67,7283,4,nepse_playwright
2026-08-07,NMBHF2,10.48,9.7,-7.44,16200,16,nepse_playwright
2026-08-07,NSIF2,11.66,10.8,-7.38,48900,11,nepse_playwright
2026-08-07,PRSF,14.03,12.91,-7.98,9400,5,nepse_playwright
2026-08-07,PSF,13.04,12.0,-7.98,3800,17,nepse_playwright
2026-08-07,RBBF40,9.95,9.01,-9.45,1948,8,nepse_playwright
2026-08-07,RMF2,10.86,9.79,-9.85,300,3,nepse_playwright
2026-08-07,RMF1,10.28,9.67,-5.93,18250,16,nepse_playwright
2026-08-07,SAGF,10.54,10.26,-2.66,100,1,nepse_playwright
2026-08-07,SBCF,11.34,9.45,-16.67,10900,10,nepse_playwright
2026-08-07,SEF,10.36,9.91,-4.34,1410,6,nepse_playwright
2026-08-07,SFEF,11.43,9.98,-12.69,33700,10,nepse_playwright
2026-08-07,SFMF,11.3,10.2,-9.73,1460,2,nepse_playwright
2026-08-07,SIGS2,10.85,10.8,-0.46,0,0,nepse_playwright
2026-08-07,SIGS3,11.44,10.55,-7.78,535,5,nepse_playwright
2026-08-07,NICGF2,10.4,9.18,-11.73,1010,8,nepse_playwright
2026-08-07,SLCF,10.08,9.52,-5.56,325,3,nepse_playwright
2026-08-10,KSY,10.29,9.47,-7.97,7000,18,nepse_playwright
2026-08-10,KEF,11.44,10.8,-5.59,830832,65,nepse_playwright
2026-08-10,GSY,9.96,9.51,-4.52,3700,18,nepse_playwright
2026-08-10,HLICF,8.73,8.72,-0.11,5750,16,nepse_playwright
2026-08-10,H8020,12.37,12.01,-2.91,1200,10,nepse_playwright
2026-08-10,LUK,11.66,10.06,-13.72,11530,13,nepse_playwright
2026-08-10,KDBY,12.26,11.0,-10.28,1473490,90,nepse_playwright
2026-08-10,NICBF,10.32,9.3,-9.88,200,2,nepse_playwright
2026-08-10,NBF3,10.32,9.65,-6.49,32350,36,nepse_playwright
2026-08-10,MMF1,9.48,8.98,-5.27,9400,17,nepse_playwright
2026-08-10,MNMF1,10.22,9.56,-6.46,26200,20,nepse_playwright
2026-08-10,NBF2,10.47,9.86,-5.83,8206,5,nepse_playwright
2026-08-10,NIBLGF,9.76,8.8,-9.84,450,4,nepse_playwright
2026-08-10,NIBLSTF,9.45,8.54,-9.63,2610,12,nepse_playwright
2026-08-10,NIBSF2,9.75,8.87,-9.03,17400,8,nepse_playwright
2026-08-10,LVF2,11.41,9.1,-20.25,1800,14,nepse_playwright
2026-08-10,GIBF1,11.78,11.0,-6.62,31300,19,nepse_playwright
2026-08-10,MBLEF,10.85,10.28,-5.25,581500,35,nepse_playwright
2026-08-10,GBIMESY2,9.93,9.25,-6.85,2600,11,nepse_playwright
2026-08-10,C30MF,10.53,9.91,-5.89,300,3,nepse_playwright
2026-08-10,RBBF40,9.95,9.12,-8.34,3054,11,nepse_playwright
2026-08-10,PSF,13.04,11.9,-8.74,10855,9,nepse_playwright
2026-08-10,NMB50,10.45,10.41,-0.38,435,4,nepse_playwright
2026-08-10,NSIF2,11.66,10.7,-8.23,9200,7,nepse_playwright
2026-08-10,NMBHF2,10.48,9.54,-8.97,1400,11,nepse_playwright
2026-08-10,RMF1,10.28,9.7,-5.64,2500,3,nepse_playwright
2026-08-10,PRSF,14.03,12.85,-8.41,9500,9,nepse_playwright
2026-08-10,RMF2,10.86,9.73,-10.41,5100,2,nepse_playwright
2026-08-10,SFEF,11.43,9.91,-13.3,100,1,nepse_playwright
2026-08-10,SAGF,10.54,10.11,-4.08,200,2,nepse_playwright
2026-08-10,NICFC,10.3,9.2,-10.68,6830,18,nepse_playwright
2026-08-10,SEF,10.36,9.9,-4.44,11440,10,nepse_playwright
2026-08-10,SFMF,11.3,10.01,-11.42,150,1,nepse_playwright
2026-08-10,SIGS2,10.85,10.8,-0.46,0,0,nepse_playwright
2026-08-10,SIGS3,11.44,10.89,-4.81,26335,6,nepse_playwright
2026-08-10,SLCF,10.08,9.5,-5.75,900,8,nepse_playwright
2026-08-10,NICSF,9.55,8.64,-9.53,15345,10,nepse_playwright
2026-08-10,RSY,11.16,10.4,-6.81,2600,13,nepse_playwright
2026-08-10,NICGF2,10.4,9.23,-11.25,5970,14,nepse_playwright
2026-08-10,SBCF,11.34,9.4,-17.11,9685,18,nepse_playwright
2026-08-11,KDBY,12.26,10.88,-11.26,407193,48,nepse_playwright
2026-08-11,NICFC,10.3,9.2,-10.68,900,9,nepse_playwright
2026-08-11,H8020,12.37,11.67,-5.66,700,3,nepse_playwright
2026-08-11,C30MF,10.53,9.97,-5.32,1000,2,nepse_playwright
2026-08-11,GIBF1,11.78,10.9,-7.47,1300,5,nepse_playwright
2026-08-11,GBIMESY2,9.93,9.1,-8.36,5700,13,nepse_playwright
2026-08-11,KEF,11.44,10.74,-6.12,6760,14,nepse_playwright
2026-08-11,GSY,9.96,9.5,-4.62,4760,28,nepse_playwright
2026-08-11,KSY,10.29,9.33,-9.33,6350,6,nepse_playwright
2026-08-11,MMF1,9.48,8.9,-6.12,12930,29,nepse_playwright
2026-08-11,LVF2,11.41,9.16,-19.72,700,5,nepse_playwright
2026-08-11,MBLEF,10.85,10.32,-4.88,30200,30,nepse_playwright
2026-08-11,MNMF1,10.22,9.51,-6.95,117760,34,nepse_playwright
2026-08-11,NBF3,10.32,9.6,-6.98,4550,17,nepse_playwright
2026-08-11,NIBLGF,9.76,8.88,-9.02,2635,8,nepse_playwright
2026-08-11,NIBLSTF,9.45,8.59,-9.1,1200,7,nepse_playwright
2026-08-11,LUK,11.66,10.59,-9.18,22997,15,nepse_playwright
2026-08-11,NIBSF2,9.75,8.87,-9.03,4100,6,nepse_playwright
2026-08-11,HLICF,8.73,8.5,-2.63,3200,12,nepse_playwright
2026-08-11,NICBF,10.32,9.3,-9.88,300,2,nepse_playwright
2026-08-11,SIGS2,10.85,10.7,-1.38,10800,3,nepse_playwright
2026-08-11,RSY,11.16,10.27,-7.97,2650,16,nepse_playwright
2026-08-11,RBBF40,9.95,9.01,-9.45,25941,15,nepse_playwright
2026-08-11,PSF,13.04,11.84,-9.2,4180,13,nepse_playwright
2026-08-11,PRSF,14.03,12.83,-8.55,11855,6,nepse_playwright
2026-08-11,NICSF,9.55,8.66,-9.32,200,2,nepse_playwright
2026-08-11,NMBHF2,10.48,9.57,-8.68,2200,18,nepse_playwright
2026-08-11,NBF2,10.47,9.83,-6.11,300,2,nepse_playwright
2026-08-11,RMF1,10.28,9.82,-4.47,18100,6,nepse_playwright
2026-08-11,NSIF2,11.66,10.7,-8.23,400,4,nepse_playwright
2026-08-11,RMF2,10.86,9.82,-9.58,100,1,nepse_playwright
2026-08-11,NMB50,10.45,10.41,-0.38,0,0,nepse_playwright
2026-08-11,SAGF,10.54,10.0,-5.12,400,3,nepse_playwright
2026-08-11,SBCF,11.34,9.6,-15.34,24150,14,nepse_playwright
2026-08-11,SFEF,11.43,9.8,-14.26,100,1,nepse_playwright
2026-08-11,SFMF,11.3,10.3,-8.85,11125,7,nepse_playwright
2026-08-11,SIGS3,11.44,10.85,-5.16,20200,6,nepse_playwright
2026-08-11,SLCF,10.08,9.33,-7.44,1200,6,nepse_playwright
2026-08-11,NICGF2,10.4,9.01,-13.37,1900,8,nepse_playwright
2026-08-11,SEF,10.36,10.25,-1.06,33530,14,nepse_playwright
2026-08-12,KEF,11.44,10.83,-5.33,366136,31,nepse_playwright
2026-08-12,KDBY,12.26,10.98,-10.44,139886,34,nepse_playwright
2026-08-12,HLICF,8.73,8.53,-2.29,1500,8,nepse_playwright
2026-08-12,GBIMESY2,9.93,9.11,-8.26,600,4,nepse_playwright
2026-08-12,GSY,9.96,9.5,-4.62,1150,8,nepse_playwright
2026-08-12,GIBF1,11.78,10.69,-9.25,3400,6,nepse_playwright
2026-08-12,KSY,10.29,9.36,-9.04,2130,9,nepse_playwright
2026-08-12,H8020,12.37,12.07,-2.43,600,5,nepse_playwright
2026-08-12,C30MF,10.53,10.0,-5.03,120,1,nepse_playwright
2026-08-12,NIBSF2,9.75,8.83,-9.44,800,5,nepse_playwright
2026-08-12,MBLEF,10.85,10.34,-4.7,137100,10,nepse_playwright
2026-08-12,MMF1,9.48,9.01,-4.96,8950,19,nepse_playwright
2026-08-12,MNMF1,10.22,9.54,-6.65,800,5,nepse_playwright
2026-08-12,NBF2,10.47,9.84,-6.02,220,2,nepse_playwright
2026-08-12,NBF3,10.32,9.59,-7.07,3700,10,nepse_playwright
2026-08-12,NIBLGF,9.76,8.89,-8.91,201855,11,nepse_playwright
2026-08-12,NIBLSTF,9.45,8.55,-9.52,8722,9,nepse_playwright
2026-08-12,LUK,11.66,10.15,-12.95,13300,13,nepse_playwright
2026-08-12,LVF2,11.41,9.31,-18.4,8933,2,nepse_playwright
2026-08-12,NICBF,10.32,9.2,-10.85,600,2,nepse_playwright
2026-08-12,NICFC,10.3,9.3,-9.71,4529,18,nepse_playwright
2026-08-12,RSY,11.16,10.4,-6.81,11300,17,nepse_playwright
2026-08-12,PSF,13.04,12.0,-7.98,5400,8,nepse_playwright
2026-08-12,PRSF,14.03,12.79,-8.84,1100,2,nepse_playwright
2026-08-12,NICSF,9.55,8.83,-7.54,33117,12,nepse_playwright
2026-08-12,NMBHF2,10.48,9.55,-8.87,1200,7,nepse_playwright
2026-08-12,NMB50,10.45,10.41,-0.38,0,0,nepse_playwright
2026-08-12,RMF1,10.28,9.84,-4.28,55300,13,nepse_playwright
2026-08-12,NSIF2,11.66,10.87,-6.78,12306,3,nepse_playwright
2026-08-12,RMF2,10.86,9.81,-9.67,100,1,nepse_playwright
2026-08-12,RBBF40,9.95,9.1,-8.54,32410,16,nepse_playwright
2026-08-12,SAGF,10.54,10.2,-3.23,8600,8,nepse_playwright
2026-08-12,SBCF,11.34,9.36,-17.46,170993,32,nepse_playwright
2026-08-12,SEF,10.36,10.05,-2.99,16500,4,nepse_playwright
2026-08-12,SFEF,11.43,9.8,-14.26,49410,9,nepse_playwright
2026-08-12,SFMF,11.3,10.3,-8.85,2519,3,nepse_playwright
2026-08-12,SIGS2,10.85,10.7,-1.38,0,0,nepse_playwright
2026-08-12,SIGS3,11.44,10.6,-7.34,1140,9,nepse_playwright
2026-08-12,SLCF,10.08,9.72,-3.57,8100,11,nepse_playwright
2026-08-12,NICGF2,10.4,9.08,-12.69,1590,10,nepse_playwright
2026-08-13,KSY,10.29,9.3,-9.62,500,5,nepse_playwright
2026-08-13,KEF,11.44,10.97,-4.11,353620,41,nepse_playwright
2026-08-13,GIBF1,11.78,10.8,-8.32,1900,6,nepse_playwright
2026-08-13,H8020,12.37,11.8,-4.61,700,7,nepse_playwright
2026-08-13,GSY,9.96,9.35,-6.12,2900,11,nepse_playwright
2026-08-13,LUK,11.66,9.73,-16.55,69315,20,nepse_playwright
2026-08-13,KDBY,12.26,11.0,-10.28,58048,23,nepse_playwright
2026-08-13,HLICF,8.73,8.41,-3.67,700,4,nepse_playwright
2026-08-13,NBF3,10.32,9.72,-5.81,9140,17,nepse_playwright
2026-08-13,LVF2,11.41,9.11,-20.16,400,4,nepse_playwright
2026-08-13,NIBLSTF,9.45,8.56,-9.42,650,5,nepse_playwright
2026-08-13,NIBLGF,9.76,8.81,-9.73,25750,7,nepse_playwright
2026-08-13,NIBSF2,9.75,8.85,-9.23,1898,8,nepse_playwright
2026-08-13,MNMF1,10.22,9.5,-7.05,800,8,nepse_playwright
2026-08-13,MMF1,9.48,9.0,-5.06,1000,10,nepse_playwright
2026-08-13,NBF2,10.47,9.88,-5.64,1900,4,nepse_playwright
2026-08-13,GBIMESY2,9.93,9.0,-9.37,1938,6,nepse_playwright
2026-08-13,MBLEF,10.85,10.51,-3.13,146895,31,nepse_playwright
2026-08-13,NICBF,10.32,9.2,-10.85,0,0,nepse_playwright
2026-08-13,C30MF,10.53,10.0,-5.03,200,2,nepse_playwright
2026-08-13,RBBF40,9.95,9.19,-7.64,12144,12,nepse_playwright
2026-08-13,NICFC,10.3,9.07,-11.94,3500,11,nepse_playwright
2026-08-13,PSF,13.04,12.0,-7.98,6290,11,nepse_playwright
2026-08-13,NMB50,10.45,10.41,-0.38,0,0,nepse_playwright
2026-08-13,NSIF2,11.66,10.89,-6.6,50500,6,nepse_playwright
2026-08-13,NMBHF2,10.48,9.75,-6.97,1850,12,nepse_playwright
2026-08-13,PRSF,14.03,12.82,-8.62,11700,5,nepse_playwright
2026-08-13,RMF2,10.86,10.1,-7.0,11200,4,nepse_playwright
2026-08-13,SFEF,11.43,9.81,-14.17,23600,12,nepse_playwright
2026-08-13,SAGF,10.54,9.8,-7.02,800,6,nepse_playwright
2026-08-13,RMF1,10.28,9.57,-6.91,500,3,nepse_playwright
2026-08-13,SEF,10.36,10.05,-2.99,0,0,nepse_playwright
2026-08-13,SBCF,11.34,9.39,-17.2,2400,8,nepse_playwright
2026-08-13,RSY,11.16,10.5,-5.91,280158,28,nepse_playwright
2026-08-13,NICSF,9.55,8.89,-6.91,1710,12,nepse_playwright
2026-08-13,SLCF,10.08,10.0,-0.79,6300,8,nepse_playwright
2026-08-13,NICGF2,10.4,8.99,-13.56,800,6,nepse_playwright
2026-08-13,SIGS2,10.85,10.7,-1.38,0,0,nepse_playwright
2026-08-13,SFMF,11.3,10.2,-9.73,8475,2,nepse_playwright
2026-08-13,SIGS3,11.44,10.65,-6.91,15300,7,nepse_playwright
2026-08-14,KSY,10.29,9.11,-11.47,200,1,nepse_playwright
2026-08-14,C30MF,10.53,10.03,-4.75,200,2,nepse_playwright
2026-08-14,GBIMESY2,9.93,9.0,-9.37,700,5,nepse_playwright
2026-08-14,GIBF1,11.78,10.69,-9.25,1000,8,nepse_playwright
2026-08-14,GSY,9.96,9.6,-3.61,3500,16,nepse_playwright
2026-08-14,H8020,12.37,11.8,-4.61,300,3,nepse_playwright
2026-08-14,KDBY,12.26,11.1,-9.46,115392,27,nepse_playwright
2026-08-14,KEF,11.44,10.9,-4.72,43800,13,nepse_playwright
2026-08-14,HLICF,8.73,8.6,-1.49,1834,6,nepse_playwright
2026-08-14,NIBSF2,9.75,9.0,-7.69,1290,5,nepse_playwright
2026-08-14,LUK,11.66,9.8,-15.95,800,5,nepse_playwright
2026-08-14,NIBLGF,9.76,8.86,-9.22,700,6,nepse_playwright
2026-08-14,NBF3,10.32,9.72,-5.81,14010,16,nepse_playwright
2026-08-14,NBF2,10.47,9.88,-5.64,0,0,nepse_playwright
2026-08-14,NIBLSTF,9.45,8.57,-9.31,118351,18,nepse_playwright
2026-08-14,MMF1,9.48,8.94,-5.7,3400,18,nepse_playwright
2026-08-14,MBLEF,10.85,10.38,-4.33,2000,7,nepse_playwright
2026-08-14,MNMF1,10.22,9.69,-5.19,10400,5,nepse_playwright
2026-08-14,LVF2,11.41,9.13,-19.98,700,3,nepse_playwright
2026-08-14,NICBF,10.32,9.2,-10.85,0,0,nepse_playwright
2026-08-14,NICFC,10.3,9.1,-11.65,1300,13,nepse_playwright
2026-08-14,RSY,11.16,10.5,-5.91,1300,7,nepse_playwright
2026-08-14,RMF1,10.28,9.6,-6.61,23325,11,nepse_playwright
2026-08-14,NICSF,9.55,9.0,-5.76,1790,6,nepse_playwright
2026-08-14,NMB50,10.45,10.37,-0.77,539,2,nepse_playwright
2026-08-14,NMBHF2,10.48,9.65,-7.92,3400,8,nepse_playwright
2026-08-14,NSIF2,11.66,10.67,-8.49,53199,12,nepse_playwright
2026-08-14,PSF,13.04,12.01,-7.9,2200,9,nepse_playwright
2026-08-14,RBBF40,9.95,9.01,-9.45,4150,12,nepse_playwright
2026-08-14,RMF2,10.86,10.1,-7.0,5300,4,nepse_playwright
2026-08-14,PRSF,14.03,12.72,-9.34,200,2,nepse_playwright
2026-08-14,SAGF,10.54,10.0,-5.12,1200,7,nepse_playwright
2026-08-14,NICGF2,10.4,9.5,-8.65,700,7,nepse_playwright
2026-08-14,SIGS3,11.44,10.57,-7.6,300,2,nepse_playwright
2026-08-14,SIGS2,10.85,10.7,-1.38,0,0,nepse_playwright
2026-08-14,SFMF,11.3,10.2,-9.73,0,0,nepse_playwright
2026-08-14,SLCF,10.08,9.7,-3.77,6977,11,nepse_playwright
2026-08-14,SEF,10.36,10.05,-2.99,0,0,nepse_playwright
2026-08-14,SBCF,11.34,9.41,-17.02,2600,8,nepse_playwright
2026-08-14,SFEF,11.43,10.1,-11.64,1000,5,nepse_playwright
2026-08-17,KSY,10.32,9.25,-10.37,2300,9,nepse_playwright
2026-08-17,GBIMESY2,9.93,8.96,-9.77,700,6,nepse_playwright
2026-08-17,GIBF1,11.78,10.77,-8.57,1750,9,nepse_playwright
2026-08-17,GSY,9.96,9.3,-6.63,2440,8,nepse_playwright
2026-08-17,H8020,12.37,12.0,-2.99,2305,11,nepse_playwright
2026-08-17,HLICF,8.73,8.4,-3.78,700,3,nepse_playwright
2026-08-17,KDBY,12.26,11.1,-9.46,90055,28,nepse_playwright
2026-08-17,KEF,11.44,11.0,-3.85,82123,34,nepse_playwright
2026-08-17,C30MF,10.53,10.0,-5.03,100,1,nepse_playwright
2026-08-17,LUK,11.66,10.6,-9.09,21050,11,nepse_playwright
2026-08-17,MBLEF,10.85,10.45,-3.69,46300,29,nepse_playwright
2026-08-17,MMF1,9.48,8.99,-5.17,4500,21,nepse_playwright
2026-08-17,MNMF1,10.22,9.73,-4.79,25300,16,nepse_playwright
2026-08-17,NBF2,10.47,9.8,-6.4,300,2,nepse_playwright
2026-08-17,NBF3,10.32,9.75,-5.52,7300,16,nepse_playwright
2026-08-17,NIBLGF,9.76,8.85,-9.32,1200,3,nepse_playwright
2026-08-17,NIBLSTF,9.45,8.43,-10.79,17974,16,nepse_playwright
2026-08-17,NIBSF2,9.75,8.82,-9.54,500,3,nepse_playwright
2026-08-17,LVF2,11.41,9.41,-17.53,400,4,nepse_playwright
2026-08-17,NICBF,10.32,9.21,-10.76,100,1,nepse_playwright
2026-08-17,NICFC,10.3,9.1,-11.65,2100,13,nepse_playwright
2026-08-17,RSY,11.16,10.45,-6.36,180769,20,nepse_playwright
2026-08-17,NICSF,9.55,8.73,-8.59,1900,4,nepse_playwright
2026-08-17,NMB50,10.45,10.0,-4.31,303727,33,nepse_playwright
2026-08-17,NMBHF2,10.48,9.75,-6.97,59956,19,nepse_playwright
2026-08-17,NSIF2,11.66,10.98,-5.83,433583,26,nepse_playwright
2026-08-17,PRSF,14.03,12.75,-9.12,236720,11,nepse_playwright
2026-08-17,PSF,13.04,12.05,-7.59,23830,21,nepse_playwright
2026-08-17,RBBF40,9.95,9.01,-9.45,1350,6,nepse_playwright
2026-08-17,RMF2,10.86,10.1,-7.0,100,1,nepse_playwright
2026-08-17,RMF1,10.28,10.0,-2.72,91585,20,nepse_playwright
2026-08-17,SAGF,10.54,9.92,-5.88,200,2,nepse_playwright
2026-08-17,SBCF,11.34,10.15,-10.49,62232,22,nepse_playwright
2026-08-17,SEF,10.36,10.23,-1.25,79370,23,nepse_playwright
2026-08-17,SFEF,11.43,9.85,-13.82,100,1,nepse_playwright
2026-08-17,SFMF,11.3,10.0,-11.5,18000,7,nepse_playwright
2026-08-17,SIGS2,10.85,11.02,1.57,13900,5,nepse_playwright
2026-08-17,SIGS3,11.44,10.87,-4.98,10338,4,nepse_playwright
2026-08-17,NICGF2,10.4,9.22,-11.35,300,3,nepse_playwright
2026-08-17,SLCF,10.08,10.4,3.17,21796,26,nepse_playwright
2026-08-18,KDBY,12.26,11.05,-9.87,59575,17,nepse_playwright
2026-08-18,HLICF,8.73,8.7,-0.34,1000,9,nepse_playwright
2026-08-18,GBIMESY2,9.93,9.06,-8.76,1150,8,nepse_playwright
2026-08-18,GSY,9.96,9.3,-6.63,2800,13,nepse_playwright
2026-08-18,GIBF1,11.78,10.8,-8.32,22900,12,nepse_playwright
2026-08-18,KEF,11.44,10.98,-4.02,71300,26,nepse_playwright
2026-08-18,H8020,12.37,12.0,-2.99,2100,13,nepse_playwright
2026-08-18,LUK,11.66,9.99,-14.32,300,3,nepse_playwright
2026-08-18,MNMF1,10.22,9.46,-7.44,6570,14,nepse_playwright
2026-08-18,LVF2,11.41,9.65,-15.43,2600,7,nepse_playwright
2026-08-18,MBLEF,10.85,9.92,-8.57,56700,26,nepse_playwright
2026-08-18,MMF1,9.48,8.9,-6.12,2500,12,nepse_playwright
2026-08-18,NBF2,10.47,9.81,-6.3,3300,5,nepse_playwright
2026-08-18,NBF3,10.32,9.58,-7.17,14571,18,nepse_playwright
2026-08-18,NIBLGF,9.76,8.64,-11.48,36900,6,nepse_playwright
2026-08-18,NIBLSTF,9.45,8.38,-11.32,930,7,nepse_playwright
2026-08-18,C30MF,10.53,10.0,-5.03,0,0,nepse_playwright
2026-08-18,NICBF,10.32,9.21,-10.76,0,0,nepse_playwright
2026-08-18,NIBSF2,9.75,8.8,-9.74,14350,13,nepse_playwright
2026-08-18,KSY,10.32,9.43,-8.62,11600,7,nepse_playwright
2026-08-18,NICFC,10.3,9.07,-11.94,900,8,nepse_playwright
2026-08-18,PSF,13.04,12.0,-7.98,8756,14,nepse_playwright
2026-08-18,PRSF,14.03,12.8,-8.77,979489,11,nepse_playwright
2026-08-18,NICSF,9.55,8.51,-10.89,9800,11,nepse_playwright
2026-08-18,NMBHF2,10.48,9.9,-5.53,177644,22,nepse_playwright
2026-08-18,NMB50,10.45,9.9,-5.26,237712,42,nepse_playwright
2026-08-18,RBBF40,9.95,9.05,-9.05,8200,9,nepse_playwright
2026-08-18,NSIF2,11.66,11.0,-5.66,208749,22,nepse_playwright
2026-08-18,SLCF,10.08,9.82,-2.58,5560,7,nepse_playwright
2026-08-18,SEF,10.36,9.5,-8.3,535566,108,nepse_playwright
2026-08-18,RMF1,10.28,9.7,-5.64,200,2,nepse_playwright
2026-08-18,SAGF,10.54,9.92,-5.88,9500,4,nepse_playwright
2026-08-18,SBCF,11.34,10.0,-11.82,100,1,nepse_playwright
2026-08-18,SFEF,11.43,9.8,-14.26,100,1,nepse_playwright
2026-08-18,SFMF,11.3,10.1,-10.62,3170,2,nepse_playwright
2026-08-18,SIGS2,10.85,10.53,-2.95,202700,33,nepse_playwright
2026-08-18,SIGS3,11.44,10.8,-5.59,1883385,80,nepse_playwright
2026-08-18,NICGF2,10.4,9.0,-13.46,900,4,nepse_playwright
2026-08-18,RMF2,10.86,10.1,-7.0,0,0,nepse_playwright
2026-08-18,RSY,11.16,10.5,-5.91,44150,37,nepse_playwright
2026-08-19,KEF,11.44,11.0,-3.85,177470,27,nepse_playwright
2026-08-19,KDBY,12.26,11.05,-9.87,83390,36,nepse_playwright
2026-08-19,H8020,12.37,11.79,-4.69,200,2,nepse_playwright
2026-08-19,C30MF,10.53,10.0,-5.03,800,2,nepse_playwright
2026-08-19,GIBF1,11.78,10.76,-8.66,15905,7,nepse_playwright
2026-08-19,GBIMESY2,9.93,8.95,-9.87,600,5,nepse_playwright
2026-08-19,KSY,10.32,9.17,-11.14,300,3,nepse_playwright
2026-08-19,GSY,9.96,9.33,-6.33,3150,17,nepse_playwright
2026-08-19,HLICF,8.73,8.61,-1.37,2300,10,nepse_playwright
2026-08-19,NBF3,10.32,9.6,-6.98,9050,16,nepse_playwright
2026-08-19,LUK,11.66,9.99,-14.32,400,2,nepse_playwright
2026-08-19,NIBLGF,9.76,8.89,-8.91,7680,7,nepse_playwright
2026-08-19,NBF2,10.47,9.81,-6.3,0,0,nepse_playwright
2026-08-19,NIBLSTF,9.45,8.41,-11.01,1500,7,nepse_playwright
2026-08-19,MMF1,9.48,8.67,-8.54,8240,21,nepse_playwright
2026-08-19,MBLEF,10.85,9.7,-10.6,2750,5,nepse_playwright
2026-08-19,MNMF1,10.22,9.65,-5.58,39850,20,nepse_playwright
2026-08-19,NIBSF2,9.75,8.8,-9.74,950,5,nepse_playwright
2026-08-19,LVF2,11.41,9.86,-13.58,3400,4,nepse_playwright
2026-08-19,NICBF,10.32,9.48,-8.14,500,3,nepse_playwright
2026-08-19,NICFC,10.3,9.0,-12.62,1201,10,nepse_playwright
2026-08-19,RSY,11.16,10.52,-5.73,254400,32,nepse_playwright
2026-08-19,RBBF40,9.95,9.1,-8.54,12450,18,nepse_playwright
2026-08-19,PSF,13.04,11.84,-9.2,1654,5,nepse_playwright
2026-08-19,PRSF,14.03,12.91,-7.98,2538,4,nepse_playwright
2026-08-19,NICSF,9.55,8.3,-13.09,1600,2,nepse_playwright
2026-08-19,NMBHF2,10.48,9.89,-5.63,616880,17,nepse_playwright
2026-08-19,RMF1,10.28,10.0,-2.72,1800,5,nepse_playwright
2026-08-19,NSIF2,11.66,11.0,-5.66,102795,9,nepse_playwright
2026-08-19,RMF2,10.86,10.1,-7.0,0,0,nepse_playwright
2026-08-19,NMB50,10.45,9.81,-6.12,344051,47,nepse_playwright
2026-08-19,SAGF,10.54,9.98,-5.31,10100,4,nepse_playwright
2026-08-19,SEF,10.36,9.34,-9.85,72500,14,nepse_playwright
2026-08-19,SLCF,10.08,10.0,-0.79,300,1,nepse_playwright
2026-08-19,SIGS3,11.44,11.0,-3.85,207987,20,nepse_playwright
2026-08-19,SIGS2,10.85,10.53,-2.95,0,0,nepse_playwright
2026-08-19,NICGF2,10.4,8.97,-13.75,1000,6,nepse_playwright
2026-08-19,SFEF,11.43,9.8,-14.26,100,1,nepse_playwright
2026-08-19,SBCF,11.34,9.63,-15.08,2900,6,nepse_playwright
2026-08-19,SFMF,11.3,10.3,-8.85,13500,5,nepse_playwright
2026-08-20,KSY,10.32,9.16,-11.24,2180,7,nepse_playwright
2026-08-20,C30MF,10.53,10.0,-5.03,4200,4,nepse_playwright
2026-08-20,GBIMESY2,9.93,9.1,-8.36,400,4,nepse_playwright
2026-08-20,GIBF1,11.78,10.9,-7.47,1100,8,nepse_playwright
2026-08-20,GSY,9.96,9.32,-6.43,23100,14,nepse_playwright
2026-08-20,H8020,12.37,11.8,-4.61,5785,7,nepse_playwright
2026-08-20,KDBY,12.26,9.97,-18.68,12520,13,nepse_playwright
2026-08-20,KEF,11.44,10.01,-12.5,74596,27,nepse_playwright
2026-08-20,HLICF,8.73,8.37,-4.12,1400,6,nepse_playwright
2026-08-20,MNMF1,10.22,9.5,-7.05,31150,17,nepse_playwright
2026-08-20,LUK,11.66,9.74,-16.47,8100,3,nepse_playwright
2026-08-20,NIBLGF,9.76,8.48,-13.11,1500,5,nepse_playwright
2026-08-20,NBF3,10.32,9.67,-6.3,10100,11,nepse_playwright
2026-08-20,NBF2,10.47,9.85,-5.92,6320,5,nepse_playwright
2026-08-20,NIBLSTF,9.45,8.38,-11.32,6650,7,nepse_playwright
2026-08-20,MMF1,9.48,8.96,-5.49,8784,19,nepse_playwright
2026-08-20,MBLEF,10.85,9.57,-11.8,500,5,nepse_playwright
2026-08-20,NIBSF2,9.75,8.58,-12.0,15300,5,nepse_playwright
2026-08-20,LVF2,11.41,9.58,-16.04,200,2,nepse_playwright
2026-08-20,NICBF,10.32,9.64,-6.59,1615,2,nepse_playwright
2026-08-20,NICFC,10.3,9.25,-10.19,4801,9,nepse_playwright
2026-08-20,RSY,11.16,10.55,-5.47,10300,22,nepse_playwright
2026-08-20,RMF1,10.28,9.57,-6.91,13700,7,nepse_playwright
2026-08-20,NICSF,9.55,8.85,-7.33,2050,11,nepse_playwright
2026-08-20,NMB50,10.45,10.02,-4.11,34360,6,nepse_playwright
2026-08-20,NMBHF2,10.48,9.9,-5.53,29640,16,nepse_playwright
2026-08-20,NSIF2,11.66,11.0,-5.66,342164,18,nepse_playwright
2026-08-20,PSF,13.04,11.87,-8.97,10546,8,nepse_playwright
2026-08-20,RBBF40,9.95,9.0,-9.55,7200,15,nepse_playwright
2026-08-20,RMF2,10.86,10.1,-7.0,420,4,nepse_playwright
2026-08-20,PRSF,14.03,12.9,-8.05,5980,4,nepse_playwright
2026-08-20,SAGF,10.54,9.99,-5.22,100,1,nepse_playwright
2026-08-20,SLCF,10.08,9.7,-3.77,1100,3,nepse_playwright
2026-08-20,SIGS3,11.44,11.0,-3.85,179099,27,nepse_playwright
2026-08-20,SIGS2,10.85,10.51,-3.13,14010,5,nepse_playwright
2026-08-20,SFMF,11.3,10.2,-9.73,21600,6,nepse_playwright
2026-08-20,NICGF2,10.4,9.0,-13.46,500,5,nepse_playwright
2026-08-20,SEF,10.36,9.3,-10.23,76895,18,nepse_playwright
2026-08-20,SBCF,11.34,9.6,-15.34,2450,5,nepse_playwright
2026-08-20,SFEF,11.43,9.8,-14.26,0,0,nepse_playwright
2026-08-21,KSY,10.32,9.16,-11.24,3785,7,nepse_playwright
2026-08-21,GBIMESY2,9.93,8.96,-9.77,1200,4,nepse_playwright
2026-08-21,GIBF1,11.78,10.9,-7.47,600,5,nepse_playwright
2026-08-21,GSY,9.96,9.35,-6.12,3100,19,nepse_playwright
2026-08-21,H8020,12.37,12.0,-2.99,10300,13,nepse_playwright
2026-08-21,HLICF,8.73,8.55,-2.06,2050,14,nepse_playwright
2026-08-21,KDBY,12.26,9.97,-18.68,106530,33,nepse_playwright
2026-08-21,KEF,11.44,9.71,-15.12,71120,19,nepse_playwright
2026-08-21,C30MF,10.53,9.87,-6.27,100,1,nepse_playwright
2026-08-21,LUK,11.66,9.74,-16.47,1000,1,nepse_playwright
2026-08-21,MBLEF,10.85,9.53,-12.17,500,5,nepse_playwright
2026-08-21,MMF1,9.48,8.95,-5.59,5020,16,nepse_playwright
2026-08-21,MNMF1,10.22,9.43,-7.73,1200,10,nepse_playwright
2026-08-21,NBF2,10.47,9.85,-5.92,0,0,nepse_playwright
2026-08-21,NBF3,10.32,9.67,-6.3,14800,15,nepse_playwright
2026-08-21,NIBLGF,9.76,8.8,-9.84,25300,11,nepse_playwright
2026-08-21,NIBLSTF,9.45,8.33,-11.85,4737,8,nepse_playwright
2026-08-21,NIBSF2,9.75,8.57,-12.1,950,6,nepse_playwright
2026-08-21,LVF2,11.41,9.08,-20.42,420,4,nepse_playwright
2026-08-21,NICBF,10.32,9.3,-9.88,1840,4,nepse_playwright
2026-08-21,NICFC,10.3,8.99,-12.72,1669,6,nepse_playwright
2026-08-21,RSY,11.16,10.65,-4.57,14400,24,nepse_playwright
2026-08-21,NICSF,9.55,8.77,-8.17,21660,9,nepse_playwright
2026-08-21,NMB50,10.45,9.86,-5.65,66820,11,nepse_playwright
2026-08-21,NMBHF2,10.48,9.91,-5.44,36510,20,nepse_playwright
2026-08-21,NSIF2,11.66,11.01,-5.57,279240,27,nepse_playwright
2026-08-21,PRSF,14.03,12.95,-7.7,20400,7,nepse_playwright
2026-08-21,PSF,13.04,11.9,-8.74,16500,7,nepse_playwright
2026-08-21,RBBF40,9.95,8.91,-10.45,400,4,nepse_playwright
2026-08-21,RMF2,10.86,10.1,-7.0,1050,4,nepse_playwright
2026-08-21,RMF1,10.28,9.5,-7.59,350,2,nepse_playwright
2026-08-21,SAGF,10.54,9.99,-5.22,100,1,nepse_playwright
2026-08-21,SBCF,11.34,9.6,-15.34,200,1,nepse_playwright
2026-08-21,SEF,10.36,9.51,-8.2,61015,14,nepse_playwright
2026-08-21,SFEF,11.43,9.8,-14.26,0,0,nepse_playwright
2026-08-21,SFMF,11.3,9.9,-12.39,3400,2,nepse_playwright
2026-08-21,SIGS2,10.85,10.51,-3.13,0,0,nepse_playwright
2026-08-21,SIGS3,11.44,11.0,-3.85,372573,8,nepse_playwright
2026-08-21,NICGF2,10.4,9.0,-13.46,1500,8,nepse_playwright
2026-08-21,SLCF,10.08,9.5,-5.75,200,2,nepse_playwright
2026-08-24,KDBY,12.26,9.99,-18.52,22890,17,nepse_playwright
2026-08-24,HLICF,8.73,8.5,-2.63,700,7,nepse_playwright
2026-08-24,GBIMESY2,9.93,8.92,-10.17,800,4,nepse_playwright
2026-08-24,GSY,9.96,9.2,-7.63,4200,21,nepse_playwright
2026-08-24,GIBF1,11.78,10.8,-8.32,700,6,nepse_playwright
2026-08-24,LUK,11.66,9.7,-16.81,200,2,nepse_playwright
2026-08-24,H8020,12.37,12.0,-2.99,6000,1,nepse_playwright
2026-08-24,KSY,10.32,9.2,-10.85,600,6,nepse_playwright
2026-08-24,MNMF1,10.22,9.5,-7.05,3540,12,nepse_playwright
2026-08-24,LVF2,11.41,9.1,-20.25,2400,9,nepse_playwright
2026-08-24,MBLEF,10.85,9.55,-11.98,11300,13,nepse_playwright
2026-08-24,MMF1,9.48,8.95,-5.59,8501,30,nepse_playwright
2026-08-24,NBF2,10.47,10.09,-3.63,2020,6,nepse_playwright
2026-08-24,NBF3,10.32,9.7,-6.01,15800,12,nepse_playwright
2026-08-24,NIBLGF,9.76,8.85,-9.32,15600,10,nepse_playwright
2026-08-24,NIBLSTF,9.45,8.47,-10.37,6900,10,nepse_playwright
2026-08-24,C30MF,10.53,9.87,-6.27,0,0,nepse_playwright
2026-08-24,NICBF,10.32,9.3,-9.88,100,1,nepse_playwright
2026-08-24,NIBSF2,9.75,8.38,-14.05,47150,16,nepse_playwright
2026-08-24,KEF,11.44,9.7,-15.21,11972,9,nepse_playwright
2026-08-24,NICFC,10.3,9.2,-10.68,4273,13,nepse_playwright
2026-08-24,PSF,13.04,12.03,-7.75,243798,52,nepse_playwright
2026-08-24,PRSF,14.03,12.73,-9.27,205100,44,nepse_playwright
2026-08-24,NICSF,9.55,8.85,-7.33,11540,13,nepse_playwright
2026-08-24,NMBHF2,10.48,9.46,-9.73,400,3,nepse_playwright
2026-08-24,NMB50,10.45,9.75,-6.7,49692,10,nepse_playwright
2026-08-24,SLCF,10.08,9.31,-7.64,300,2,nepse_playwright
2026-08-24,NSIF2,11.66,10.1,-13.38,40689,15,nepse_playwright
2026-08-24,RMF1,10.28,9.32,-9.34,600,4,nepse_playwright
2026-08-24,SEF,10.36,9.27,-10.52,30002,14,nepse_playwright
2026-08-24,RBBF40,9.95,9.0,-9.55,259800,14,nepse_playwright
2026-08-24,SAGF,10.54,10.0,-5.12,31600,7,nepse_playwright
2026-08-24,SBCF,11.34,9.22,-18.69,6000,11,nepse_playwright
2026-08-24,SFEF,11.43,9.86,-13.74,21700,10,nepse_playwright
2026-08-24,SFMF,11.3,9.7,-14.16,39230,8,nepse_playwright
2026-08-24,SIGS2,10.85,10.51,-3.13,0,0,nepse_playwright
2026-08-24,SIGS3,11.44,11.0,-3.85,50619,9,nepse_playwright
2026-08-24,NICGF2,10.4,8.96,-13.85,2000,10,nepse_playwright
2026-08-24,RMF2,10.86,10.01,-7.83,100,1,nepse_playwright
2026-08-24,RSY,11.16,10.7,-4.12,4700,14,nepse_playwright
2026-08-25,KEF,11.44,10.0,-12.59,10300,6,nepse_playwright
2026-08-25,KDBY,12.26,10.05,-18.03,28891,20,nepse_playwright
2026-08-25,HLICF,8.73,8.3,-4.93,3270,16,nepse_playwright
2026-08-25,GBIMESY2,9.93,8.9,-10.37,700,6,nepse_playwright
2026-08-25,GSY,9.96,9.18,-7.83,2000,19,nepse_playwright
2026-08-25,GIBF1,11.78,10.75,-8.74,68300,12,nepse_playwright
2026-08-25,KSY,10.32,9.47,-8.24,1000,8,nepse_playwright
2026-08-25,H8020,12.37,12.19,-1.46,133620,28,nepse_playwright
2026-08-25,C30MF,10.53,10.0,-5.03,16100,4,nepse_playwright
2026-08-25,MNMF1,10.22,9.35,-8.51,1390,9,nepse_playwright
2026-08-25,MBLEF,10.85,9.56,-11.89,5300,9,nepse_playwright
2026-08-25,MMF1,9.48,8.7,-8.23,10100,12,nepse_playwright
2026-08-25,NBF2,10.47,9.83,-6.11,1200,3,nepse_playwright
2026-08-25,NBF3,10.32,9.7,-6.01,61100,16,nepse_playwright
2026-08-25,NIBLGF,9.76,8.8,-9.84,11000,9,nepse_playwright
2026-08-25,NIBLSTF,9.45,8.41,-11.01,710,7,nepse_playwright
2026-08-25,LUK,11.66,9.55,-18.1,12500,5,nepse_playwright
2026-08-25,NIBSF2,9.75,8.53,-12.51,3639,8,nepse_playwright
2026-08-25,LVF2,11.41,8.92,-21.82,3000,2,nepse_playwright
2026-08-25,NICBF,10.32,9.03,-12.5,200,2,nepse_playwright
2026-08-25,NICFC,10.3,8.9,-13.59,3398,8,nepse_playwright
2026-08-25,RSY,11.16,10.54,-5.56,42400,14,nepse_playwright
2026-08-25,PSF,13.04,12.1,-7.21,59735,36,nepse_playwright
2026-08-25,PRSF,14.03,12.75,-9.12,142750,21,nepse_playwright
2026-08-25,NICSF,9.55,8.67,-9.21,2740,10,nepse_playwright
2026-08-25,NMBHF2,10.48,9.2,-12.21,1460,12,nepse_playwright
2026-08-25,NMB50,10.45,9.7,-7.18,17000,5,nepse_playwright
2026-08-25,RMF1,10.28,9.37,-8.85,900,4,nepse_playwright
2026-08-25,NSIF2,11.66,10.08,-13.55,19451,12,nepse_playwright
2026-08-25,RMF2,10.86,10.0,-7.92,3000,2,nepse_playwright
2026-08-25,RBBF40,9.95,9.3,-6.53,123752,24,nepse_playwright
2026-08-25,SAGF,10.54,10.1,-4.17,24696,8,nepse_playwright
2026-08-25,SBCF,11.34,9.21,-18.78,1100,3,nepse_playwright
2026-08-25,SFEF,11.43,9.64,-15.66,100,1,nepse_playwright
2026-08-25,SFMF,11.3,9.6,-15.04,3501,4,nepse_playwright
2026-08-25,SIGS2,10.85,10.36,-4.52,14400,4,nepse_playwright
2026-08-25,SIGS3,11.44,11.0,-3.85,89127,23,nepse_playwright
2026-08-25,SLCF,10.08,9.3,-7.74,300,3,nepse_playwright
2026-08-25,NICGF2,10.4,8.74,-15.96,300,3,nepse_playwright
2026-08-25,SEF,10.36,9.28,-10.42,16175,9,nepse_playwright
2026-08-26,KDBY,12.26,10.03,-18.19,32418,18,nepse_playwright
2026-08-26,NICBF,10.32,9.3,-9.88,200,2,nepse_playwright
2026-08-26,GBIMESY2,9.93,8.9,-10.37,100,1,nepse_playwright
2026-08-26,GSY,9.96,9.15,-8.13,1100,10,nepse_playwright
2026-08-26,GIBF1,11.78,10.62,-9.85,108550,10,nepse_playwright
2026-08-26,LUK,11.66,9.83,-15.69,100,1,nepse_playwright
2026-08-26,H8020,12.37,11.96,-3.31,20100,10,nepse_playwright
2026-08-26,KSY,10.32,9.19,-10.95,100,1,nepse_playwright
2026-08-26,MNMF1,10.22,9.29,-9.1,1420,10,nepse_playwright
2026-08-26,LVF2,11.41,9.0,-21.12,900,5,nepse_playwright
2026-08-26,MBLEF,10.85,9.58,-11.71,1900,10,nepse_playwright
2026-08-26,MMF1,9.48,9.07,-4.32,19695,18,nepse_playwright
2026-08-26,NBF2,10.47,9.67,-7.64,300,3,nepse_playwright
2026-08-26,NBF3,10.32,9.58,-7.17,1200,8,nepse_playwright
2026-08-26,NIBLGF,9.76,8.54,-12.5,7000,6,nepse_playwright
2026-08-26,NIBLSTF,9.45,8.41,-11.01,0,0,nepse_playwright
2026-08-26,C30MF,10.53,9.75,-7.41,85300,10,nepse_playwright
2026-08-26,HLICF,8.73,8.3,-4.93,4000,11,nepse_playwright
2026-08-26,NIBSF2,9.75,8.5,-12.82,800,3,nepse_playwright
2026-08-26,KEF,11.44,9.41,-17.74,4394,6,nepse_playwright
2026-08-26,NICFC,10.3,8.92,-13.4,1000,9,nepse_playwright
2026-08-26,PSF,13.04,12.1,-7.21,203445,29,nepse_playwright
2026-08-26,PRSF,14.03,12.6,-10.19,349498,29,nepse_playwright
2026-08-26,NICSF,9.55,8.36,-12.46,600,4,nepse_playwright
2026-08-26,NMBHF2,10.48,8.84,-15.65,700,3,nepse_playwright
2026-08-26,NMB50,10.45,9.68,-7.37,12000,2,nepse_playwright
2026-08-26,RBBF40,9.95,9.3,-6.53,69386,14,nepse_playwright
2026-08-26,NSIF2,11.66,9.95,-14.67,12900,11,nepse_playwright
2026-08-26,RMF1,10.28,9.45,-8.07,1300,4,nepse_playwright
2026-08-26,SEF,10.36,9.49,-8.4,76000,12,nepse_playwright
2026-08-26,SLCF,10.08,9.05,-10.22,3100,5,nepse_playwright
2026-08-26,SAGF,10.54,10.1,-4.17,0,0,nepse_playwright
2026-08-26,SBCF,11.34,9.21,-18.78,3100,6,nepse_playwright
2026-08-26,SFEF,11.43,9.63,-15.75,213800,10,nepse_playwright
2026-08-26,SFMF,11.3,9.6,-15.04,0,0,nepse_playwright
2026-08-26,SIGS2,10.85,10.36,-4.52,0,0,nepse_playwright
2026-08-26,SIGS3,11.44,10.85,-5.16,275800,16,nepse_playwright
2026-08-26,NICGF2,10.4,8.74,-15.96,0,0,nepse_playwright
2026-08-26,RMF2,10.86,9.81,-9.67,200,2,nepse_playwright
2026-08-26,RSY,11.16,9.93,-11.02,1100,2,nepse_playwright
2026-08-27,KDBY,12.26,9.75,-20.47,43690,15,nepse_playwright
2026-08-27,NIBSF2,9.75,8.5,-12.82,200,2,nepse_playwright
2026-08-27,H8020,12.37,11.74,-5.09,14670,8,nepse_playwright
2026-08-27,C30MF,10.53,9.76,-7.31,200,2,nepse_playwright
2026-08-27,GIBF1,11.78,10.62,-9.85,1700,8,nepse_playwright
2026-08-27,GBIMESY2,9.93,8.89,-10.47,400,4,nepse_playwright
2026-08-27,GSY,9.96,8.95,-10.14,55000,24,nepse_playwright
2026-08-27,HLICF,8.73,8.28,-5.15,2600,8,nepse_playwright
2026-08-27,KSY,10.32,8.92,-13.57,500,1,nepse_playwright
2026-08-27,LVF2,11.41,9.0,-21.12,0,0,nepse_playwright
2026-08-27,MBLEF,10.85,9.51,-12.35,21300,6,nepse_playwright
2026-08-27,MMF1,9.48,8.7,-8.23,9800,21,nepse_playwright
2026-08-27,MNMF1,10.22,9.3,-9.0,26000,7,nepse_playwright
2026-08-27,NBF2,10.47,9.72,-7.16,1100,2,nepse_playwright
2026-08-27,NBF3,10.32,9.34,-9.5,13100,19,nepse_playwright
2026-08-27,NIBLGF,9.76,8.54,-12.5,1400,3,nepse_playwright
2026-08-27,NIBLSTF,9.45,8.41,-11.01,5650,6,nepse_playwright
2026-08-27,LUK,11.66,9.57,-17.92,300,3,nepse_playwright
2026-08-27,RMF1,10.28,9.3,-9.53,500,5,nepse_playwright
2026-08-27,KEF,11.44,9.68,-15.38,4300,8,nepse_playwright
2026-08-27,RSY,11.16,9.44,-15.41,11800,12,nepse_playwright
2026-08-27,RBBF40,9.95,9.25,-7.04,259200,4,nepse_playwright
2026-08-27,PSF,13.04,12.17,-6.67,620100,20,nepse_playwright
2026-08-27,PRSF,14.03,12.75,-9.12,22600,8,nepse_playwright
2026-08-27,NICGF2,10.4,8.69,-16.44,400,4,nepse_playwright
2026-08-27,NMBHF2,10.48,8.6,-17.94,500,5,nepse_playwright
2026-08-27,NICBF,10.32,9.04,-12.4,100,1,nepse_playwright
2026-08-27,NSIF2,11.66,9.94,-14.75,18100,9,nepse_playwright
2026-08-27,RMF2,10.86,9.76,-10.13,100,1,nepse_playwright
2026-08-27,NICSF,9.55,8.48,-11.2,6400,6,nepse_playwright
2026-08-27,SAGF,10.54,9.85,-6.55,10250,4,nepse_playwright
2026-08-27,SBCF,11.34,9.27,-18.25,4400,7,nepse_playwright
2026-08-27,SEF,10.36,9.2,-11.2,220868,10,nepse_playwright
2026-08-27,SFEF,11.43,9.65,-15.57,51836,6,nepse_playwright
2026-08-27,SFMF,11.3,9.6,-15.04,0,0,nepse_playwright
2026-08-27,SIGS2,10.85,10.27,-5.35,1870,4,nepse_playwright
2026-08-27,SIGS3,11.44,10.99,-3.93,1300,7,nepse_playwright
2026-08-27,NICFC,10.3,8.88,-13.79,300,3,nepse_playwright
2026-08-27,SLCF,10.08,9.1,-9.72,250,1,nepse_playwright
2026-08-31,C30MF,10.53,9.95,-5.51,1550,3,nepse_playwright
2026-08-31,GBIMESY2,9.93,8.92,-10.17,2300,4,nepse_playwright
2026-08-31,GIBF1,11.78,10.6,-10.02,1500,7,nepse_playwright
2026-08-31,GSY,9.96,8.92,-10.44,8900,17,nepse_playwright
2026-08-31,H8020,12.37,11.7,-5.42,42830,6,nepse_playwright
2026-08-31,HLICF,8.73,8.5,-2.63,6673,10,nepse_playwright
2026-08-31,KDBY,12.26,9.8,-20.07,16925,15,nepse_playwright
2026-08-31,NIBLGF,9.76,8.32,-14.75,900,5,nepse_playwright
2026-08-31,KSY,10.32,8.85,-14.24,1500,3,nepse_playwright
2026-08-31,LVF2,11.41,9.0,-21.12,0,0,nepse_playwright
2026-08-31,MBLEF,10.85,8.5,-21.66,73543,27,nepse_playwright
2026-08-31,MMF1,9.48,8.96,-5.49,4879,22,nepse_playwright
2026-08-31,MNMF1,10.22,9.1,-10.96,59500,17,nepse_playwright
2026-08-31,NBF2,10.47,9.72,-7.16,1750,3,nepse_playwright
2026-08-31,NBF3,10.32,9.35,-9.4,13150,23,nepse_playwright
2026-08-31,SIGS3,11.44,9.91,-13.37,52730,21,nepse_playwright
2026-08-31,KEF,11.44,9.5,-16.96,10492,12,nepse_playwright
2026-08-31,NIBLSTF,9.45,8.18,-13.44,400,4,nepse_playwright
2026-08-31,RSY,11.16,9.61,-13.89,800,5,nepse_playwright
2026-08-31,NICBF,10.32,8.82,-14.53,100,1,nepse_playwright
2026-08-31,NIBSF2,9.75,8.5,-12.82,2980,13,nepse_playwright
2026-08-31,NICGF2,10.4,8.7,-16.35,3600,8,nepse_playwright
2026-08-31,NICSF,9.55,8.2,-14.14,8100,11,nepse_playwright
2026-08-31,NMBHF2,10.48,8.5,-18.89,2300,5,nepse_playwright
2026-08-31,NSIF2,11.66,9.8,-15.95,4100,9,nepse_playwright
2026-08-31,PRSF,14.03,12.7,-9.48,53194,20,nepse_playwright
2026-08-31,PSF,13.04,11.91,-8.67,4750,18,nepse_playwright
2026-08-31,RBBF40,9.95,8.98,-9.75,200,2,nepse_playwright
2026-08-31,SIGS2,10.85,9.9,-8.76,59830,12,nepse_playwright
2026-08-31,RMF2,10.86,9.76,-10.13,55695,8,nepse_playwright
2026-08-31,SAGF,10.54,9.75,-7.5,176364,11,nepse_playwright
2026-08-31,SBCF,11.34,8.73,-23.02,9556,7,nepse_playwright
2026-08-31,SEF,10.36,9.21,-11.1,5700,5,nepse_playwright
2026-08-31,SFEF,11.43,9.85,-13.82,300400,9,nepse_playwright
2026-08-31,SFMF,11.3,9.61,-14.96,100,1,nepse_playwright
2026-08-31,NICFC,10.3,8.78,-14.76,1100,9,nepse_playwright
2026-08-31,RMF1,10.28,9.3,-9.53,1900,5,nepse_playwright
2026-08-31,LUK,11.66,9.12,-21.78,29400,11,nepse_playwright
2026-08-31,SLCF,10.08,9.01,-10.62,300,2,nepse_playwright
