date,symbol,ltp,price_return_1d,price_return_1w,price_return_1m,discount_change_1d,discount_change_1w,nav_return_1m
2026-02-09,C30MF,9.65,,,,,,-2.59
2026-02-10,C30MF,9.83,1.87,,,1.72,,-2.59
2026-02-11,C30MF,9.82,-0.1,,,-0.1,,-2.59
2026-02-12,C30MF,9.71,-1.12,,,-1.05,,-2.59
2026-02-16,C30MF,9.68,-0.31,,,-1.42,,-2.59
2026-02-17,C30MF,9.57,-1.14,-0.83,,-1.04,-1.89,-2.59
2026-02-22,C30MF,9.61,0.42,-2.24,,0.38,-3.23,-2.59
2026-02-23,C30MF,9.8,1.98,-0.2,,1.79,-1.34,-2.59
2026-02-24,C30MF,9.7,-1.02,-0.1,,-0.94,-1.23,-2.59
2026-02-25,C30MF,9.53,-1.75,-1.55,,-1.6,-1.41,-2.59
2026-02-26,C30MF,9.63,1.05,0.63,,0.94,0.57,-2.59
2026-03-01,C30MF,9.82,1.97,2.19,,1.79,1.98,-2.59
2026-03-03,C30MF,9.82,0.0,0.2,,0.0,0.19,-2.59
2026-03-09,C30MF,9.82,0.0,1.24,,0.0,1.13,-2.59
2026-03-10,C30MF,9.93,1.12,4.2,,1.04,3.77,-2.59
2026-03-11,C30MF,10.16,2.32,5.5,,2.17,5.0,-2.59
2026-03-12,C30MF,10.2,0.39,3.87,,0.38,3.59,-2.59
2026-03-15,C30MF,10.15,-0.49,3.36,,-3.96,-0.37,-2.59
2026-03-16,C30MF,10.05,-0.99,2.34,,-0.91,-1.28,-2.59
2026-03-17,C30MF,10.13,0.8,2.01,,0.73,-1.59,-2.59
2026-03-19,C30MF,10.12,-0.1,-0.39,,-0.09,-3.85,-2.59
2026-03-22,C30MF,10.21,0.89,0.1,,0.82,-3.41,-2.59
2026-03-23,C30MF,10.2,-0.1,0.49,5.7,-0.09,0.46,-2.59
2026-03-24,C30MF,10.24,0.39,1.89,4.17,0.36,1.73,-2.59
2026-03-25,C30MF,10.12,-1.17,-0.1,3.05,-1.09,-0.09,-2.59
2026-03-26,C30MF,10.25,1.28,1.28,5.56,1.18,1.18,-2.59
2026-03-29,C30MF,10.3,0.49,0.88,6.4,0.46,0.82,-2.59
2026-03-30,C30MF,10.1,-1.94,-0.98,5.54,-1.82,-0.91,-2.59
2026-03-31,C30MF,10.17,0.69,-0.68,5.83,0.63,-0.64,-2.59
2026-04-01,C30MF,10.1,-0.69,-0.2,3.06,-0.63,-0.18,-2.59
2026-04-02,C30MF,10.0,-0.99,-2.44,3.09,-0.91,-2.27,-2.59
2026-04-05,C30MF,9.86,-1.4,-4.27,3.46,-1.27,-4.0,-2.59
2026-04-06,C30MF,9.99,1.32,-1.09,3.74,1.18,-1.0,-2.59
2026-04-07,C30MF,9.92,-0.7,-2.46,1.02,-0.64,-2.27,-2.59
2026-04-08,C30MF,10.15,2.32,0.5,3.36,2.09,0.45,-2.59
2026-04-09,C30MF,10.18,0.3,1.8,3.67,0.28,1.64,-2.59
2026-04-10,C30MF,10.01,-1.67,1.52,0.81,-1.55,1.36,-2.59
2026-04-13,C30MF,10.19,1.8,2.0,0.3,1.64,1.82,-2.59
2026-04-15,C30MF,10.17,-0.2,2.52,-0.29,-0.1,2.36,-2.59
2026-04-16,C30MF,10.3,1.28,1.48,1.48,1.18,1.45,-2.59
2026-04-17,C30MF,10.15,-1.46,-0.29,1.0,-1.36,-0.19,-2.59
2026-04-20,C30MF,10.13,-0.2,1.2,0.0,-0.19,1.17,-2.59
2026-04-21,C30MF,10.15,0.2,-0.39,0.3,0.19,-0.28,-2.59
2026-04-22,C30MF,10.18,0.3,0.1,-0.29,0.27,0.09,-2.59
2026-04-23,C30MF,10.1,-0.79,-1.94,-0.98,-0.73,-1.82,-2.59
2026-04-24,C30MF,10.1,0.0,-0.49,-1.37,0.0,-0.46,-2.59
2026-04-27,C30MF,10.0,-0.99,-1.28,-1.19,-0.91,-1.18,-2.59
2026-04-28,C30MF,10.0,0.0,-1.48,-2.44,0.0,-1.37,-2.59
2026-04-29,C30MF,9.9,-1.0,-2.75,-3.88,-0.91,-2.55,-2.59
2026-04-30,C30MF,10.07,1.72,-0.3,-0.3,1.55,-0.27,-2.59
2026-05-04,C30MF,10.0,-0.7,-0.99,-1.67,-0.64,-0.91,-2.59
2026-05-05,C30MF,9.87,-1.3,-1.3,-2.28,-1.18,-1.18,-2.59
2026-05-06,C30MF,9.9,0.3,-1.0,-1.0,0.27,-0.91,-2.59
2026-05-07,C30MF,9.77,-1.31,-1.31,-0.91,-1.18,-1.18,-2.59
2026-05-08,C30MF,10.06,2.97,-0.1,0.7,2.64,-0.09,-2.59
2026-05-11,C30MF,10.0,-0.6,0.0,0.81,-0.55,0.0,-2.59
2026-05-12,C30MF,10.02,0.2,1.52,-1.28,0.18,1.36,-2.59
2026-05-13,C30MF,10.1,0.8,2.02,-0.79,0.73,1.82,-2.59
2026-05-14,C30MF,9.87,-2.28,1.02,-1.4,-2.09,0.91,-2.59
2026-05-15,C30MF,10.05,1.82,-0.1,-1.37,3.59,1.86,-2.59
2026-05-18,C30MF,9.9,-1.49,-1.0,-2.65,-1.39,1.02,-2.59
2026-05-19,C30MF,9.75,-1.52,-2.69,-5.34,-1.4,-0.56,-2.59
2026-05-20,C30MF,9.83,0.82,-2.67,-3.15,0.75,-0.54,-2.59
2026-05-21,C30MF,9.83,0.0,-0.41,-2.96,0.0,1.55,-2.59
2026-05-22,C30MF,9.83,0.0,-2.19,-3.15,0.0,-2.04,-2.59
2026-05-25,C30MF,10.0,1.73,1.01,-1.77,1.58,0.93,-2.59
2026-05-26,C30MF,10.0,0.0,2.56,-0.99,0.0,2.33,-2.59
2026-05-27,C30MF,10.19,1.9,3.66,0.89,1.76,3.34,-2.59
2026-06-01,C30MF,10.1,-0.88,2.75,1.0,-0.83,2.51,-2.59
2026-06-02,C30MF,10.05,-0.5,2.24,0.5,-0.47,2.04,-2.59
2026-06-03,C30MF,10.15,1.0,1.5,2.53,0.93,1.39,-2.59
2026-06-04,C30MF,10.1,-0.49,1.0,0.3,-0.46,0.93,-2.59
2026-06-05,C30MF,10.01,-0.89,-1.77,0.1,-0.84,-1.67,-2.59
2026-06-08,C30MF,10.0,-0.1,-0.99,1.32,-0.09,-0.93,-2.59
2026-06-09,C30MF,10.01,0.1,-0.4,1.11,0.09,-0.37,-2.59
2026-06-10,C30MF,9.96,-0.5,-1.87,1.94,-0.46,-1.76,-2.59
2026-06-11,C30MF,10.0,0.4,-0.99,-0.6,0.37,-0.93,-2.59
2026-06-12,C30MF,9.92,-0.8,-0.9,-0.8,-0.75,-0.84,-2.59
2026-06-15,C30MF,10.01,0.91,0.1,-0.1,0.41,-0.34,-2.59
2026-06-16,C30MF,10.11,1.0,1.0,0.1,0.92,0.49,-2.59
2026-06-17,C30MF,10.0,-1.09,0.4,1.32,-1.01,-0.06,-2.59
2026-06-18,C30MF,10.24,2.4,2.4,1.89,2.22,1.79,-2.59
2026-06-19,C30MF,10.05,-1.86,1.31,1.52,-1.76,0.78,-2.59
2026-06-22,C30MF,10.1,0.5,0.9,3.59,0.46,0.83,-2.59
2026-06-23,C30MF,10.1,0.0,-0.1,2.75,0.0,-0.09,-2.59
2026-06-24,C30MF,10.0,-0.99,0.0,1.73,-0.92,0.0,-2.59
2026-06-25,C30MF,10.0,0.0,-2.34,1.73,0.0,-2.22,-2.59
2026-06-26,C30MF,10.0,0.0,-0.5,0.0,0.0,-0.46,-2.59
2026-06-29,C30MF,9.94,-0.6,-1.58,-0.6,-0.56,-1.48,-2.59
2026-06-30,C30MF,9.96,0.2,-1.39,-2.26,0.19,-1.29,-2.59
2026-07-01,C30MF,10.25,2.91,2.5,1.49,2.68,2.31,-2.59
2026-07-02,C30MF,10.18,-0.68,1.8,1.29,-0.65,1.66,-2.59
2026-07-03,C30MF,10.18,0.0,1.8,0.3,0.0,1.66,-2.59
2026-07-06,C30MF,9.92,-2.55,-0.2,-1.78,-2.4,-0.18,-2.59
2026-07-07,C30MF,10.2,2.82,2.41,1.9,2.59,2.22,-2.59
2026-07-08,C30MF,10.24,0.39,-0.1,2.4,0.37,-0.09,-2.59
2026-07-10,C30MF,10.01,-2.25,-1.67,0.0,-2.13,-1.57,-2.59
2026-07-13,C30MF,9.93,-0.8,-2.46,-0.3,-0.74,-2.31,-2.59
2026-07-14,C30MF,10.02,0.91,1.01,0.2,0.83,0.92,-2.59
2026-07-15,C30MF,9.75,-2.69,-4.41,-1.71,-2.5,-4.17,-2.59
2026-07-16,C30MF,10.2,4.62,-0.39,1.9,4.17,-0.37,-2.59
2026-07-17,C30MF,10.2,0.0,1.9,0.89,0.0,1.76,-2.59
2026-07-20,C30MF,10.02,-1.76,0.91,0.2,-1.67,0.83,-2.59
2026-07-21,C30MF,10.01,-0.1,-0.1,-2.25,-0.09,-0.09,-2.59
2026-07-22,C30MF,10.09,0.8,3.49,0.4,0.74,3.15,-2.59
2026-07-23,C30MF,10.22,1.29,0.2,1.19,1.2,0.18,-2.59
2026-07-24,C30MF,9.96,-2.54,-2.35,-1.39,-2.4,-2.22,-2.59
2026-07-27,C30MF,9.7,-2.61,-3.19,-3.0,-2.41,-2.96,-2.59
2026-07-29,C30MF,10.07,3.81,0.6,0.7,3.42,0.55,-2.59
2026-07-30,C30MF,10.07,0.0,-0.2,0.7,0.0,-0.19,-2.59
2026-07-31,C30MF,10.07,0.0,-1.47,1.31,2.48,1.09,-2.59
2026-08-03,C30MF,10.1,0.3,1.41,1.41,0.29,3.78,-2.59
2026-08-04,C30MF,10.09,-0.1,4.02,-1.56,-0.1,6.09,-2.59
2026-08-06,C30MF,9.9,-1.88,-1.69,-2.75,-1.8,0.87,-2.59
2026-08-07,C30MF,9.9,0.0,-1.69,-2.75,0.0,0.87,-2.59
2026-08-10,C30MF,9.91,0.1,-1.59,-0.1,0.09,-1.52,-2.59
2026-08-11,C30MF,9.97,0.61,-1.29,-2.25,0.57,-1.24,-2.59
2026-08-12,C30MF,10.0,0.3,-0.89,-2.34,0.29,-0.85,-2.59
2026-08-13,C30MF,10.0,0.0,1.01,-0.1,0.0,0.95,-2.59
2026-08-14,C30MF,10.03,0.3,1.31,1.01,0.28,1.23,-2.59
2026-08-17,C30MF,10.0,-0.3,0.91,-0.2,-0.28,0.86,-2.59
2026-02-09,CMF2,10.1,,,,,,-0.59
2026-02-10,CMF2,10.01,-0.89,,,-0.9,,-0.59
2026-02-11,CMF2,9.83,-1.8,,,-1.79,,-0.59
2026-02-12,CMF2,9.83,0.0,,,0.0,,-0.59
2026-02-16,CMF2,9.86,0.31,,,-2.0,,-0.59
2026-02-17,CMF2,10.2,3.45,0.99,,3.31,-1.38,-0.59
2026-02-22,CMF2,10.2,0.0,1.9,,0.0,-0.48,-0.59
2026-02-23,CMF2,9.87,-3.24,0.41,,-3.21,-1.9,-0.59
2026-02-24,CMF2,9.86,-0.1,0.31,,-0.1,-2.0,-0.59
2026-02-25,CMF2,10.18,3.25,3.25,,3.12,3.12,-0.59
2026-02-26,CMF2,10.24,0.59,0.39,,0.58,0.39,-0.59
2026-03-01,CMF2,10.23,-0.1,0.29,,-0.1,0.29,-0.59
2026-03-03,CMF2,10.1,-1.27,2.33,,-1.26,2.24,-0.59
2026-03-09,CMF2,10.1,0.0,2.43,,0.0,2.34,-0.59
2026-03-10,CMF2,10.32,2.18,1.38,,2.14,1.36,-0.59
2026-03-11,CMF2,10.45,1.26,2.05,,1.26,2.04,-0.59
2026-03-12,CMF2,10.25,-1.91,0.2,,-1.94,0.2,-0.59
2026-03-15,CMF2,10.4,1.46,2.97,,-1.78,-0.32,-0.59
2026-03-16,CMF2,10.02,-3.65,-0.79,,-3.58,-3.9,-0.59
2026-03-17,CMF2,10.22,2.0,-0.97,,1.88,-4.16,-0.59
2026-03-19,CMF2,10.22,0.0,-2.2,,0.0,-5.42,-0.59
2026-03-22,CMF2,10.31,0.88,0.59,,0.85,-2.63,-0.59
2026-03-23,CMF2,10.46,1.45,0.58,3.56,1.41,0.56,-0.59
2026-03-24,CMF2,10.31,-1.43,2.89,3.0,-1.41,2.73,-0.59
2026-03-25,CMF2,10.35,0.39,1.27,5.29,0.38,1.23,-0.59
2026-03-26,CMF2,10.36,0.1,1.37,5.39,0.09,1.32,-0.59
2026-03-29,CMF2,10.37,0.1,0.58,5.17,0.1,0.57,-0.59
2026-03-30,CMF2,10.3,-0.68,-1.53,0.98,-0.66,-1.5,-0.59
2026-03-31,CMF2,10.47,1.65,1.55,2.65,1.6,1.51,-0.59
2026-04-01,CMF2,10.13,-3.25,-2.13,2.63,-3.2,-2.07,-0.59
2026-04-02,CMF2,10.13,0.0,-2.22,2.74,0.0,-2.16,-0.59
2026-04-05,CMF2,9.94,-1.88,-4.15,-2.36,-1.79,-4.05,-0.59
2026-04-06,CMF2,9.92,-0.2,-3.69,-3.12,-0.19,-3.58,-0.59
2026-04-07,CMF2,10.11,1.92,-3.44,-1.17,1.79,-3.39,-0.59
2026-04-08,CMF2,10.11,0.0,-0.2,0.1,0.0,-0.19,-0.59
2026-04-09,CMF2,10.19,0.79,0.59,0.89,0.75,0.56,-0.59
2026-04-10,CMF2,10.21,0.2,2.72,-1.07,0.19,2.54,-0.59
2026-04-13,CMF2,10.42,2.06,5.04,-0.29,1.98,4.71,-0.59
2026-04-15,CMF2,10.26,-1.54,1.48,0.1,-0.59,2.33,-0.59
2026-04-16,CMF2,10.26,0.0,1.48,-1.35,0.0,2.33,-0.59
2026-04-17,CMF2,10.2,-0.58,0.1,1.8,-0.57,1.01,-0.59
2026-04-20,CMF2,10.2,0.0,-0.1,-0.2,0.0,0.82,-0.59
2026-04-21,CMF2,10.07,-1.27,-3.36,-1.47,-1.24,-2.4,-0.59
2026-04-22,CMF2,10.0,-0.7,-2.53,-3.01,-0.66,-2.47,-0.59
2026-04-23,CMF2,10.0,0.0,-2.53,-4.4,0.0,-2.47,-0.59
2026-04-24,CMF2,9.9,-1.0,-2.94,-3.98,-0.95,-2.85,-0.59
2026-04-27,CMF2,9.86,-0.4,-3.33,-4.73,-0.38,-3.23,-0.59
2026-04-28,CMF2,10.1,2.43,0.3,-2.51,2.28,0.29,-0.59
2026-04-29,CMF2,9.85,-2.48,-1.5,-5.01,-2.38,-1.43,-0.59
2026-04-30,CMF2,9.85,0.0,-1.5,-4.37,0.0,-1.43,-0.59
2026-05-04,CMF2,9.8,-0.51,-1.01,-6.4,-0.47,-0.95,-0.59
2026-05-05,CMF2,9.8,0.0,-0.61,-3.26,0.0,-0.57,-0.59
2026-05-06,CMF2,9.8,0.0,-2.97,-3.26,0.0,-2.85,-0.59
2026-05-07,CMF2,9.8,0.0,-0.51,-1.41,0.0,-0.47,-0.59
2026-05-08,CMF2,10.0,2.04,1.52,0.81,1.9,1.43,-0.59
2026-05-11,CMF2,10.0,0.0,2.04,-1.09,0.0,1.9,-0.59
2026-05-12,CMF2,10.01,0.1,2.14,-0.99,0.09,1.99,-0.59
2026-05-13,CMF2,10.1,0.9,3.06,-0.88,0.86,2.85,-0.59
2026-05-14,CMF2,10.1,0.0,3.06,-1.08,0.0,2.85,-0.59
2026-05-15,CMF2,9.85,-2.48,-1.5,-5.47,0.28,1.23,-0.59
2026-05-18,CMF2,9.96,1.12,-0.4,-2.92,1.07,2.3,-0.59
2026-05-19,CMF2,9.96,0.0,-0.5,-2.92,0.0,2.21,-0.59
2026-05-20,CMF2,9.96,0.0,-1.39,-2.35,0.0,1.35,-0.59
2026-05-21,CMF2,9.89,-0.7,-2.08,-3.04,-0.68,0.67,-0.59
2026-05-22,CMF2,10.14,2.53,2.94,0.7,2.44,2.83,-0.59
2026-05-25,CMF2,10.01,-1.28,0.5,0.1,-1.27,0.49,-0.59
2026-05-26,CMF2,10.24,2.3,2.81,2.4,2.25,2.74,-0.59
2026-05-27,CMF2,10.2,-0.39,2.41,3.03,-0.39,2.35,-0.59
2026-06-01,CMF2,9.91,-2.84,0.2,0.51,-2.84,0.19,-0.59
2026-06-02,CMF2,9.9,-0.1,-2.37,-1.98,-0.1,-2.35,-0.59
2026-06-03,CMF2,9.94,0.4,-0.7,0.91,0.4,-0.68,-0.59
2026-06-04,CMF2,10.0,0.6,-2.34,1.52,0.58,-2.35,-0.59
2026-06-05,CMF2,10.0,0.0,-1.96,2.04,0.0,-1.96,-0.59
2026-06-08,CMF2,10.01,0.1,1.01,2.14,0.1,0.98,-0.59
2026-06-09,CMF2,10.01,0.0,1.11,2.14,0.0,1.08,-0.59
2026-06-10,CMF2,9.9,-1.1,-0.4,1.02,-1.08,-0.4,-0.59
2026-06-11,CMF2,9.9,0.0,-1.0,-1.0,0.0,-0.98,-0.59
2026-06-12,CMF2,9.9,0.0,-1.0,-1.0,0.0,-0.98,-0.59
2026-06-15,CMF2,9.9,0.0,-1.1,-1.1,0.58,-0.5,-0.59
2026-06-16,CMF2,9.9,0.0,-1.1,-1.98,0.0,-0.5,-0.59
2026-06-17,CMF2,10.0,1.01,1.01,-0.99,0.98,1.56,-0.59
2026-06-18,CMF2,10.09,0.9,1.92,2.44,0.88,2.44,-0.59
2026-06-19,CMF2,10.09,0.0,1.92,1.31,0.0,2.44,-0.59
2026-06-22,CMF2,9.85,-2.38,-0.51,-1.1,-2.36,-0.5,-0.59
2026-06-23,CMF2,9.85,0.0,-0.51,-1.1,0.0,-0.5,-0.59
2026-06-24,CMF2,9.89,0.41,-1.1,0.0,0.4,-1.08,-0.59
2026-06-25,CMF2,9.95,0.61,-1.39,-1.87,0.59,-1.37,-0.59
2026-06-26,CMF2,9.86,-0.9,-2.28,-1.5,-0.89,-2.26,-0.59
2026-06-29,CMF2,10.1,2.43,2.54,-1.37,2.36,2.46,-0.59
2026-06-30,CMF2,9.87,-2.28,0.2,-3.24,-2.26,0.2,-0.59
2026-07-01,CMF2,9.69,-1.82,-2.02,-2.22,-1.77,-1.97,-0.59
2026-07-02,CMF2,9.9,2.17,-0.5,0.0,2.07,-0.49,-0.59
2026-07-03,CMF2,9.9,0.0,0.41,-0.4,0.0,0.4,-0.59
2026-07-06,CMF2,9.9,0.0,-1.98,-1.0,0.0,-1.96,-0.59
2026-07-07,CMF2,9.9,0.0,0.3,-1.0,0.0,0.3,-0.59
2026-07-08,CMF2,9.9,0.0,2.17,-1.1,0.0,2.07,-0.59
2026-07-10,CMF2,9.9,0.0,0.0,-1.1,0.0,0.0,-0.59
2026-07-13,CMF2,9.9,0.0,0.0,0.0,0.0,0.0,-0.59
2026-07-14,CMF2,9.9,0.0,0.0,0.0,0.0,0.0,-0.59
2026-07-15,CMF2,9.9,0.0,0.0,0.0,0.0,0.0,-0.59
2026-07-16,CMF2,9.9,0.0,0.0,0.0,0.0,0.0,-0.59
2026-07-17,CMF2,9.9,0.0,0.0,0.0,0.0,0.0,-0.59
2026-07-20,CMF2,9.9,0.0,0.0,-1.0,0.0,0.0,-0.59
2026-07-21,CMF2,9.9,0.0,0.0,-1.88,0.0,0.0,-0.59
2026-07-22,CMF2,9.9,0.0,0.0,-1.88,0.0,0.0,-0.59
2026-07-23,CMF2,9.9,0.0,0.0,0.51,0.0,0.0,-0.59
2026-02-09,GBIMESY2,9.08,,,,,,-2.84
2026-02-10,GBIMESY2,9.12,0.44,,,0.41,,-2.84
2026-02-11,GBIMESY2,9.48,3.95,,,3.67,,-2.84
2026-02-12,GBIMESY2,9.53,0.53,,,0.51,,-2.84
2026-02-16,GBIMESY2,9.34,-1.99,,,-2.8,,-2.84
2026-02-17,GBIMESY2,9.3,-0.43,2.42,,-0.41,1.38,-2.84
2026-02-22,GBIMESY2,9.15,-1.61,0.33,,-1.51,-0.54,-2.84
2026-02-23,GBIMESY2,9.33,1.97,-1.58,,1.82,-2.39,-2.84
2026-02-24,GBIMESY2,9.17,-1.71,-3.78,,-1.62,-4.52,-2.84
2026-02-25,GBIMESY2,9.35,1.96,0.11,,1.82,0.1,-2.84
2026-02-26,GBIMESY2,9.32,-0.32,0.22,,-0.3,0.21,-2.84
2026-03-01,GBIMESY2,9.14,-1.93,-0.11,,-1.82,-0.1,-2.84
2026-03-03,GBIMESY2,9.2,0.66,-1.39,,0.61,-1.31,-2.84
2026-03-09,GBIMESY2,9.2,0.0,0.33,,0.0,0.31,-2.84
2026-03-10,GBIMESY2,9.37,1.85,0.21,,1.71,0.2,-2.84
2026-03-11,GBIMESY2,9.52,1.6,2.15,,1.51,2.01,-2.84
2026-03-12,GBIMESY2,9.36,-1.68,2.41,,-1.61,2.22,-2.84
2026-03-15,GBIMESY2,9.51,1.6,3.37,,-3.01,-1.4,-2.84
2026-03-16,GBIMESY2,9.7,2.0,5.43,,1.83,0.43,-2.84
2026-03-17,GBIMESY2,9.35,-3.61,-0.21,,-3.37,-4.65,-2.84
2026-03-19,GBIMESY2,9.4,0.53,-1.26,,0.48,-5.68,-2.84
2026-03-22,GBIMESY2,9.6,2.13,2.56,,1.93,-2.14,-2.84
2026-03-23,GBIMESY2,9.59,-0.1,0.84,5.62,-0.1,0.77,-2.84
2026-03-24,GBIMESY2,9.78,1.98,0.82,7.24,1.83,0.77,-2.84
2026-03-25,GBIMESY2,9.83,0.51,5.13,3.69,0.48,4.62,-2.84
2026-03-26,GBIMESY2,9.7,-1.32,3.19,1.78,-1.25,2.89,-2.84
2026-03-29,GBIMESY2,9.7,0.0,1.04,3.85,0.0,0.96,-2.84
2026-03-30,GBIMESY2,9.8,1.03,2.19,5.38,0.96,2.02,-2.84
2026-03-31,GBIMESY2,9.55,-2.55,-2.35,4.37,-2.4,-2.21,-2.84
2026-04-01,GBIMESY2,9.6,0.52,-2.34,2.89,0.48,-2.21,-2.84
2026-04-02,GBIMESY2,9.65,0.52,-0.52,5.23,0.48,-0.48,-2.84
2026-04-05,GBIMESY2,9.53,-1.24,-1.75,1.93,-1.16,-1.64,-2.84
2026-04-06,GBIMESY2,9.6,0.73,-2.04,3.0,0.68,-1.92,-2.84
2026-04-07,GBIMESY2,9.42,-1.87,-1.36,3.06,-1.73,-1.25,-2.84
2026-04-08,GBIMESY2,9.59,1.8,-0.1,4.24,1.63,-0.1,-2.84
2026-04-09,GBIMESY2,9.56,-0.31,-0.93,3.91,-0.29,-0.87,-2.84
2026-04-10,GBIMESY2,9.37,-1.99,-1.68,0.0,-1.82,-1.53,-2.84
2026-04-13,GBIMESY2,9.26,-1.17,-3.54,-2.73,-1.06,-3.27,-2.84
2026-04-15,GBIMESY2,9.46,2.16,0.42,1.07,1.4,-0.14,-2.84
2026-04-16,GBIMESY2,9.5,0.42,-0.94,-0.11,0.38,-1.39,-2.84
2026-04-17,GBIMESY2,9.5,0.0,-0.63,-2.06,0.0,-1.1,-2.84
2026-04-20,GBIMESY2,9.78,2.95,4.38,4.6,2.68,3.4,-2.84
2026-04-21,GBIMESY2,9.6,-1.84,3.67,2.13,-1.72,2.74,-2.84
2026-04-22,GBIMESY2,9.6,0.0,1.48,0.0,0.0,1.34,-2.84
2026-04-23,GBIMESY2,9.35,-2.6,-1.58,-2.5,-2.39,-1.43,-2.84
2026-04-24,GBIMESY2,9.27,-0.86,-2.42,-5.21,-0.77,-2.2,-2.84
2026-04-27,GBIMESY2,9.53,2.8,-2.56,-3.05,2.49,-2.39,-2.84
2026-04-28,GBIMESY2,9.35,-1.89,-2.6,-3.61,-1.72,-2.39,-2.84
2026-04-29,GBIMESY2,9.31,-0.43,-3.02,-4.02,-0.38,-2.77,-2.84
2026-04-30,GBIMESY2,9.2,-1.18,-1.6,-6.12,-1.06,-1.44,-2.84
2026-05-04,GBIMESY2,9.15,-0.54,-1.29,-4.19,-0.47,-1.14,-2.84
2026-05-05,GBIMESY2,9.41,2.84,-1.26,-1.98,2.48,-1.15,-2.84
2026-05-06,GBIMESY2,9.5,0.96,1.6,-1.55,0.86,1.43,-2.84
2026-05-07,GBIMESY2,9.55,0.53,2.58,0.21,0.48,2.29,-2.84
2026-05-08,GBIMESY2,9.3,-2.62,1.09,-3.12,-2.39,0.96,-2.84
2026-05-11,GBIMESY2,9.4,1.08,2.73,-0.21,0.96,2.39,-2.84
2026-05-12,GBIMESY2,9.49,0.96,0.85,-1.04,0.86,0.77,-2.84
2026-05-13,GBIMESY2,9.5,0.11,0.0,-0.63,0.09,0.0,-2.84
2026-05-14,GBIMESY2,9.66,1.68,1.15,3.09,1.53,1.05,-2.84
2026-05-15,GBIMESY2,9.63,-0.31,3.55,4.0,1.78,5.22,-2.84
2026-05-18,GBIMESY2,9.41,-2.28,0.11,-0.53,-2.15,2.11,-2.84
2026-05-19,GBIMESY2,9.41,0.0,-0.84,-0.95,0.0,1.25,-2.84
2026-05-20,GBIMESY2,9.6,2.02,1.05,1.05,1.86,3.02,-2.84
2026-05-21,GBIMESY2,9.55,-0.52,-1.14,-2.35,-0.49,1.0,-2.84
2026-05-22,GBIMESY2,9.31,-2.51,-3.32,-3.02,-2.34,-3.12,-2.84
2026-05-25,GBIMESY2,9.41,1.07,0.0,-1.98,0.97,0.0,-2.84
2026-05-26,GBIMESY2,9.35,-0.64,-0.64,0.0,-0.58,-0.58,-2.84
2026-05-27,GBIMESY2,9.35,0.0,-2.6,0.86,0.0,-2.44,-2.84
2026-06-01,GBIMESY2,9.4,0.53,-1.57,-1.36,0.49,-1.46,-2.84
2026-06-02,GBIMESY2,9.4,0.0,0.97,0.53,0.0,0.88,-2.84
2026-06-03,GBIMESY2,9.5,1.06,0.96,2.04,0.97,0.88,-2.84
2026-06-04,GBIMESY2,9.45,-0.53,1.07,2.72,-0.48,0.98,-2.84
2026-06-05,GBIMESY2,9.4,-0.53,0.53,2.73,-0.49,0.49,-2.84
2026-06-08,GBIMESY2,9.4,0.0,0.0,-0.11,0.0,0.0,-2.84
2026-06-09,GBIMESY2,9.29,-1.17,-1.17,-2.21,-1.08,-1.08,-2.84
2026-06-10,GBIMESY2,9.35,0.65,-1.58,-2.09,0.59,-1.46,-2.84
2026-06-11,GBIMESY2,9.58,2.46,1.38,3.01,2.25,1.27,-2.84
2026-06-12,GBIMESY2,9.42,-1.67,0.21,0.21,-1.57,0.19,-2.84
2026-06-15,GBIMESY2,9.41,-0.11,0.11,-0.84,-0.01,0.18,-2.84
2026-06-16,GBIMESY2,9.4,-0.11,1.18,-1.05,-0.09,1.17,-2.84
2026-06-17,GBIMESY2,9.3,-1.06,-0.53,-3.73,-0.98,-0.4,-2.84
2026-06-18,GBIMESY2,9.33,0.32,-2.61,-3.12,0.29,-2.36,-2.84
2026-06-19,GBIMESY2,9.51,1.93,0.96,1.06,1.76,0.97,-2.84
2026-06-22,GBIMESY2,9.42,-0.95,0.11,0.11,-0.88,0.1,-2.84
2026-06-23,GBIMESY2,9.42,0.0,0.21,-1.87,0.0,0.19,-2.84
2026-06-24,GBIMESY2,9.42,0.0,1.29,-1.36,0.0,1.17,-2.84
2026-06-25,GBIMESY2,9.23,-2.02,-1.07,-0.86,-1.86,-0.98,-2.84
2026-06-26,GBIMESY2,9.25,0.22,-2.73,-1.7,0.2,-2.54,-2.84
2026-06-29,GBIMESY2,9.27,0.22,-1.59,-0.86,0.19,-1.47,-2.84
2026-06-30,GBIMESY2,9.21,-0.65,-2.23,-1.5,-0.58,-2.05,-2.84
2026-07-01,GBIMESY2,9.5,3.15,0.85,1.06,2.83,0.78,-2.84
2026-07-02,GBIMESY2,9.35,-1.58,1.3,-0.53,-1.46,1.18,-2.84
2026-07-03,GBIMESY2,9.22,-1.39,-0.32,-2.95,-1.27,-0.29,-2.84
2026-07-06,GBIMESY2,9.2,-0.22,-0.76,-2.65,-0.2,-0.68,-2.84
2026-07-07,GBIMESY2,9.04,-1.74,-1.85,-3.83,-1.57,-1.67,-2.84
2026-07-08,GBIMESY2,9.2,1.77,-3.16,-2.13,1.57,-2.93,-2.84
2026-07-10,GBIMESY2,9.09,-1.2,-2.78,-2.15,-1.08,-2.55,-2.84
2026-07-13,GBIMESY2,9.5,4.51,3.04,1.6,4.01,2.73,-2.84
2026-07-14,GBIMESY2,9.5,0.0,3.26,-0.84,0.0,2.93,-2.84
2026-07-15,GBIMESY2,9.5,0.0,5.09,0.85,0.0,4.5,-2.84
2026-07-16,GBIMESY2,9.98,5.05,8.48,6.06,4.7,7.63,-2.84
2026-07-17,GBIMESY2,9.69,-2.91,6.6,3.09,-2.84,5.87,-2.84
2026-07-20,GBIMESY2,9.5,-1.96,0.0,2.15,-1.86,0.0,-2.84
2026-07-21,GBIMESY2,9.3,-2.11,-2.11,-0.32,-1.95,-1.95,-2.84
2026-07-22,GBIMESY2,9.4,1.08,-1.05,-1.16,0.98,-0.97,-2.84
2026-07-23,GBIMESY2,9.5,1.06,-4.81,0.85,0.97,-4.7,-2.84
2026-07-24,GBIMESY2,9.33,-1.79,-3.72,-0.96,-1.66,-3.52,-2.84
2026-07-27,GBIMESY2,9.3,-0.32,-2.11,-1.27,-0.29,-1.95,-2.84
2026-07-28,GBIMESY2,9.11,-2.04,-2.04,-1.3,-1.86,-1.86,-2.84
2026-07-29,GBIMESY2,9.39,3.07,-0.11,1.51,2.74,-0.1,-2.84
2026-07-30,GBIMESY2,9.04,-3.73,-4.84,-2.48,-3.43,-4.5,-2.84
2026-07-31,GBIMESY2,9.25,2.32,-0.86,0.43,4.7,1.86,-2.84
2026-08-03,GBIMESY2,9.3,0.54,0.0,-2.11,0.51,2.66,-2.84
2026-08-04,GBIMESY2,9.12,-1.94,0.11,-2.46,-1.82,2.7,-2.84
2026-08-06,GBIMESY2,9.2,0.88,-2.02,-0.22,0.81,0.77,-2.84
2026-08-07,GBIMESY2,9.11,-0.98,0.77,-0.98,-0.91,3.29,-2.84
2026-08-10,GBIMESY2,9.25,1.54,0.0,2.32,1.41,0.0,-2.84
2026-08-11,GBIMESY2,9.1,-1.62,-2.15,-1.09,-1.51,-2.02,-2.84
2026-08-12,GBIMESY2,9.11,0.11,-0.11,0.22,0.1,-0.1,-2.84
2026-08-13,GBIMESY2,9.0,-1.21,-2.17,-5.26,-1.11,-2.02,-2.84
2026-08-14,GBIMESY2,9.0,0.0,-1.21,-5.26,0.0,-1.11,-2.84
2026-08-17,GBIMESY2,8.96,-0.44,-3.14,-5.68,-0.4,-2.92,-2.84
2026-02-09,GIBF1,10.6,,,,,,-1.59
2026-02-10,GIBF1,10.64,0.38,,,0.35,,-1.59
2026-02-11,GIBF1,10.79,1.41,,,1.28,,-1.59
2026-02-12,GIBF1,10.81,0.19,,,0.17,,-1.59
2026-02-16,GIBF1,10.77,-0.37,,,-1.12,,-1.59
2026-02-17,GIBF1,10.7,-0.65,0.94,,-0.6,0.08,-1.59
2026-02-22,GIBF1,10.65,-0.47,0.09,,-0.42,-0.69,-1.59
2026-02-23,GIBF1,10.65,0.0,-1.3,,0.0,-1.97,-1.59
2026-02-24,GIBF1,10.66,0.09,-1.39,,0.08,-2.06,-1.59
2026-02-25,GIBF1,10.65,-0.09,-1.11,,-0.08,-1.02,-1.59
2026-02-26,GIBF1,10.62,-0.28,-0.75,,-0.26,-0.68,-1.59
2026-03-01,GIBF1,10.63,0.09,-0.19,,0.09,-0.17,-1.59
2026-03-03,GIBF1,10.82,1.79,1.6,,1.61,1.44,-1.59
2026-03-09,GIBF1,10.82,0.0,1.5,,0.0,1.36,-1.59
2026-03-10,GIBF1,10.71,-1.02,0.56,,-0.93,0.51,-1.59
2026-03-11,GIBF1,10.77,0.56,1.41,,0.51,1.28,-1.59
2026-03-12,GIBF1,11.0,2.14,3.48,,1.95,3.14,-1.59
2026-03-15,GIBF1,10.9,-0.91,0.74,,-5.33,-3.8,-1.59
2026-03-16,GIBF1,10.9,0.0,0.74,,0.0,-3.8,-1.59
2026-03-17,GIBF1,11.1,1.83,3.64,,1.61,-1.26,-1.59
2026-03-19,GIBF1,11.02,-0.72,2.32,,-0.65,-2.42,-1.59
2026-03-22,GIBF1,11.35,2.99,3.18,,2.67,-1.7,-1.59
2026-03-23,GIBF1,11.24,-0.97,3.12,6.04,-0.89,2.74,-1.59
2026-03-24,GIBF1,11.4,1.42,4.59,7.14,1.29,4.03,-1.59
2026-03-25,GIBF1,11.28,-1.05,1.62,4.54,-0.97,1.45,-1.59
2026-03-26,GIBF1,11.32,0.35,2.72,4.72,0.33,2.43,-1.59
2026-03-29,GIBF1,11.3,-0.18,-0.44,4.92,-0.16,-0.4,-1.59
2026-03-30,GIBF1,11.15,-1.33,-0.8,4.21,-1.22,-0.73,-1.59
2026-03-31,GIBF1,11.15,0.0,-2.19,4.69,0.0,-2.02,-1.59
2026-04-01,GIBF1,11.07,-0.72,-1.86,3.94,-0.64,-1.69,-1.59
2026-04-02,GIBF1,10.8,-2.44,-4.59,1.31,-2.18,-4.2,-1.59
2026-04-05,GIBF1,10.51,-2.69,-6.99,-1.31,-2.35,-6.39,-1.59
2026-04-06,GIBF1,10.71,1.9,-3.95,0.85,1.62,-3.55,-1.59
2026-04-07,GIBF1,11.0,2.71,-1.35,3.48,2.34,-1.21,-1.59
2026-04-08,GIBF1,10.9,-0.91,-1.54,0.74,-0.8,-1.37,-1.59
2026-04-09,GIBF1,11.3,3.67,4.63,4.44,3.23,4.04,-1.59
2026-04-10,GIBF1,11.13,-1.5,5.9,3.92,-1.38,5.01,-1.59
2026-04-13,GIBF1,11.22,0.81,4.76,4.18,0.73,4.12,-1.59
2026-04-15,GIBF1,11.22,0.0,2.0,2.0,0.22,2.0,-1.59
2026-04-16,GIBF1,11.18,-0.36,2.57,2.57,-0.32,2.48,-1.59
2026-04-17,GIBF1,11.27,0.81,-0.27,3.39,0.73,-0.02,-1.59
2026-04-20,GIBF1,11.12,-1.33,-0.09,0.18,-1.22,0.14,-1.59
2026-04-21,GIBF1,11.13,0.09,-0.8,1.0,0.08,-0.51,-1.59
2026-04-22,GIBF1,11.1,-0.27,-1.07,-2.2,-0.24,-0.97,-1.59
2026-04-23,GIBF1,11.2,0.9,0.18,-0.36,0.81,0.16,-1.59
2026-04-24,GIBF1,11.25,0.45,-0.18,-1.32,0.4,-0.17,-1.59
2026-04-27,GIBF1,10.86,-3.47,-2.34,-3.72,-3.15,-2.1,-1.59
2026-04-28,GIBF1,11.16,2.76,0.27,-1.41,2.42,0.24,-1.59
2026-04-29,GIBF1,10.85,-2.78,-2.25,-3.98,-2.51,-2.03,-1.59
2026-04-30,GIBF1,11.0,1.38,-1.79,-1.35,1.22,-1.62,-1.59
2026-05-04,GIBF1,10.62,-3.45,-5.6,-4.75,-3.08,-5.1,-1.59
2026-05-05,GIBF1,10.5,-1.13,-3.31,-5.15,-0.97,-2.92,-1.59
2026-05-06,GIBF1,10.56,0.57,-5.38,-2.22,0.49,-4.85,-1.59
2026-05-07,GIBF1,10.55,-0.09,-2.76,0.38,-0.08,-2.42,-1.59
2026-05-08,GIBF1,10.8,2.37,-1.82,0.84,2.02,-1.62,-1.59
2026-05-11,GIBF1,10.8,0.0,1.69,-1.82,0.0,1.46,-1.59
2026-05-12,GIBF1,10.69,-1.02,1.81,-1.93,-0.89,1.54,-1.59
2026-05-13,GIBF1,10.67,-0.19,1.04,-5.58,-0.16,0.89,-1.59
2026-05-14,GIBF1,10.65,-0.19,0.95,-4.31,-0.17,0.8,-1.59
2026-05-15,GIBF1,10.66,0.09,-1.3,-4.99,2.68,1.46,-1.59
2026-05-18,GIBF1,10.68,0.19,-1.11,-4.81,0.16,1.62,-1.59
2026-05-19,GIBF1,11.01,3.09,2.99,-1.52,2.76,5.27,-1.59
2026-05-20,GIBF1,10.77,-2.18,0.94,-4.44,-2.01,3.42,-1.59
2026-05-21,GIBF1,11.0,2.14,3.29,-1.08,1.92,5.51,-1.59
2026-05-22,GIBF1,11.0,0.0,3.19,-1.17,0.0,2.83,-1.59
2026-05-25,GIBF1,11.0,0.0,3.0,-0.9,0.0,2.67,-1.59
2026-05-26,GIBF1,11.0,0.0,-0.09,-1.79,0.0,-0.09,-1.59
2026-05-27,GIBF1,10.87,-1.18,0.93,-3.38,-1.08,0.84,-1.59
2026-06-01,GIBF1,11.0,1.2,0.0,1.29,1.08,0.0,-1.59
2026-06-02,GIBF1,11.0,0.0,0.0,-1.43,0.0,0.0,-1.59
2026-06-03,GIBF1,10.85,-1.36,-1.36,0.0,-1.25,-1.25,-1.59
2026-06-04,GIBF1,10.84,-0.09,-1.45,-1.45,-0.08,-1.33,-1.59
2026-06-05,GIBF1,11.0,1.48,1.2,3.58,1.33,1.08,-1.59
2026-06-08,GIBF1,10.81,-1.73,-1.73,2.95,-1.58,-1.58,-1.59
2026-06-09,GIBF1,10.8,-0.09,-1.82,2.27,-0.08,-1.66,-1.59
2026-06-10,GIBF1,10.72,-0.74,-1.2,1.61,-0.67,-1.08,-1.59
2026-06-11,GIBF1,10.73,0.09,-1.01,-0.65,0.08,-0.92,-1.59
2026-06-12,GIBF1,11.02,2.7,0.18,2.04,2.42,0.17,-1.59
2026-06-15,GIBF1,10.8,-2.0,-0.09,1.03,-1.68,0.07,-1.59
2026-06-16,GIBF1,10.8,0.0,0.0,1.22,0.0,0.15,-1.59
2026-06-17,GIBF1,11.12,2.96,3.73,4.41,2.67,3.49,-1.59
2026-06-18,GIBF1,10.61,-4.59,-1.12,-0.47,-4.26,-0.85,-1.59
2026-06-19,GIBF1,10.59,-0.19,-3.9,-0.84,-0.17,-3.44,-1.59
2026-06-22,GIBF1,10.55,-0.38,-2.31,-4.18,-0.33,-2.09,-1.59
2026-06-23,GIBF1,10.85,2.84,0.46,0.74,2.5,0.41,-1.59
2026-06-24,GIBF1,10.55,-2.76,-5.13,-4.09,-2.5,-4.76,-1.59
2026-06-25,GIBF1,10.65,0.95,0.38,-3.18,0.83,0.33,-1.59
2026-06-26,GIBF1,10.53,-1.13,-0.57,-4.27,-1.0,-0.5,-1.59
2026-06-29,GIBF1,10.6,0.66,0.47,-3.64,0.58,0.41,-1.59
2026-06-30,GIBF1,10.7,0.94,-1.38,-1.56,0.84,-1.25,-1.59
2026-07-01,GIBF1,10.59,-1.03,0.38,-3.73,-0.92,0.33,-1.59
2026-07-02,GIBF1,10.6,0.09,-0.47,-3.64,0.08,-0.42,-1.59
2026-07-03,GIBF1,10.62,0.19,0.85,-2.12,0.17,0.75,-1.59
2026-07-06,GIBF1,11.02,3.77,3.96,1.66,3.34,3.51,-1.59
2026-07-07,GIBF1,10.69,-2.99,-0.09,-2.82,-2.75,-0.08,-1.59
2026-07-08,GIBF1,10.81,1.12,2.08,0.0,1.0,1.84,-1.59
2026-07-10,GIBF1,10.5,-2.87,-0.94,-2.78,-2.59,-0.83,-1.59
2026-07-13,GIBF1,10.35,-1.43,-2.54,-3.45,-1.25,-2.25,-1.59
2026-07-14,GIBF1,10.3,-0.48,-6.53,-4.01,-0.42,-6.01,-1.59
2026-07-15,GIBF1,10.5,1.94,-1.78,-4.72,1.67,-1.59,-1.59
2026-07-16,GIBF1,10.5,0.0,-2.87,-2.78,0.0,-2.59,-1.59
2026-07-17,GIBF1,10.45,-0.48,-0.48,-3.24,-0.42,-0.42,-1.59
2026-07-20,GIBF1,10.5,0.48,1.45,-5.58,0.42,1.25,-1.59
2026-07-21,GIBF1,10.52,0.19,2.14,-0.85,0.17,1.84,-1.59
2026-07-22,GIBF1,10.55,0.29,0.48,-0.38,0.25,0.42,-1.59
2026-07-23,GIBF1,10.41,-1.33,-0.86,-1.33,-1.17,-0.75,-1.59
2026-07-24,GIBF1,10.55,1.34,0.96,-2.76,1.17,0.84,-1.59
2026-07-27,GIBF1,10.7,1.42,1.9,1.42,1.25,1.67,-1.59
2026-07-28,GIBF1,10.68,-0.19,1.52,0.28,-0.17,1.33,-1.59
2026-07-29,GIBF1,10.65,-0.28,0.95,1.14,-0.25,0.83,-1.59
2026-07-30,GIBF1,10.66,0.09,2.4,0.57,0.09,2.09,-1.59
2026-07-31,GIBF1,10.86,1.88,2.94,1.5,3.13,4.05,-1.59
2026-08-03,GIBF1,10.9,0.37,1.87,2.93,0.34,3.14,-1.59
2026-08-04,GIBF1,10.77,-1.19,0.84,1.6,-1.1,2.21,-1.59
2026-08-06,GIBF1,10.98,1.95,3.1,3.39,1.78,4.24,-1.59
2026-08-07,GIBF1,10.75,-2.09,0.84,-2.45,-1.95,2.2,-1.59
2026-08-10,GIBF1,11.0,2.33,1.29,2.9,2.12,1.19,-1.59
2026-08-11,GIBF1,10.9,-0.91,0.0,0.83,-0.85,0.0,-1.59
2026-08-12,GIBF1,10.69,-1.93,-0.74,1.81,-1.78,-0.68,-1.59
2026-08-13,GIBF1,10.8,1.03,-1.64,4.35,0.93,-1.53,-1.59
2026-08-14,GIBF1,10.69,-1.02,-0.56,3.79,-0.93,-0.51,-1.59
2026-08-17,GIBF1,10.77,0.75,-2.09,2.57,0.68,-1.95,-1.59
2026-02-09,GSY,9.42,,,,,,-5.05
2026-02-10,GSY,9.5,0.85,,,0.79,,-5.05
2026-02-11,GSY,9.5,0.0,,,0.0,,-5.05
2026-02-12,GSY,9.65,1.58,,,1.48,,-5.05
2026-02-16,GSY,9.6,-0.52,,,-2.97,,-5.05
2026-02-17,GSY,9.7,1.04,2.97,,0.97,0.27,-5.05
2026-02-22,GSY,9.43,-2.78,-0.74,,-2.6,-3.12,-5.05
2026-02-23,GSY,9.4,-0.32,-1.05,,-0.29,-3.41,-5.05
2026-02-24,GSY,9.41,0.11,-2.49,,0.09,-4.8,-5.05
2026-02-25,GSY,9.47,0.64,-1.35,,0.58,-1.25,-5.05
2026-02-26,GSY,9.51,0.42,-1.96,,0.39,-1.83,-5.05
2026-03-01,GSY,9.48,-0.32,0.53,,-0.29,0.48,-5.05
2026-03-03,GSY,9.6,1.27,2.13,,1.15,1.92,-5.05
2026-03-09,GSY,9.6,0.0,2.02,,0.0,1.83,-5.05
2026-03-10,GSY,9.79,1.98,3.38,,1.84,3.09,-5.05
2026-03-11,GSY,9.65,-1.43,1.47,,-1.35,1.35,-5.05
2026-03-12,GSY,9.85,2.07,3.9,,1.93,3.57,-5.05
2026-03-15,GSY,9.95,1.02,3.65,,-3.28,-0.86,-5.05
2026-03-16,GSY,9.8,-1.51,2.08,,-1.39,-2.25,-5.05
2026-03-17,GSY,9.9,1.02,1.12,,0.92,-3.17,-5.05
2026-03-19,GSY,9.9,0.0,2.59,,0.0,-1.82,-5.05
2026-03-22,GSY,9.9,0.0,0.51,,0.0,-3.75,-5.05
2026-03-23,GSY,10.0,1.01,0.5,6.16,0.93,0.46,-5.05
2026-03-24,GSY,9.96,-0.4,1.63,4.84,-0.37,1.48,-5.05
2026-03-25,GSY,9.98,0.2,0.81,5.05,0.18,0.74,-5.05
2026-03-26,GSY,10.01,0.3,1.11,3.73,0.28,1.02,-5.05
2026-03-29,GSY,10.05,0.4,1.52,4.69,0.37,1.39,-5.05
2026-03-30,GSY,10.0,-0.5,0.0,3.09,-0.46,0.0,-5.05
2026-03-31,GSY,10.01,0.1,0.5,6.15,0.09,0.46,-5.05
2026-04-01,GSY,10.0,-0.1,0.2,6.38,-0.09,0.19,-5.05
2026-04-02,GSY,9.91,-0.9,-1.0,5.31,-0.83,-0.92,-5.05
2026-04-05,GSY,9.78,-1.31,-2.69,3.27,-1.2,-2.49,-5.05
2026-04-06,GSY,9.95,1.74,-0.5,4.63,1.57,-0.46,-5.05
2026-04-07,GSY,9.86,-0.9,-1.5,4.01,-0.83,-1.38,-5.05
2026-04-08,GSY,9.88,0.2,-1.2,2.92,0.18,-1.11,-5.05
2026-04-09,GSY,10.0,1.21,0.91,4.17,1.11,0.83,-5.05
2026-04-10,GSY,9.97,-0.3,1.94,1.84,-0.28,1.75,-5.05
2026-04-13,GSY,9.97,0.0,0.2,3.32,0.0,0.18,-5.05
2026-04-15,GSY,9.97,0.0,1.12,1.22,-0.34,0.67,-5.05
2026-04-16,GSY,9.97,0.0,0.91,0.2,0.0,0.49,-5.05
2026-04-17,GSY,9.99,0.2,-0.1,1.94,0.19,-0.43,-5.05
2026-04-20,GSY,10.1,1.1,1.3,2.02,1.01,0.86,-5.05
2026-04-21,GSY,9.97,-1.29,0.0,0.71,-1.2,-0.34,-5.05
2026-04-22,GSY,9.9,-0.7,-0.7,0.0,-0.64,-0.64,-5.05
2026-04-23,GSY,10.0,1.01,0.3,0.0,0.92,0.28,-5.05
2026-04-24,GSY,10.0,0.0,0.1,0.4,0.0,0.09,-5.05
2026-04-27,GSY,9.9,-1.0,-1.98,-0.8,-0.92,-1.84,-5.05
2026-04-28,GSY,9.9,0.0,-0.7,-1.1,0.0,-0.64,-5.05
2026-04-29,GSY,9.83,-0.71,-0.71,-2.19,-0.64,-0.64,-5.05
2026-04-30,GSY,9.78,-0.51,-2.2,-2.2,-0.46,-2.02,-5.05
2026-05-04,GSY,9.6,-1.84,-4.0,-4.1,-1.66,-3.68,-5.05
2026-05-05,GSY,9.65,0.52,-2.53,-3.5,0.46,-2.3,-5.05
2026-05-06,GSY,9.7,0.52,-2.02,-2.12,0.46,-1.84,-5.05
2026-05-07,GSY,9.7,0.0,-1.32,-0.82,0.0,-1.2,-5.05
2026-05-08,GSY,9.72,0.21,-0.61,-2.31,0.19,-0.55,-5.05
2026-05-11,GSY,9.7,-0.21,1.04,-1.62,-0.19,0.92,-5.05
2026-05-12,GSY,9.83,1.34,1.87,-0.51,1.2,1.66,-5.05
2026-05-13,GSY,9.83,0.0,1.34,-1.7,0.0,1.2,-5.05
2026-05-14,GSY,9.87,0.41,1.75,-1.0,0.36,1.56,-5.05
2026-05-15,GSY,9.9,0.3,1.85,-0.7,3.93,5.3,-5.05
2026-05-18,GSY,9.95,0.51,2.58,-0.2,0.47,5.96,-5.05
2026-05-19,GSY,9.93,-0.2,1.02,-0.4,-0.19,4.57,-5.05
2026-05-20,GSY,9.9,-0.3,0.71,-0.9,-0.28,4.29,-5.05
2026-05-21,GSY,10.0,1.01,1.32,-0.99,0.95,4.88,-5.05
2026-05-22,GSY,10.0,0.0,1.01,0.3,0.0,0.95,-5.05
2026-05-25,GSY,10.0,0.0,0.5,1.01,0.0,0.48,-5.05
2026-05-26,GSY,9.99,-0.1,0.6,-0.1,-0.09,0.58,-5.05
2026-05-27,GSY,9.99,0.0,0.91,-0.1,0.0,0.86,-5.05
2026-06-01,GSY,10.02,0.3,0.2,1.21,0.28,0.19,-5.05
2026-06-02,GSY,10.1,0.8,1.0,2.02,0.77,0.96,-5.05
2026-06-03,GSY,10.02,-0.79,0.2,1.93,-0.77,0.19,-5.05
2026-06-04,GSY,10.03,0.1,0.4,2.56,0.1,0.38,-5.05
2026-06-05,GSY,10.02,-0.1,0.3,4.37,-0.1,0.28,-5.05
2026-06-08,GSY,10.01,-0.1,-0.1,3.73,-0.09,-0.09,-5.05
2026-06-09,GSY,10.0,-0.1,-0.99,3.09,-0.1,-0.96,-5.05
2026-06-10,GSY,9.96,-0.4,-0.6,2.68,-0.38,-0.57,-5.05
2026-06-11,GSY,9.96,0.0,-0.7,2.47,0.0,-0.67,-5.05
2026-06-12,GSY,9.96,0.0,-0.6,2.68,0.0,-0.57,-5.05
2026-06-15,GSY,9.95,-0.1,-0.6,1.22,-0.28,-0.76,-5.05
2026-06-16,GSY,9.86,-0.9,-1.4,0.31,-0.86,-1.52,-5.05
2026-06-17,GSY,9.88,0.2,-0.8,0.1,0.19,-0.95,-5.05
2026-06-18,GSY,9.9,0.2,-0.6,0.0,0.2,-0.75,-5.05
2026-06-19,GSY,10.0,1.01,0.4,0.5,0.95,0.2,-5.05
2026-06-22,GSY,10.0,0.0,0.5,0.7,0.0,0.48,-5.05
2026-06-23,GSY,9.9,-1.0,0.41,0.0,-0.95,0.39,-5.05
2026-06-24,GSY,10.0,1.01,1.21,0.0,0.95,1.15,-5.05
2026-06-25,GSY,10.0,0.0,1.01,0.0,0.0,0.95,-5.05
2026-06-26,GSY,10.0,0.0,0.0,0.0,0.0,0.0,-5.05
2026-06-29,GSY,10.0,0.0,0.0,0.1,0.0,0.0,-5.05
2026-06-30,GSY,9.8,-2.0,-1.01,-1.9,-1.91,-0.96,-5.05
2026-07-01,GSY,10.0,2.04,0.0,-0.2,1.91,0.0,-5.05
2026-07-02,GSY,9.86,-1.4,-1.4,-2.38,-1.34,-1.34,-5.05
2026-07-03,GSY,9.78,-0.81,-2.2,-2.4,-0.76,-2.1,-5.05
2026-07-06,GSY,9.9,1.23,-1.0,-1.3,1.15,-0.95,-5.05
2026-07-07,GSY,10.1,2.02,3.06,0.8,1.9,2.86,-5.05
2026-07-08,GSY,9.95,-1.49,-0.5,-0.6,-1.43,-0.48,-5.05
2026-07-10,GSY,10.0,0.5,1.42,0.0,0.48,1.34,-5.05
2026-07-13,GSY,9.95,-0.5,1.74,-0.1,-0.48,1.62,-5.05
2026-07-14,GSY,10.1,1.51,2.02,1.41,1.43,1.9,-5.05
2026-07-15,GSY,10.0,-0.99,-0.99,0.4,-0.95,-0.95,-5.05
2026-07-16,GSY,10.3,3.0,3.52,3.52,2.86,3.34,-5.05
2026-07-17,GSY,10.3,0.0,3.0,4.46,0.0,2.86,-5.05
2026-07-20,GSY,10.0,-2.91,0.5,1.21,-2.86,0.48,-5.05
2026-07-21,GSY,10.0,0.0,-0.99,1.01,0.0,-0.95,-5.05
2026-07-22,GSY,9.9,-1.0,-1.0,-1.0,-0.95,-0.95,-5.05
2026-07-23,GSY,9.9,0.0,-3.88,-1.0,0.0,-3.81,-5.05
2026-07-24,GSY,9.42,-4.85,-8.54,-4.85,-4.58,-8.39,-5.05
2026-07-27,GSY,9.87,4.78,-1.3,-1.3,4.29,-1.24,-5.05
2026-07-28,GSY,10.46,5.98,4.6,4.6,5.62,4.38,-5.05
2026-07-29,GSY,9.77,-6.6,-1.31,-2.3,-6.57,-1.24,-5.05
2026-07-30,GSY,9.8,0.31,-1.01,-2.0,0.28,-0.96,-5.05
2026-07-31,GSY,9.65,-1.53,2.44,-1.53,3.47,7.09,-5.05
2026-08-03,GSY,9.92,2.8,0.51,-0.8,2.71,5.51,-5.05
2026-08-04,GSY,9.59,-3.33,-8.32,-2.74,-3.31,-3.42,-5.05
2026-08-06,GSY,9.51,-0.83,-2.66,-2.76,-0.81,2.34,-5.05
2026-08-07,GSY,9.52,0.11,-2.86,-3.84,0.1,2.16,-5.05
2026-08-10,GSY,9.51,-0.11,-1.45,-5.84,-0.1,-1.41,-5.05
2026-08-11,GSY,9.5,-0.11,-4.23,-4.52,-0.1,-4.22,-5.05
2026-08-12,GSY,9.5,0.0,-0.94,-5.0,0.0,-0.91,-5.05
2026-08-13,GSY,9.35,-1.58,-1.68,-6.03,-1.5,-1.6,-5.05
2026-08-14,GSY,9.6,2.67,0.84,-4.95,2.51,0.81,-5.05
2026-08-17,GSY,9.3,-3.12,-2.21,-7.0,-3.02,-2.11,-5.05
2026-02-09,H8020,11.5,,,,,,-1.98
2026-02-10,H8020,11.7,1.74,,,1.68,,-1.98
2026-02-11,H8020,11.65,-0.43,,,-0.42,,-1.98
2026-02-12,H8020,11.42,-1.97,,,-1.93,,-1.98
2026-02-16,H8020,11.45,0.26,,,-1.5,,-1.98
2026-02-17,H8020,11.41,-0.35,-0.78,,-0.33,-2.5,-1.98
2026-02-22,H8020,11.42,0.09,-2.39,,0.08,-4.1,-1.98
2026-02-23,H8020,11.5,0.7,-1.29,,0.66,-3.02,-1.98
2026-02-24,H8020,11.5,0.0,0.7,,0.0,-1.09,-1.98
2026-02-25,H8020,11.73,2.0,2.45,,1.9,2.31,-1.98
2026-02-26,H8020,11.52,-1.79,0.96,,-1.73,0.91,-1.98
2026-03-01,H8020,11.62,0.87,1.75,,0.82,1.65,-1.98
2026-03-03,H8020,11.95,2.84,3.91,,2.73,3.72,-1.98
2026-03-09,H8020,11.95,0.0,3.91,,0.0,3.72,-1.98
2026-03-10,H8020,11.8,-1.26,0.6,,-1.24,0.58,-1.98
2026-03-11,H8020,11.81,0.08,2.52,,0.08,2.39,-1.98
2026-03-12,H8020,11.81,0.0,1.64,,0.0,1.57,-1.98
2026-03-15,H8020,11.81,0.0,-1.17,,-3.56,-4.72,-1.98
2026-03-16,H8020,11.62,-1.61,-2.76,,-1.51,-6.23,-1.98
2026-03-17,H8020,11.55,-0.6,-2.12,,-0.56,-5.55,-1.98
2026-03-19,H8020,11.68,1.13,-1.1,,1.04,-4.59,-1.98
2026-03-22,H8020,11.9,1.88,0.76,,1.74,-2.85,-1.98
2026-03-23,H8020,11.69,-1.76,-1.02,1.65,-1.66,-0.95,-1.98
2026-03-24,H8020,11.75,0.51,1.12,0.43,0.47,1.03,-1.98
2026-03-25,H8020,12.0,2.13,3.9,3.0,1.99,3.58,-1.98
2026-03-26,H8020,12.0,0.0,2.74,5.08,0.0,2.54,-1.98
2026-03-29,H8020,11.9,-0.83,0.0,3.93,-0.8,0.0,-1.98
2026-03-30,H8020,11.8,-0.84,0.94,3.42,-0.79,0.87,-1.98
2026-03-31,H8020,11.63,-1.44,-1.02,1.84,-1.35,-0.95,-1.98
2026-04-01,H8020,11.54,-0.77,-3.83,0.35,-0.72,-3.66,-1.98
2026-04-02,H8020,11.4,-1.21,-5.0,-0.87,-1.11,-4.77,-1.98
2026-04-05,H8020,11.31,-0.79,-4.96,-3.58,-0.72,-4.69,-1.98
2026-04-06,H8020,11.52,1.86,-2.37,0.0,1.67,-2.23,-1.98
2026-04-07,H8020,11.93,3.56,2.58,2.67,3.26,2.38,-1.98
2026-04-08,H8020,11.7,-1.93,1.39,-2.09,-1.83,1.27,-1.98
2026-04-09,H8020,11.5,-1.71,0.88,-3.77,-1.59,0.79,-1.98
2026-04-10,H8020,11.9,3.48,5.22,0.85,3.18,4.69,-1.98
2026-04-13,H8020,11.88,-0.17,3.12,0.59,-0.15,2.87,-1.98
2026-04-15,H8020,12.0,1.01,0.59,1.61,-0.76,-1.15,-1.98
2026-04-16,H8020,11.9,-0.83,1.71,0.76,-0.78,-0.1,-1.98
2026-04-17,H8020,11.82,-0.67,2.78,1.72,-0.63,0.86,-1.98
2026-04-20,H8020,12.0,1.52,0.84,3.9,1.41,-0.91,-1.98
2026-04-21,H8020,11.9,-0.83,0.17,1.88,-0.78,-1.54,-1.98
2026-04-22,H8020,12.0,0.84,0.0,0.84,0.78,0.0,-1.98
2026-04-23,H8020,11.95,-0.42,0.42,2.22,-0.39,0.39,-1.98
2026-04-24,H8020,11.91,-0.33,0.76,1.36,-0.32,0.7,-1.98
2026-04-27,H8020,12.0,0.76,0.0,0.0,0.71,0.0,-1.98
2026-04-28,H8020,11.71,-2.42,-1.6,-2.42,-2.27,-1.49,-1.98
2026-04-29,H8020,11.65,-0.51,-2.92,-2.1,-0.47,-2.74,-1.98
2026-04-30,H8020,11.51,-1.2,-3.68,-2.46,-1.09,-3.44,-1.98
2026-05-04,H8020,11.63,1.04,-2.35,0.0,0.94,-2.18,-1.98
2026-05-05,H8020,11.34,-2.49,-5.5,-1.73,-2.27,-5.16,-1.98
2026-05-06,H8020,11.26,-0.71,-3.84,-1.23,-0.62,-3.51,-1.98
2026-05-07,H8020,11.64,3.37,-0.09,2.92,2.97,-0.07,-1.98
2026-05-08,H8020,11.37,-2.32,-1.22,-1.3,-2.11,-1.09,-1.98
2026-05-11,H8020,11.71,2.99,0.69,-1.84,2.65,0.62,-1.98
2026-05-12,H8020,11.57,-1.2,2.03,-1.11,-1.09,1.8,-1.98
2026-05-13,H8020,11.58,0.09,2.84,0.7,0.08,2.5,-1.98
2026-05-14,H8020,11.9,2.76,2.23,0.0,2.5,2.03,-1.98
2026-05-15,H8020,11.66,-2.02,2.55,-1.85,-0.58,3.56,-1.98
2026-05-18,H8020,11.9,2.06,1.62,-0.83,1.9,2.81,-1.98
2026-05-19,H8020,12.0,0.84,3.72,0.84,0.79,4.69,-1.98
2026-05-20,H8020,11.85,-1.25,2.33,0.25,-1.19,3.42,-1.98
2026-05-21,H8020,12.14,2.45,2.02,1.17,2.3,3.22,-1.98
2026-05-22,H8020,11.98,-1.32,2.74,0.67,-1.27,2.53,-1.98
2026-05-25,H8020,11.83,-1.25,-0.59,-1.42,-1.18,-0.55,-1.98
2026-05-26,H8020,12.0,1.44,0.0,0.42,1.34,0.0,-1.98
2026-05-27,H8020,12.25,2.08,3.38,2.85,1.98,3.17,-1.98
2026-06-01,H8020,11.99,-2.12,-1.24,-0.08,-2.06,-1.19,-1.98
2026-06-02,H8020,11.99,0.0,0.08,2.39,0.0,0.08,-1.98
2026-06-03,H8020,11.87,-1.0,0.34,1.89,-0.95,0.31,-1.98
2026-06-04,H8020,12.1,1.94,0.83,5.13,1.82,0.79,-1.98
2026-06-05,H8020,12.16,0.5,-0.73,4.56,0.48,-0.71,-1.98
2026-06-08,H8020,11.88,-2.3,-0.92,4.76,-2.22,-0.87,-1.98
2026-06-09,H8020,11.88,0.0,-0.92,5.51,0.0,-0.87,-1.98
2026-06-10,H8020,11.65,-1.94,-1.85,0.09,-1.82,-1.74,-1.98
2026-06-11,H8020,11.75,0.86,-2.89,3.34,0.79,-2.77,-1.98
2026-06-12,H8020,11.6,-1.28,-4.61,-0.94,-1.19,-4.44,-1.98
2026-06-15,H8020,11.7,0.86,-1.52,1.12,0.87,-1.35,-1.98
2026-06-16,H8020,11.75,0.43,-1.09,1.47,0.4,-0.95,-1.98
2026-06-17,H8020,11.97,1.87,2.75,0.59,1.74,2.61,-1.98
2026-06-18,H8020,12.32,2.92,4.85,5.66,2.77,4.59,-1.98
2026-06-19,H8020,11.96,-2.92,3.1,0.5,-2.85,2.93,-1.98
2026-06-22,H8020,12.31,2.93,5.21,2.58,2.77,4.83,-1.98
2026-06-23,H8020,12.0,-2.52,2.13,1.27,-2.45,1.98,-1.98
2026-06-24,H8020,11.53,-3.92,-3.68,-5.02,-3.73,-3.49,-1.98
2026-06-25,H8020,11.53,0.0,-6.41,-3.76,0.0,-6.26,-1.98
2026-06-26,H8020,11.5,-0.26,-3.85,-2.79,-0.23,-3.64,-1.98
2026-06-29,H8020,11.35,-1.3,-7.8,-5.42,-1.19,-7.6,-1.98
2026-06-30,H8020,11.35,0.0,-5.42,-7.35,0.0,-5.15,-1.98
2026-07-01,H8020,11.35,0.0,-1.56,-5.34,0.0,-1.42,-1.98
2026-07-02,H8020,11.95,5.29,3.64,-0.33,4.75,3.33,-1.98
2026-07-03,H8020,11.95,0.0,3.91,0.67,0.0,3.56,-1.98
2026-07-06,H8020,11.62,-2.76,2.38,-3.97,-2.61,2.14,-1.98
2026-07-07,H8020,11.9,2.41,4.85,-2.14,2.21,4.35,-1.98
2026-07-08,H8020,12.12,1.85,6.78,2.02,1.75,6.1,-1.98
2026-07-10,H8020,11.8,-2.64,-1.26,-0.67,-2.54,-1.19,-1.98
2026-07-13,H8020,11.7,-0.85,-2.09,0.43,-0.79,-1.98,-1.98
2026-07-14,H8020,11.55,-1.28,-0.6,-1.7,-1.19,-0.56,-1.98
2026-07-15,H8020,12.0,3.9,0.84,3.45,3.57,0.8,-1.98
2026-07-16,H8020,11.65,-2.92,-3.88,-0.43,-2.78,-3.73,-1.98
2026-07-17,H8020,11.72,0.6,-0.68,-0.26,0.56,-0.63,-1.98
2026-07-20,H8020,11.62,-0.85,-0.68,-2.92,-0.79,-0.63,-1.98
2026-07-21,H8020,11.97,3.01,3.64,-2.84,2.77,3.33,-1.98
2026-07-22,H8020,12.3,2.76,2.5,2.84,2.61,2.37,-1.98
2026-07-23,H8020,12.0,-2.44,3.0,-2.52,-2.37,2.78,-1.98
2026-07-24,H8020,12.0,0.0,2.39,0.0,0.0,2.22,-1.98
2026-07-27,H8020,11.81,-1.58,1.64,2.43,-1.51,1.5,-1.98
2026-07-28,H8020,11.81,0.0,-1.34,2.43,0.0,-1.27,-1.98
2026-07-29,H8020,11.7,-0.93,-4.88,1.74,-0.87,-4.75,-1.98
2026-07-30,H8020,11.7,0.0,-2.5,3.08,0.0,-2.38,-1.98
2026-07-31,H8020,11.63,-0.6,-3.08,2.47,1.31,-1.07,-1.98
2026-08-03,H8020,11.7,0.6,-0.93,3.08,0.56,1.0,-1.98
2026-08-04,H8020,12.24,4.62,3.64,2.43,4.37,5.37,-1.98
2026-08-06,H8020,12.2,-0.33,4.27,2.09,-0.32,5.92,-1.98
2026-08-07,H8020,12.2,0.0,4.27,4.99,0.0,5.92,-1.98
2026-08-10,H8020,12.01,-1.56,3.27,0.92,-1.54,3.07,-1.98
2026-08-11,H8020,11.67,-2.83,-0.26,-3.71,-2.75,-0.24,-1.98
2026-08-12,H8020,12.07,3.43,-1.39,2.29,3.23,-1.38,-1.98
2026-08-13,H8020,11.8,-2.24,-3.28,0.85,-2.18,-3.24,-1.98
2026-08-14,H8020,11.8,0.0,-3.28,2.16,0.0,-3.24,-1.98
2026-08-17,H8020,12.0,1.69,-0.08,0.0,1.62,-0.08,-1.98
2026-02-09,HLICF,9.72,,,,,,-2.57
2026-02-10,HLICF,9.55,-1.75,,,-1.76,,-2.57
2026-02-11,HLICF,9.4,-1.57,,,-1.56,,-2.57
2026-02-12,HLICF,9.25,-1.6,,,-1.56,,-2.57
2026-02-16,HLICF,9.26,0.11,,,0.91,,-2.57
2026-02-17,HLICF,9.61,3.78,-1.13,,3.66,-0.31,-2.57
2026-02-22,HLICF,9.3,-3.23,-2.62,,-3.24,-1.79,-2.57
2026-02-23,HLICF,9.17,-1.4,-2.45,,-1.36,-1.59,-2.57
2026-02-24,HLICF,9.15,-0.22,-1.08,,-0.21,-0.24,-2.57
2026-02-25,HLICF,9.15,0.0,-1.19,,0.0,-1.15,-2.57
2026-02-26,HLICF,9.08,-0.77,-5.52,,-0.73,-5.54,-2.57
2026-03-01,HLICF,9.09,0.11,-2.26,,0.1,-2.2,-2.57
2026-03-03,HLICF,9.18,0.99,0.11,,0.95,0.11,-2.57
2026-03-09,HLICF,9.18,0.0,0.33,,0.0,0.32,-2.57
2026-03-10,HLICF,9.45,2.94,3.28,,2.82,3.14,-2.57
2026-03-11,HLICF,9.5,0.53,4.63,,0.52,4.39,-2.57
2026-03-12,HLICF,9.54,0.42,4.95,,0.42,4.71,-2.57
2026-03-15,HLICF,9.38,-1.68,2.18,,-2.49,1.27,-2.57
2026-03-16,HLICF,9.25,-1.39,0.76,,-1.35,-0.08,-2.57
2026-03-17,HLICF,9.48,2.49,0.32,,2.39,-0.51,-2.57
2026-03-19,HLICF,9.34,-1.48,-1.68,,-1.45,-2.48,-2.57
2026-03-22,HLICF,9.45,1.18,-0.94,,1.14,-1.76,-2.57
2026-03-23,HLICF,9.91,4.87,5.65,1.95,4.77,5.5,-2.57
2026-03-24,HLICF,9.72,-1.92,5.08,1.78,-1.97,4.88,-2.57
2026-03-25,HLICF,9.79,0.72,3.27,4.15,0.73,3.22,-2.57
2026-03-26,HLICF,9.6,-1.94,2.78,3.78,-1.97,2.7,-2.57
2026-03-29,HLICF,9.61,0.1,1.69,3.78,0.1,1.66,-2.57
2026-03-30,HLICF,9.44,-1.77,-4.74,-1.77,-1.76,-4.87,-2.57
2026-03-31,HLICF,9.67,2.44,-0.51,3.98,2.38,-0.52,-2.57
2026-04-01,HLICF,9.33,-3.52,-4.7,1.74,-3.53,-4.78,-2.57
2026-04-02,HLICF,9.49,1.71,-1.15,3.72,1.66,-1.15,-2.57
2026-04-05,HLICF,9.32,-1.79,-3.02,1.86,-1.76,-3.01,-2.57
2026-04-06,HLICF,9.2,-1.29,-2.54,1.32,-1.24,-2.49,-2.57
2026-04-07,HLICF,9.15,-0.54,-5.38,0.66,-0.52,-5.39,-2.57
2026-04-08,HLICF,9.35,2.19,0.21,1.85,2.07,0.21,-2.57
2026-04-09,HLICF,9.35,0.0,-1.48,1.85,0.0,-1.45,-2.57
2026-04-10,HLICF,9.23,-1.28,-0.97,-2.33,-1.24,-0.93,-2.57
2026-04-13,HLICF,9.4,1.84,2.17,-1.05,1.76,2.07,-2.57
2026-04-15,HLICF,9.49,0.96,3.72,-0.52,4.31,6.9,-2.57
2026-04-16,HLICF,9.38,-1.16,0.32,0.0,-1.18,3.65,-2.57
2026-04-17,HLICF,9.09,-3.09,-2.78,-1.73,-3.11,0.54,-2.57
2026-04-20,HLICF,9.33,2.64,1.08,-1.58,2.58,4.36,-2.57
2026-04-21,HLICF,9.2,-1.39,-2.13,-1.5,-1.4,1.2,-2.57
2026-04-22,HLICF,9.15,-0.54,-3.58,-3.17,-0.53,-3.64,-2.57
2026-04-23,HLICF,9.04,-1.2,-3.62,-8.78,-1.18,-3.64,-2.57
2026-04-24,HLICF,9.3,2.88,2.31,-4.32,2.79,2.26,-2.57
2026-04-27,HLICF,9.03,-2.9,-3.22,-7.76,-2.9,-3.22,-2.57
2026-04-28,HLICF,9.02,-0.11,-1.96,-6.04,-0.11,-1.93,-2.57
2026-04-29,HLICF,8.96,-0.67,-2.08,-6.76,-0.64,-2.04,-2.57
2026-04-30,HLICF,8.93,-0.33,-1.22,-5.4,-0.32,-1.18,-2.57
2026-05-04,HLICF,9.03,1.12,-2.9,-6.62,1.07,-2.9,-2.57
2026-05-05,HLICF,9.1,0.78,0.78,-2.47,0.75,0.75,-2.57
2026-05-06,HLICF,9.2,1.1,2.0,-3.06,1.07,1.93,-2.57
2026-05-07,HLICF,9.2,0.0,2.68,-1.29,0.0,2.57,-2.57
2026-05-08,HLICF,9.2,0.0,3.02,0.0,0.0,2.89,-2.57
2026-05-11,HLICF,9.1,-1.09,0.78,-0.55,-1.07,0.75,-2.57
2026-05-12,HLICF,9.3,2.2,2.2,-0.53,2.15,2.15,-2.57
2026-05-13,HLICF,9.12,-1.94,-0.87,-2.46,-1.94,-0.86,-2.57
2026-05-14,HLICF,9.27,1.64,0.76,0.43,1.61,0.75,-2.57
2026-05-15,HLICF,9.0,-2.91,-2.17,-4.26,2.12,2.87,-2.57
2026-05-18,HLICF,9.01,0.11,-0.99,-5.06,0.11,4.05,-2.57
2026-05-19,HLICF,9.0,-0.11,-3.23,-4.05,-0.11,1.79,-2.57
2026-05-20,HLICF,9.04,0.44,-0.88,-0.55,0.45,4.18,-2.57
2026-05-21,HLICF,8.99,-0.55,-3.02,-3.64,-0.56,2.01,-2.57
2026-05-22,HLICF,8.87,-1.33,-1.44,-3.59,-1.36,-1.47,-2.57
2026-05-25,HLICF,8.96,1.01,-0.55,-2.08,1.02,-0.56,-2.57
2026-05-26,HLICF,8.9,-0.67,-1.11,-1.55,-0.68,-1.13,-2.57
2026-05-27,HLICF,9.0,1.12,-0.44,-3.23,1.13,-0.45,-2.57
2026-06-01,HLICF,8.9,-1.11,-1.0,-1.44,-1.13,-1.02,-2.57
2026-06-02,HLICF,8.99,1.01,1.35,-0.33,1.02,1.36,-2.57
2026-06-03,HLICF,9.05,0.67,1.0,1.0,0.67,1.01,-2.57
2026-06-04,HLICF,9.18,1.44,3.15,2.8,1.47,3.16,-2.57
2026-06-05,HLICF,9.35,1.85,3.89,3.54,1.92,3.95,-2.57
2026-06-08,HLICF,9.04,-3.32,1.57,-0.66,-3.5,1.58,-2.57
2026-06-09,HLICF,9.0,-0.44,0.11,-2.17,-0.45,0.11,-2.57
2026-06-10,HLICF,9.0,0.0,-0.55,-2.17,0.0,-0.56,-2.57
2026-06-11,HLICF,9.0,0.0,-1.96,-2.17,0.0,-2.03,-2.57
2026-06-12,HLICF,9.01,0.11,-3.64,-0.99,0.11,-3.84,-2.57
2026-06-15,HLICF,9.0,-0.11,-0.44,-3.23,-1.24,-1.58,-2.57
2026-06-16,HLICF,9.2,2.22,2.22,0.88,2.23,1.1,-2.57
2026-06-17,HLICF,9.0,-2.17,0.0,-2.91,-2.23,-1.13,-2.57
2026-06-18,HLICF,8.82,-2.0,-2.0,-2.0,-2.01,-3.14,-2.57
2026-06-19,HLICF,8.83,0.11,-2.0,-2.0,0.11,-3.14,-2.57
2026-06-22,HLICF,8.73,-1.13,-3.0,-3.0,-1.12,-3.02,-2.57
2026-06-23,HLICF,8.88,1.72,-3.48,-1.77,1.68,-3.57,-2.57
2026-06-24,HLICF,8.88,0.0,-1.33,-1.22,0.0,-1.34,-2.57
2026-06-25,HLICF,9.0,1.35,2.04,1.47,1.34,2.01,-2.57
2026-06-26,HLICF,8.92,-0.89,1.02,-0.45,-0.9,1.0,-2.57
2026-06-29,HLICF,8.9,-0.22,1.95,0.0,-0.22,1.9,-2.57
2026-06-30,HLICF,8.69,-2.36,-2.14,-3.44,-2.34,-2.12,-2.57
2026-07-01,HLICF,8.76,0.81,-1.35,-1.57,0.78,-1.34,-2.57
2026-07-02,HLICF,8.92,1.83,-0.89,-0.78,1.78,-0.9,-2.57
2026-07-03,HLICF,8.8,-1.35,-1.35,-2.76,-1.34,-1.34,-2.57
2026-07-06,HLICF,8.9,1.14,0.0,-3.05,1.12,0.0,-2.57
2026-07-07,HLICF,8.9,0.0,2.42,-4.81,0.0,2.34,-2.57
2026-07-08,HLICF,9.16,2.92,4.57,1.33,2.9,4.46,-2.57
2026-07-10,HLICF,8.73,-4.69,-2.13,-3.0,-4.8,-2.12,-2.57
2026-07-13,HLICF,8.75,0.23,-0.57,-2.78,0.23,-0.55,-2.57
2026-07-14,HLICF,8.75,0.0,-1.69,-2.78,0.0,-1.67,-2.57
2026-07-15,HLICF,8.7,-0.57,-2.25,-3.44,-0.56,-2.23,-2.57
2026-07-16,HLICF,8.7,0.0,-5.02,-3.33,0.0,-5.13,-2.57
2026-07-17,HLICF,8.64,-0.69,-1.03,-6.09,-0.67,-1.0,-2.57
2026-07-20,HLICF,8.74,1.16,-0.11,-2.89,1.11,-0.12,-2.57
2026-07-21,HLICF,8.73,-0.11,-0.23,-1.02,-0.11,-0.23,-2.57
2026-07-22,HLICF,8.95,2.52,2.87,1.36,2.46,2.79,-2.57
2026-07-23,HLICF,8.92,-0.34,2.53,2.18,-0.34,2.45,-2.57
2026-07-24,HLICF,8.75,-1.91,1.27,-1.46,-1.89,1.23,-2.57
2026-07-27,HLICF,8.6,-1.71,-1.6,-3.15,-1.68,-1.56,-2.57
2026-07-28,HLICF,8.41,-2.21,-3.67,-6.56,-2.12,-3.57,-2.57
2026-07-29,HLICF,8.69,3.33,-2.91,-2.58,3.13,-2.9,-2.57
2026-07-30,HLICF,8.69,0.0,-2.58,-2.36,0.0,-2.56,-2.57
2026-07-31,HLICF,8.55,-1.61,-2.29,-1.61,0.95,0.28,-2.57
2026-08-03,HLICF,8.51,-0.47,-1.05,-2.85,-0.46,1.5,-2.57
2026-08-04,HLICF,8.66,1.76,2.97,-2.91,1.72,5.34,-2.57
2026-08-06,HLICF,8.5,-1.85,-2.19,-3.41,-1.83,0.38,-2.57
2026-08-07,HLICF,8.94,5.18,2.88,0.45,5.04,5.42,-2.57
2026-08-10,HLICF,8.72,-2.46,1.99,-2.02,-2.52,1.95,-2.57
2026-08-11,HLICF,8.5,-2.52,-0.12,-7.21,-2.52,-0.11,-2.57
2026-08-12,HLICF,8.53,0.35,-1.5,-2.29,0.34,-1.49,-2.57
2026-08-13,HLICF,8.41,-1.41,-1.06,-3.89,-1.38,-1.04,-2.57
2026-08-14,HLICF,8.6,2.26,-3.8,-1.71,2.18,-3.9,-2.57
2026-08-17,HLICF,8.4,-2.33,-3.67,-3.45,-2.29,-3.67,-2.57
2026-02-09,KDBY,10.02,,,,,,-4.14
2026-02-10,KDBY,10.02,0.0,,,0.0,,-4.14
2026-02-11,KDBY,10.0,-0.2,,,-0.19,,-4.14
2026-02-12,KDBY,10.3,3.0,,,2.74,,-4.14
2026-02-16,KDBY,10.3,0.0,,,0.18,,-4.14
2026-02-17,KDBY,10.16,-1.36,1.4,,-1.28,1.45,-4.14
2026-02-22,KDBY,9.83,-3.25,-1.9,,-3.02,-1.57,-4.14
2026-02-23,KDBY,10.0,1.73,0.0,,1.55,0.17,-4.14
2026-02-24,KDBY,10.11,1.1,-1.84,,1.01,-1.56,-4.14
2026-02-25,KDBY,10.11,0.0,-1.84,,0.0,-1.74,-4.14
2026-02-26,KDBY,9.99,-1.19,-1.67,,-1.1,-1.56,-4.14
2026-03-01,KDBY,9.91,-0.8,0.81,,-0.73,0.73,-4.14
2026-03-03,KDBY,9.96,0.5,-0.4,,0.46,-0.36,-4.14
2026-03-09,KDBY,9.96,0.0,-1.48,,0.0,-1.37,-4.14
2026-03-10,KDBY,10.15,1.91,0.4,,1.73,0.36,-4.14
2026-03-11,KDBY,10.2,0.49,2.1,,0.46,1.92,-4.14
2026-03-12,KDBY,10.19,-0.1,2.83,,-0.09,2.56,-4.14
2026-03-15,KDBY,10.45,2.55,4.92,,-1.64,0.46,-4.14
2026-03-16,KDBY,10.3,-1.44,3.41,,-1.32,-0.86,-4.14
2026-03-17,KDBY,10.25,-0.49,0.99,,-0.44,-3.03,-4.14
2026-03-19,KDBY,10.36,1.07,1.57,,0.97,-2.52,-4.14
2026-03-22,KDBY,10.68,3.09,4.81,,2.8,0.37,-4.14
2026-03-23,KDBY,10.3,-3.56,-1.44,2.79,-3.33,-1.32,-4.14
2026-03-24,KDBY,10.51,2.04,2.04,4.89,1.84,1.84,-4.14
2026-03-25,KDBY,10.52,0.1,2.63,5.2,0.09,2.37,-4.14
2026-03-26,KDBY,10.76,2.28,3.86,4.47,2.1,3.5,-4.14
2026-03-29,KDBY,10.6,-1.49,-0.75,2.91,-1.4,-0.7,-4.14
2026-03-30,KDBY,10.5,-0.94,1.94,3.35,-0.88,1.75,-4.14
2026-03-31,KDBY,10.76,2.48,2.38,9.46,2.28,2.19,-4.14
2026-04-01,KDBY,10.71,-0.46,1.81,7.1,-0.43,1.67,-4.14
2026-04-02,KDBY,10.5,-1.96,-2.42,3.86,-1.85,-2.28,-4.14
2026-04-05,KDBY,10.41,-0.86,-1.79,2.97,-0.78,-1.66,-4.14
2026-04-06,KDBY,10.45,0.38,-0.48,4.6,0.35,-0.43,-4.14
2026-04-07,KDBY,10.98,5.07,2.04,10.8,4.64,1.93,-4.14
2026-04-08,KDBY,11.26,2.55,5.14,13.05,2.46,4.82,-4.14
2026-04-09,KDBY,11.61,3.11,10.57,16.57,3.06,9.73,-4.14
2026-04-10,KDBY,11.59,-0.17,11.34,14.19,-0.17,10.34,-4.14
2026-04-13,KDBY,11.88,2.5,13.68,16.47,2.54,12.53,-4.14
2026-04-15,KDBY,11.95,0.59,8.83,17.27,-17.15,-9.26,-4.14
2026-04-16,KDBY,11.65,-2.51,3.46,11.48,-2.18,-13.9,-4.14
2026-04-17,KDBY,12.05,3.43,3.79,16.99,2.91,-14.05,-4.14
2026-04-20,KDBY,11.73,-2.66,1.21,14.44,-2.33,-16.21,-4.14
2026-04-21,KDBY,11.69,-0.34,-1.6,12.84,-0.29,-19.04,-4.14
2026-04-22,KDBY,11.45,-2.05,-4.18,7.21,-1.75,-3.64,-4.14
2026-04-23,KDBY,11.37,-0.7,-2.4,10.39,-0.58,-2.04,-4.14
2026-04-24,KDBY,11.54,1.5,-4.23,9.8,1.24,-3.71,-4.14
2026-04-27,KDBY,11.61,0.61,-1.02,10.36,0.51,-0.87,-4.14
2026-04-28,KDBY,11.54,-0.6,-1.28,7.25,-0.51,-1.09,-4.14
2026-04-29,KDBY,11.38,-1.39,-0.61,7.36,-1.17,-0.51,-4.14
2026-04-30,KDBY,11.7,2.81,2.9,11.43,2.33,2.4,-4.14
2026-05-04,KDBY,11.39,-2.65,-1.3,5.86,-2.25,-1.09,-4.14
2026-05-05,KDBY,11.45,0.53,-1.38,6.91,0.43,-1.17,-4.14
2026-05-06,KDBY,11.41,-0.35,-1.13,8.67,-0.29,-0.95,-4.14
2026-05-07,KDBY,11.26,-1.31,-1.05,8.17,-1.09,-0.87,-4.14
2026-05-08,KDBY,11.26,0.0,-3.76,7.75,0.0,-3.2,-4.14
2026-05-11,KDBY,12.54,11.37,10.1,14.21,9.32,8.37,-4.14
2026-05-12,KDBY,11.5,-8.29,0.44,2.13,-7.57,0.37,-4.14
2026-05-13,KDBY,11.5,0.0,0.79,-0.95,0.0,0.66,-4.14
2026-05-14,KDBY,11.4,-0.87,1.24,-1.64,-0.73,1.02,-4.14
2026-05-15,KDBY,11.4,0.0,1.24,-4.04,5.61,6.63,-4.14
2026-05-18,KDBY,11.31,-0.79,-9.81,-5.36,-0.7,-3.39,-4.14
2026-05-19,KDBY,11.5,1.68,0.0,-1.29,1.48,5.66,-4.14
2026-05-20,KDBY,11.58,0.7,0.7,-3.9,0.62,6.28,-4.14
2026-05-21,KDBY,11.69,0.95,2.54,-0.34,0.85,7.86,-4.14
2026-05-22,KDBY,11.45,-2.05,0.44,-2.05,-1.86,0.39,-4.14
2026-05-25,KDBY,11.67,1.92,3.18,1.92,1.71,2.8,-4.14
2026-05-26,KDBY,11.47,-1.71,-0.26,0.88,-1.56,-0.24,-4.14
2026-05-27,KDBY,11.51,0.35,-0.6,-0.26,0.31,-0.55,-4.14
2026-06-01,KDBY,11.5,-0.09,-1.63,-0.95,-0.07,-1.47,-4.14
2026-06-02,KDBY,11.53,0.26,0.7,-0.09,0.23,0.62,-4.14
2026-06-03,KDBY,11.49,-0.35,-1.54,0.97,-0.31,-1.4,-4.14
2026-06-04,KDBY,11.4,-0.78,-0.61,-2.56,-0.7,-0.54,-4.14
2026-06-05,KDBY,11.4,0.0,-0.96,0.09,0.0,-0.85,-4.14
2026-06-08,KDBY,11.21,-1.67,-2.52,-2.1,-1.48,-2.26,-4.14
2026-06-09,KDBY,11.25,0.36,-2.43,-1.4,0.31,-2.18,-4.14
2026-06-10,KDBY,11.3,0.44,-1.65,0.36,0.39,-1.48,-4.14
2026-06-11,KDBY,11.26,-0.35,-1.23,0.0,-0.31,-1.09,-4.14
2026-06-12,KDBY,11.29,0.27,-0.96,-9.97,0.23,-0.86,-4.14
2026-06-15,KDBY,11.28,-0.09,0.62,-1.91,0.47,1.09,-4.14
2026-06-16,KDBY,11.25,-0.27,0.0,-2.17,-0.23,0.55,-4.14
2026-06-17,KDBY,11.26,0.09,-0.35,-1.23,0.08,0.24,-4.14
2026-06-18,KDBY,11.23,-0.27,-0.27,-1.49,-0.24,0.31,-4.14
2026-06-19,KDBY,11.24,0.09,-0.44,-0.62,0.08,0.16,-4.14
2026-06-22,KDBY,11.0,-2.14,-2.48,-4.35,-1.88,-2.19,-4.14
2026-06-23,KDBY,10.88,-1.09,-3.29,-6.04,-0.93,-2.89,-4.14
2026-06-24,KDBY,10.95,0.64,-2.75,-6.33,0.54,-2.43,-4.14
2026-06-25,KDBY,10.87,-0.73,-3.21,-5.07,-0.62,-2.81,-4.14
2026-06-26,KDBY,10.95,0.74,-2.58,-6.17,0.62,-2.27,-4.14
2026-06-29,KDBY,10.8,-1.37,-1.82,-5.84,-1.17,-1.56,-4.14
2026-06-30,KDBY,10.79,-0.09,-0.83,-6.26,-0.08,-0.71,-4.14
2026-07-01,KDBY,10.99,1.85,0.37,-4.43,1.57,0.32,-4.14
2026-07-02,KDBY,11.08,0.82,1.93,-3.9,0.7,1.64,-4.14
2026-07-03,KDBY,11.07,-0.09,1.1,-3.66,-0.08,0.94,-4.14
2026-07-06,KDBY,10.85,-1.99,0.46,-4.82,-1.72,0.39,-4.14
2026-07-07,KDBY,10.48,-3.41,-2.87,-8.07,-2.89,-2.42,-4.14
2026-07-08,KDBY,10.5,0.19,-4.46,-6.33,0.16,-3.83,-4.14
2026-07-10,KDBY,10.68,1.71,-3.61,-5.07,1.4,-3.13,-4.14
2026-07-13,KDBY,10.7,0.19,-3.34,-5.31,0.16,-2.89,-4.14
2026-07-14,KDBY,10.83,1.21,-0.18,-3.82,1.02,-0.15,-4.14
2026-07-15,KDBY,10.77,-0.55,2.77,-4.61,-0.47,2.27,-4.14
2026-07-16,KDBY,10.74,-0.28,2.29,-4.79,-0.24,1.87,-4.14
2026-07-17,KDBY,10.87,1.21,1.78,-3.38,1.02,1.49,-4.14
2026-07-20,KDBY,11.1,2.12,3.74,-1.42,1.8,3.13,-4.14
2026-07-21,KDBY,11.11,0.09,2.59,-1.07,0.07,2.18,-4.14
2026-07-22,KDBY,11.08,-0.27,2.88,-1.42,-0.23,2.42,-4.14
2026-07-23,KDBY,11.08,0.0,3.17,0.73,0.0,2.66,-4.14
2026-07-24,KDBY,11.0,-0.72,1.2,1.1,-0.63,1.01,-4.14
2026-07-27,KDBY,11.03,0.27,-0.63,0.73,0.24,-0.55,-4.14
2026-07-28,KDBY,11.05,0.18,-0.54,1.66,0.16,-0.46,-4.14
2026-07-29,KDBY,11.16,1.0,0.72,1.92,0.86,0.63,-4.14
2026-07-30,KDBY,11.1,-0.54,0.18,2.78,-0.47,0.16,-4.14
2026-07-31,KDBY,11.1,0.0,0.91,2.87,0.0,0.79,-4.14
2026-08-03,KDBY,11.29,1.71,2.36,2.73,5.3,5.85,-4.14
2026-08-04,KDBY,11.12,-1.51,0.63,0.36,-1.39,4.3,-4.14
2026-08-06,KDBY,11.11,-0.09,-0.45,0.36,-0.08,3.36,-4.14
2026-08-07,KDBY,11.09,-0.18,-0.09,2.21,-0.16,3.67,-4.14
2026-08-10,KDBY,11.0,-0.81,-0.9,4.96,-0.74,2.93,-4.14
2026-08-11,KDBY,10.88,-1.09,-3.63,3.62,-0.98,-3.35,-4.14
2026-08-12,KDBY,10.98,0.92,-1.26,2.81,0.82,-1.14,-4.14
2026-08-13,KDBY,11.0,0.18,-0.99,2.8,0.16,-0.9,-4.14
2026-08-14,KDBY,11.1,0.91,0.09,2.49,0.82,0.08,-4.14
2026-08-17,KDBY,11.1,0.0,0.91,3.06,0.0,0.82,-4.14
2026-02-09,KEF,9.34,,,,,,-4.27
2026-02-10,KEF,9.58,2.57,,,2.38,,-4.27
2026-02-11,KEF,9.3,-2.92,,,-2.78,,-4.27
2026-02-12,KEF,9.38,0.86,,,0.8,,-4.27
2026-02-16,KEF,9.56,1.92,,,1.78,,-4.27
2026-02-17,KEF,9.56,0.0,2.36,,0.0,2.18,-4.27
2026-02-22,KEF,9.4,-1.67,-1.88,,-1.59,-1.79,-4.27
2026-02-23,KEF,9.21,-2.02,-0.97,,-1.88,-0.89,-4.27
2026-02-24,KEF,9.3,0.98,-0.85,,0.89,-0.8,-4.27
2026-02-25,KEF,9.26,-0.43,-3.14,,-0.39,-2.97,-4.27
2026-02-26,KEF,9.3,0.43,-2.72,,0.39,-2.58,-4.27
2026-03-01,KEF,9.18,-1.29,-2.34,,-1.19,-2.18,-4.27
2026-03-03,KEF,9.36,1.96,1.63,,1.79,1.49,-4.27
2026-03-09,KEF,9.36,0.0,0.65,,0.0,0.6,-4.27
2026-03-10,KEF,9.53,1.82,2.92,,1.68,2.67,-4.27
2026-03-11,KEF,9.55,0.21,2.69,,0.2,2.48,-4.27
2026-03-12,KEF,9.6,0.52,4.58,,0.5,4.17,-4.27
2026-03-15,KEF,9.57,-0.31,2.24,,-4.53,-2.15,-4.27
2026-03-16,KEF,9.6,0.31,2.56,,0.29,-1.86,-4.27
2026-03-17,KEF,9.6,0.0,0.73,,0.0,-3.54,-4.27
2026-03-19,KEF,9.89,3.02,3.56,,2.74,-1.0,-4.27
2026-03-22,KEF,9.89,0.0,3.02,,0.0,-1.5,-4.27
2026-03-23,KEF,10.0,1.11,4.49,7.07,1.05,4.08,-4.27
2026-03-24,KEF,10.02,0.2,4.37,4.59,0.19,3.98,-4.27
2026-03-25,KEF,9.95,-0.7,3.65,6.99,-0.67,3.31,-4.27
2026-03-26,KEF,10.15,2.01,2.63,8.21,1.9,2.47,-4.27
2026-03-29,KEF,10.0,-1.48,1.11,4.6,-1.42,1.05,-4.27
2026-03-30,KEF,9.95,-0.5,-0.5,4.08,-0.48,-0.48,-4.27
2026-03-31,KEF,9.99,0.4,-0.3,6.28,0.38,-0.29,-4.27
2026-04-01,KEF,9.88,-1.1,-0.7,7.27,-1.04,-0.66,-4.27
2026-04-02,KEF,9.78,-1.01,-3.65,5.16,-0.95,-3.51,-4.27
2026-04-05,KEF,9.71,-0.72,-2.9,4.86,-0.66,-2.75,-4.27
2026-04-06,KEF,10.05,3.5,1.01,8.06,3.22,0.95,-4.27
2026-04-07,KEF,10.09,0.4,1.0,9.91,0.38,0.95,-4.27
2026-04-08,KEF,10.58,4.86,7.09,13.03,4.64,6.63,-4.27
2026-04-09,KEF,10.58,0.0,8.18,13.03,0.0,7.58,-4.27
2026-04-10,KEF,10.48,-0.95,7.93,9.97,-0.94,7.3,-4.27
2026-04-13,KEF,10.84,3.44,7.86,13.51,3.41,7.49,-4.27
2026-04-15,KEF,10.9,0.55,8.03,13.54,-17.86,-10.75,-4.27
2026-04-16,KEF,10.9,0.0,3.02,13.9,0.0,-15.39,-4.27
2026-04-17,KEF,10.99,0.83,3.88,14.48,0.7,-14.69,-4.27
2026-04-20,KEF,10.98,-0.09,4.77,14.38,-0.08,-13.83,-4.27
2026-04-21,KEF,10.86,-1.09,0.18,9.81,-0.93,-18.17,-4.27
2026-04-22,KEF,10.63,-2.12,-2.48,7.48,-1.79,-2.1,-4.27
2026-04-23,KEF,10.8,1.6,-0.92,8.0,1.32,-0.78,-4.27
2026-04-24,KEF,10.86,0.56,-1.18,8.38,0.47,-1.01,-4.27
2026-04-27,KEF,10.89,0.28,-0.82,9.45,0.23,-0.7,-4.27
2026-04-28,KEF,10.79,-0.92,-0.64,6.31,-0.78,-0.55,-4.27
2026-04-29,KEF,10.64,-1.39,0.09,6.4,-1.16,0.08,-4.27
2026-04-30,KEF,10.57,-0.66,-2.13,6.23,-0.55,-1.79,-4.27
2026-05-04,KEF,10.57,0.0,-2.67,5.81,0.0,-2.26,-4.27
2026-05-05,KEF,10.58,0.09,-2.85,7.09,0.08,-2.41,-4.27
2026-05-06,KEF,10.6,0.19,-1.76,8.38,0.15,-1.48,-4.27
2026-05-07,KEF,10.64,0.38,0.0,9.58,0.32,0.0,-4.27
2026-05-08,KEF,10.52,-1.13,-0.47,4.68,-0.94,-0.39,-4.27
2026-05-11,KEF,10.68,1.52,1.04,5.85,1.25,0.86,-4.27
2026-05-12,KEF,10.7,0.19,1.13,1.13,0.15,0.93,-4.27
2026-05-13,KEF,10.84,1.31,2.26,2.46,1.09,1.87,-4.27
2026-05-14,KEF,10.65,-1.75,0.09,1.62,-1.48,0.07,-4.27
2026-05-15,KEF,10.62,-0.28,0.95,-2.03,5.49,6.5,-4.27
2026-05-18,KEF,10.83,1.98,1.4,-0.64,1.74,6.99,-4.27
2026-05-19,KEF,10.66,-1.57,-0.37,-2.2,-1.41,5.43,-4.27
2026-05-20,KEF,10.74,0.75,-0.92,-2.27,0.67,5.01,-4.27
2026-05-21,KEF,10.68,-0.56,0.28,-2.73,-0.5,5.99,-4.27
2026-05-22,KEF,10.75,0.66,1.22,-1.01,0.58,1.08,-4.27
2026-05-25,KEF,11.0,2.33,1.57,3.48,2.08,1.42,-4.27
2026-05-26,KEF,10.99,-0.09,3.1,1.76,-0.08,2.75,-4.27
2026-05-27,KEF,11.0,0.09,2.42,1.29,0.08,2.16,-4.27
2026-06-01,KEF,10.9,-0.91,2.06,0.09,-0.83,1.83,-4.27
2026-06-02,KEF,10.87,-0.28,1.12,0.74,-0.25,1.0,-4.27
2026-06-03,KEF,11.0,1.2,0.0,3.38,1.08,0.0,-4.27
2026-06-04,KEF,10.91,-0.82,-0.73,3.22,-0.75,-0.67,-4.27
2026-06-05,KEF,10.9,-0.09,-0.91,3.12,-0.08,-0.83,-4.27
2026-06-08,KEF,10.86,-0.37,-0.37,2.65,-0.34,-0.34,-4.27
2026-06-09,KEF,10.75,-1.01,-1.1,1.42,-0.91,-1.0,-4.27
2026-06-10,KEF,10.79,0.37,-1.91,1.41,0.33,-1.75,-4.27
2026-06-11,KEF,10.72,-0.65,-1.74,1.9,-0.58,-1.58,-4.27
2026-06-12,KEF,10.85,1.21,-0.46,1.59,1.08,-0.42,-4.27
2026-06-15,KEF,10.9,0.46,0.37,1.87,0.87,0.79,-4.27
2026-06-16,KEF,10.8,-0.92,0.47,-0.37,-0.83,0.87,-4.27
2026-06-17,KEF,10.85,0.46,0.56,1.88,0.41,0.95,-4.27
2026-06-18,KEF,11.0,1.38,2.61,3.58,1.26,2.79,-4.27
2026-06-19,KEF,10.75,-2.27,-0.92,-0.74,-2.09,-0.38,-4.27
2026-06-22,KEF,10.51,-2.23,-3.58,-1.41,-2.01,-3.26,-4.27
2026-06-23,KEF,10.38,-1.24,-3.89,-3.35,-1.09,-3.52,-4.27
2026-06-24,KEF,10.54,1.54,-2.86,-1.31,1.34,-2.59,-4.27
2026-06-25,KEF,10.4,-1.33,-5.45,-3.26,-1.17,-5.02,-4.27
2026-06-26,KEF,10.71,2.98,-0.37,-2.64,2.59,-0.34,-4.27
2026-06-29,KEF,10.79,0.75,2.66,-1.82,0.67,2.34,-4.27
2026-06-30,KEF,10.52,-2.5,1.35,-4.36,-2.26,1.17,-4.27
2026-07-01,KEF,10.56,0.38,0.19,-3.12,0.34,0.17,-4.27
2026-07-02,KEF,10.61,0.47,2.02,-2.39,0.42,1.76,-4.27
2026-07-03,KEF,10.79,1.7,0.75,-1.91,1.5,0.67,-4.27
2026-07-06,KEF,10.65,-1.3,-1.3,-2.38,-1.17,-1.17,-4.27
2026-07-07,KEF,10.3,-3.29,-2.09,-5.5,-2.93,-1.84,-4.27
2026-07-08,KEF,10.33,0.29,-2.18,-4.88,0.25,-1.93,-4.27
2026-07-10,KEF,11.16,8.03,5.18,3.81,6.95,4.6,-4.27
2026-07-13,KEF,10.66,-4.48,-1.2,-1.2,-4.18,-1.08,-4.27
2026-07-14,KEF,10.5,-1.5,-1.41,-2.05,-1.34,-1.25,-4.27
2026-07-15,KEF,10.32,-1.71,0.19,-4.88,-1.51,0.17,-4.27
2026-07-16,KEF,10.16,-1.55,-1.65,-6.79,-1.34,-1.42,-4.27
2026-07-17,KEF,10.34,1.77,-7.35,-4.26,1.51,-6.86,-4.27
2026-07-20,KEF,10.5,1.55,-1.5,-3.23,1.34,-1.34,-4.27
2026-07-21,KEF,10.4,-0.95,-0.95,-5.45,-0.84,-0.84,-4.27
2026-07-22,KEF,10.63,2.21,3.0,-1.12,1.92,2.59,-4.27
2026-07-23,KEF,10.5,-1.22,3.35,-0.1,-1.08,2.85,-4.27
2026-07-24,KEF,10.69,1.81,3.38,2.99,1.59,2.93,-4.27
2026-07-27,KEF,10.68,-0.09,1.71,1.33,-0.09,1.5,-4.27
2026-07-28,KEF,10.54,-1.31,1.35,1.35,-1.17,1.17,-4.27
2026-07-29,KEF,10.35,-1.8,-2.63,-3.36,-1.59,-2.34,-4.27
2026-07-30,KEF,10.28,-0.68,-2.1,-4.73,-0.58,-1.84,-4.27
2026-07-31,KEF,10.3,0.19,-3.65,-2.09,0.16,-3.27,-4.27
2026-08-03,KEF,10.4,0.97,-2.62,-1.52,4.72,1.54,-4.27
2026-08-04,KEF,10.46,0.58,-0.76,-1.41,0.52,3.23,-4.27
2026-08-06,KEF,10.5,0.38,1.45,-2.69,0.35,5.17,-4.27
2026-08-07,KEF,10.5,0.0,2.14,-1.41,0.0,5.75,-4.27
2026-08-10,KEF,10.8,2.86,4.85,4.85,2.63,8.22,-4.27
2026-08-11,KEF,10.74,-0.56,3.27,3.97,-0.53,2.97,-4.27
2026-08-12,KEF,10.83,0.84,3.54,-2.96,0.79,3.24,-4.27
2026-08-13,KEF,10.97,1.29,4.48,2.91,1.22,4.11,-4.27
2026-08-14,KEF,10.9,-0.64,3.81,3.81,-0.61,3.5,-4.27
2026-08-17,KEF,11.0,0.92,1.85,6.59,0.87,1.74,-4.27
2026-02-09,KSY,9.34,,,,,,-2.65
2026-02-10,KSY,9.4,0.64,,,0.59,,-2.65
2026-02-11,KSY,9.58,1.91,,,1.75,,-2.65
2026-02-12,KSY,9.58,0.0,,,0.18,,-2.65
2026-02-16,KSY,9.39,-1.98,,,-1.85,,-2.65
2026-02-17,KSY,9.68,3.09,3.64,,2.83,3.5,-2.65
2026-02-22,KSY,9.43,-2.58,0.32,,-2.44,0.47,-2.65
2026-02-23,KSY,9.33,-1.06,-2.61,,-0.98,-2.26,-2.65
2026-02-24,KSY,9.7,3.97,1.25,,3.62,1.18,-2.65
2026-02-25,KSY,9.33,-3.81,-0.64,,-3.62,-0.59,-2.65
2026-02-26,KSY,9.32,-0.11,-3.72,,-0.09,-3.51,-2.65
2026-03-01,KSY,9.4,0.86,-0.32,,0.78,-0.29,-2.65
2026-03-03,KSY,9.58,1.91,2.68,,1.75,2.44,-2.65
2026-03-09,KSY,9.58,0.0,-1.24,,0.0,-1.18,-2.65
2026-03-10,KSY,9.46,-1.25,1.39,,-1.17,1.27,-2.65
2026-03-11,KSY,9.95,5.18,6.76,,4.79,6.15,-2.65
2026-03-12,KSY,9.58,-3.72,1.91,,-3.62,1.75,-2.65
2026-03-15,KSY,9.8,2.3,2.3,,-2.39,-2.39,-2.65
2026-03-16,KSY,9.49,-3.16,-0.94,,-2.88,-5.27,-2.65
2026-03-17,KSY,9.67,1.9,2.22,,1.67,-2.43,-2.65
2026-03-19,KSY,9.81,1.45,-1.41,,1.31,-5.91,-2.65
2026-03-22,KSY,9.9,0.92,3.34,,0.83,-1.46,-2.65
2026-03-23,KSY,9.75,-1.52,-0.51,4.39,-1.39,-0.46,-2.65
2026-03-24,KSY,9.8,0.51,3.27,4.26,0.46,2.88,-2.65
2026-03-25,KSY,9.9,1.02,2.38,3.34,0.93,2.14,-2.65
2026-03-26,KSY,9.77,-1.31,-0.41,1.98,-1.21,-0.38,-2.65
2026-03-29,KSY,9.85,0.82,-0.51,4.9,0.75,-0.46,-2.65
2026-03-30,KSY,9.75,-1.02,0.0,0.72,-0.93,0.0,-2.65
2026-03-31,KSY,9.75,0.0,-0.51,3.39,0.0,-0.46,-2.65
2026-04-01,KSY,9.58,-1.74,-3.23,2.68,-1.58,-2.97,-2.65
2026-04-02,KSY,9.58,0.0,-1.94,-1.24,0.0,-1.76,-2.65
2026-04-05,KSY,9.6,0.21,-2.54,2.89,0.18,-2.33,-2.65
2026-04-06,KSY,9.59,-0.1,-1.64,2.9,-0.09,-1.49,-2.65
2026-04-07,KSY,9.44,-1.56,-3.18,0.43,-1.4,-2.89,-2.65
2026-04-08,KSY,9.45,0.11,-1.36,-1.36,0.1,-1.21,-2.65
2026-04-09,KSY,9.65,2.12,0.73,0.73,1.86,0.65,-2.65
2026-04-10,KSY,9.64,-0.1,0.42,1.9,-0.1,0.37,-2.65
2026-04-13,KSY,9.5,-1.45,-0.94,-4.52,-2.03,-1.57,-2.65
2026-04-16,KSY,9.6,1.05,1.69,0.21,0.92,0.75,-2.65
2026-04-17,KSY,9.76,1.67,3.28,-0.41,1.48,2.13,-2.65
2026-04-20,KSY,9.7,-0.61,0.52,2.21,-0.56,-0.29,-2.65
2026-04-21,KSY,9.76,0.62,1.24,0.93,0.56,0.37,-2.65
2026-04-22,KSY,9.53,-2.36,0.32,-2.85,-2.12,0.28,-2.65
2026-04-23,KSY,9.6,0.73,0.0,-3.03,0.64,0.0,-2.65
2026-04-24,KSY,9.86,2.71,1.02,1.13,2.4,0.92,-2.65
2026-04-27,KSY,9.61,-2.54,-0.93,-1.94,-2.31,-0.83,-2.65
2026-04-28,KSY,9.49,-1.25,-2.77,-4.14,-1.1,-2.49,-2.65
2026-04-29,KSY,9.59,1.05,0.63,-1.84,0.92,0.55,-2.65
2026-04-30,KSY,9.51,-0.83,-0.94,-3.45,-0.74,-0.83,-2.65
2026-05-04,KSY,9.51,0.0,-3.55,-2.46,0.0,-3.23,-2.65
2026-05-05,KSY,9.31,-2.1,-3.12,-4.51,-1.84,-2.76,-2.65
2026-05-06,KSY,9.5,2.04,0.11,-0.84,1.75,0.09,-2.65
2026-05-07,KSY,9.5,0.0,-0.94,-0.84,0.0,-0.83,-2.65
2026-05-08,KSY,9.3,-2.11,-2.21,-3.12,-1.85,-1.94,-2.65
2026-05-11,KSY,9.74,4.73,2.42,1.56,4.06,2.12,-2.65
2026-05-12,KSY,9.74,0.0,4.62,3.18,0.0,3.96,-2.65
2026-05-13,KSY,9.75,0.1,2.63,3.17,0.09,2.3,-2.65
2026-05-14,KSY,9.41,-3.49,-0.95,-2.49,-0.66,1.64,-2.65
2026-05-15,KSY,9.4,-0.11,1.08,-2.49,-0.1,3.39,-2.65
2026-05-18,KSY,9.46,0.64,-2.87,-0.42,0.57,-0.1,-2.65
2026-05-19,KSY,9.57,1.16,-1.75,-0.31,1.05,0.95,-2.65
2026-05-20,KSY,9.79,2.3,0.41,0.31,2.08,2.94,-2.65
2026-05-21,KSY,9.79,0.0,4.04,0.93,0.0,3.6,-2.65
2026-05-22,KSY,9.8,0.1,4.26,0.41,0.1,3.8,-2.65
2026-05-25,KSY,9.9,1.02,4.65,3.88,0.95,4.18,-2.65
2026-05-26,KSY,9.74,-1.62,1.78,1.46,-1.52,1.61,-2.65
2026-05-27,KSY,9.83,0.92,0.41,-0.3,0.85,0.38,-2.65
2026-06-01,KSY,9.67,-1.63,-1.23,0.62,-1.51,-1.13,-2.65
2026-06-02,KSY,9.8,1.34,0.0,3.27,1.23,0.0,-2.65
2026-06-03,KSY,9.72,-0.82,-1.82,1.36,-0.76,-1.71,-2.65
2026-06-04,KSY,9.7,-0.21,-0.41,2.0,-0.19,-0.38,-2.65
2026-06-05,KSY,9.75,0.52,-0.81,2.52,0.47,-0.76,-2.65
2026-06-08,KSY,9.76,0.1,0.93,4.83,0.1,0.85,-2.65
2026-06-09,KSY,9.82,0.61,0.2,3.37,0.57,0.19,-2.65
2026-06-10,KSY,9.93,1.12,2.16,4.53,1.04,1.99,-2.65
2026-06-11,KSY,9.77,-1.61,0.72,5.05,-1.52,0.66,-2.65
2026-06-12,KSY,9.69,-0.82,-0.62,-0.51,-0.75,-0.56,-2.65
2026-06-15,KSY,9.76,0.72,0.0,0.21,0.4,-0.26,-2.65
2026-06-16,KSY,9.65,-1.13,-1.73,-1.03,-1.04,-1.87,-2.65
2026-06-17,KSY,9.75,1.04,-1.81,3.61,0.94,-1.97,-2.65
2026-06-18,KSY,9.83,0.82,0.61,4.57,0.76,0.31,-2.65
2026-06-19,KSY,9.9,0.71,2.17,4.65,0.66,1.72,-2.65
2026-06-22,KSY,9.91,0.1,1.54,3.55,0.1,1.42,-2.65
2026-06-23,KSY,9.78,-1.31,1.35,-0.1,-1.23,1.23,-2.65
2026-06-24,KSY,9.75,-0.31,0.0,-0.41,-0.29,0.0,-2.65
2026-06-25,KSY,9.75,0.0,-0.81,-0.51,0.0,-0.76,-2.65
2026-06-26,KSY,9.65,-1.03,-2.53,-2.53,-0.94,-2.36,-2.65
2026-06-29,KSY,9.8,1.55,-1.11,0.62,1.42,-1.04,-2.65
2026-06-30,KSY,9.65,-1.53,-1.33,-1.83,-1.42,-1.23,-2.65
2026-07-01,KSY,9.99,3.52,2.46,3.31,3.21,2.27,-2.65
2026-07-02,KSY,9.72,-2.7,-0.31,-0.82,-2.55,-0.28,-2.65
2026-07-03,KSY,9.75,0.31,1.04,0.31,0.28,0.94,-2.65
2026-07-06,KSY,9.67,-0.82,-1.33,-0.31,-0.75,-1.23,-2.65
2026-07-07,KSY,9.2,-4.86,-4.66,-5.64,-4.45,-4.26,-2.65
2026-07-08,KSY,9.57,4.02,-4.2,-1.95,3.5,-3.97,-2.65
2026-07-10,KSY,9.7,1.36,-0.21,-1.22,1.23,-0.19,-2.65
2026-07-13,KSY,9.5,-2.06,-2.56,-4.33,-1.89,-2.36,-2.65
2026-07-14,KSY,9.8,3.16,1.34,0.31,2.84,1.23,-2.65
2026-07-15,KSY,9.75,-0.51,5.98,0.62,-0.48,5.2,-2.65
2026-07-16,KSY,10.03,2.87,4.81,2.77,5.23,6.93,-2.65
2026-07-17,KSY,9.75,-2.79,0.52,1.04,-2.72,2.98,-2.65
2026-07-20,KSY,9.75,0.0,2.63,0.0,0.0,4.87,-2.65
2026-07-21,KSY,10.0,2.56,2.04,1.73,2.43,4.46,-2.65
2026-07-22,KSY,9.76,-2.4,0.1,-1.41,-2.33,2.61,-2.65
2026-07-23,KSY,9.75,-0.1,-2.79,-1.61,-0.1,-2.72,-2.65
2026-07-24,KSY,9.55,-2.05,-2.05,-2.35,-1.94,-1.94,-2.65
2026-07-27,KSY,9.83,2.93,0.82,0.82,2.72,0.78,-2.65
2026-07-28,KSY,9.95,1.22,-0.5,2.05,1.17,-0.48,-2.65
2026-07-29,KSY,9.9,-0.5,1.43,2.59,-0.49,1.36,-2.65
2026-07-30,KSY,9.9,0.0,1.54,1.02,0.0,1.46,-2.65
2026-07-31,KSY,9.79,-1.11,2.51,1.45,-1.07,2.33,-2.65
2026-08-03,KSY,9.85,0.61,0.2,-1.4,0.58,0.19,-2.65
2026-08-04,KSY,9.75,-1.02,-2.01,0.31,-0.97,-1.95,-2.65
2026-08-06,KSY,9.5,-2.56,-4.04,-2.56,-2.43,-3.89,-2.65
2026-08-07,KSY,9.52,0.21,-3.84,-1.55,0.2,-3.69,-2.65
2026-08-10,KSY,9.47,-0.53,-3.27,2.93,-0.49,-3.11,-2.65
2026-08-11,KSY,9.33,-1.48,-5.28,-2.51,-1.36,-5.05,-2.65
2026-08-12,KSY,9.36,0.32,-4.0,-3.51,0.29,-3.79,-2.65
2026-08-13,KSY,9.3,-0.64,-2.11,-2.11,-0.58,-1.94,-2.65
2026-08-14,KSY,9.11,-2.04,-4.31,-7.04,-1.85,-3.99,-2.65
2026-08-17,KSY,9.25,1.54,-2.32,-5.13,1.36,-2.14,-2.65
2026-02-09,LUK,9.85,,,,,,-1.17
2026-02-10,LUK,9.95,1.02,,,0.85,,-1.17
2026-02-11,LUK,9.89,-0.6,,,-0.51,,-1.17
2026-02-12,LUK,9.9,0.1,,,0.09,,-1.17
2026-02-16,LUK,9.9,0.0,,,0.0,,-1.17
2026-02-17,LUK,9.7,-2.02,-1.52,,-1.72,-1.29,-1.17
2026-02-22,LUK,9.7,0.0,-2.51,,0.0,-2.14,-1.17
2026-02-23,LUK,9.94,2.47,0.51,,2.06,0.43,-1.17
2026-02-24,LUK,9.75,-1.91,-1.52,,-1.63,-1.29,-1.17
2026-02-25,LUK,9.77,0.21,-1.31,,0.17,-1.12,-1.17
2026-02-26,LUK,9.8,0.31,1.03,,0.26,0.86,-1.17
2026-03-01,LUK,9.8,0.0,1.03,,0.0,0.86,-1.17
2026-03-03,LUK,9.7,-1.02,-2.41,,-0.86,-2.06,-1.17
2026-03-09,LUK,9.7,0.0,-0.51,,0.0,-0.43,-1.17
2026-03-10,LUK,9.8,1.03,0.31,,0.86,0.26,-1.17
2026-03-11,LUK,9.99,1.94,1.94,,1.63,1.63,-1.17
2026-03-12,LUK,10.0,0.1,2.04,,0.08,1.71,-1.17
2026-03-15,LUK,9.91,-0.9,2.16,,-0.77,1.8,-1.17
2026-03-16,LUK,9.75,-1.61,0.52,,-1.37,0.43,-1.17
2026-03-17,LUK,9.94,1.95,1.43,,1.63,1.2,-1.17
2026-03-19,LUK,10.0,0.6,0.1,,0.51,0.08,-1.17
2026-03-22,LUK,10.0,0.0,0.0,,0.0,0.0,-1.17
2026-03-23,LUK,10.0,0.0,0.91,1.52,0.0,0.77,-1.17
2026-03-24,LUK,10.0,0.0,2.56,0.5,0.0,2.14,-1.17
2026-03-25,LUK,10.0,0.0,0.6,1.11,0.0,0.51,-1.17
2026-03-26,LUK,10.09,0.9,0.9,1.92,0.78,0.78,-1.17
2026-03-29,LUK,10.1,0.1,1.0,2.02,0.08,0.86,-1.17
2026-03-30,LUK,10.0,-0.99,0.0,3.09,-0.86,0.0,-1.17
2026-03-31,LUK,9.86,-1.4,-1.4,1.65,-1.2,-1.2,-1.17
2026-04-01,LUK,9.85,-0.1,-1.5,-0.91,-0.08,-1.28,-1.17
2026-04-02,LUK,9.79,-0.61,-2.97,0.41,-0.52,-2.58,-1.17
2026-04-05,LUK,9.65,-1.43,-4.46,-1.23,-1.2,-3.86,-1.17
2026-04-06,LUK,9.84,1.97,-1.6,0.41,1.63,-1.37,-1.17
2026-04-07,LUK,9.7,-1.42,-1.62,-1.02,-1.2,-1.37,-1.17
2026-04-08,LUK,9.89,1.96,0.41,1.96,1.63,0.34,-1.17
2026-04-09,LUK,9.71,-1.82,-0.82,0.1,-1.54,-0.68,-1.17
2026-04-10,LUK,9.85,1.44,2.07,0.51,1.2,1.72,-1.17
2026-04-13,LUK,10.05,2.03,2.13,0.6,1.71,1.8,-1.17
2026-04-15,LUK,10.0,-0.5,3.09,0.0,-0.43,2.57,-1.17
2026-04-16,LUK,10.19,1.9,3.03,2.83,1.63,2.57,-1.17
2026-04-17,LUK,10.0,-1.86,2.99,2.56,-1.63,2.48,-1.17
2026-04-20,LUK,10.1,1.0,2.54,1.61,0.86,2.14,-1.17
2026-04-21,LUK,9.91,-1.88,-1.39,-0.9,-1.63,-1.2,-1.17
2026-04-22,LUK,9.91,0.0,-0.9,-0.9,0.0,-0.77,-1.17
2026-04-23,LUK,9.91,0.0,-2.75,-0.9,0.0,-2.4,-1.17
2026-04-24,LUK,9.67,-2.42,-3.3,-3.3,-2.06,-2.83,-1.17
2026-04-27,LUK,9.92,2.59,-1.78,-0.8,2.15,-1.54,-1.17
2026-04-28,LUK,9.84,-0.81,-0.71,-2.48,-0.69,-0.6,-1.17
2026-04-29,LUK,9.84,0.0,-0.71,-2.57,0.0,-0.6,-1.17
2026-04-30,LUK,9.94,1.02,0.3,-0.6,0.86,0.26,-1.17
2026-05-04,LUK,9.95,0.1,2.9,0.91,0.08,2.4,-1.17
2026-05-05,LUK,9.95,0.0,0.3,1.02,0.0,0.25,-1.17
2026-05-06,LUK,10.0,0.5,1.63,2.15,0.43,1.37,-1.17
2026-05-07,LUK,10.1,1.0,2.64,4.66,0.86,2.23,-1.17
2026-05-08,LUK,10.0,-0.99,0.6,1.63,-0.86,0.51,-1.17
2026-05-11,LUK,9.95,-0.5,0.0,2.58,-0.43,0.0,-1.17
2026-05-12,LUK,10.19,2.41,2.41,3.03,2.06,2.06,-1.17
2026-05-13,LUK,10.19,0.0,1.9,4.94,0.0,1.63,-1.17
2026-05-14,LUK,9.96,-2.26,-1.39,1.12,-1.97,-1.2,-1.17
2026-05-15,LUK,10.1,1.41,1.0,0.5,1.2,0.86,-1.17
2026-05-18,LUK,9.96,-1.39,0.1,-0.4,-1.2,0.09,-1.17
2026-05-19,LUK,10.0,0.4,-1.86,-1.86,0.34,-1.63,-1.17
2026-05-20,LUK,10.0,0.0,-1.86,0.0,0.0,-1.63,-1.17
2026-05-21,LUK,9.93,-0.7,-0.3,-1.68,-0.6,-0.26,-1.17
2026-05-22,LUK,9.95,0.2,-1.49,0.4,0.17,-1.29,-1.17
2026-05-25,LUK,10.0,0.5,0.4,0.91,0.43,0.34,-1.17
2026-05-26,LUK,10.2,2.0,2.0,2.93,1.72,1.72,-1.17
2026-05-27,LUK,10.15,-0.49,1.5,4.96,-0.43,1.29,-1.17
2026-06-01,LUK,10.15,0.0,2.22,2.32,0.0,1.89,-1.17
2026-06-02,LUK,10.0,-1.48,0.5,1.63,-1.29,0.43,-1.17
2026-06-03,LUK,10.0,0.0,0.0,1.63,0.0,0.0,-1.17
2026-06-04,LUK,10.15,1.5,-0.49,2.11,1.29,-0.43,-1.17
2026-06-05,LUK,9.94,-2.07,-2.07,-0.1,-1.8,-1.8,-1.17
2026-06-08,LUK,10.3,3.62,1.48,3.52,3.09,1.29,-1.17
2026-06-09,LUK,10.3,0.0,3.0,3.0,0.0,2.58,-1.17
2026-06-10,LUK,10.1,-1.94,1.0,0.0,-1.72,0.86,-1.17
2026-06-11,LUK,9.9,-1.98,-2.46,-1.0,-1.71,-2.14,-1.17
2026-06-12,LUK,10.0,1.01,0.6,0.5,0.85,0.51,-1.17
2026-06-15,LUK,10.04,0.4,-2.52,-1.47,0.35,-2.23,-1.17
2026-06-16,LUK,10.2,1.59,-0.97,0.1,1.37,-0.86,-1.17
2026-06-17,LUK,9.87,-3.24,-2.28,-0.9,-2.83,-1.97,-1.17
2026-06-18,LUK,10.0,1.32,1.01,-0.99,1.11,0.85,-1.17
2026-06-19,LUK,10.0,0.0,0.0,0.4,0.0,0.0,-1.17
2026-06-22,LUK,10.2,2.0,1.59,2.0,1.72,1.37,-1.17
2026-06-23,LUK,10.81,5.98,5.98,8.1,5.23,5.23,-1.17
2026-06-24,LUK,10.79,-0.19,9.32,8.66,-0.17,7.89,-1.17
2026-06-25,LUK,10.54,-2.32,5.4,5.93,-2.15,4.63,-1.17
2026-06-26,LUK,10.25,-2.75,2.5,2.5,-2.48,2.15,-1.17
2026-06-29,LUK,10.05,-1.95,-1.47,-1.47,-1.72,-1.29,-1.17
2026-06-30,LUK,10.01,-0.4,-7.4,-1.38,-0.34,-6.86,-1.17
2026-07-01,LUK,10.2,1.9,-5.47,0.49,1.63,-5.06,-1.17
2026-07-02,LUK,10.0,-1.96,-5.12,0.0,-1.72,-4.63,-1.17
2026-07-03,LUK,10.01,0.1,-2.34,0.1,0.09,-2.06,-1.17
2026-07-06,LUK,10.5,4.9,4.48,3.45,4.2,3.86,-1.17
2026-07-07,LUK,10.4,-0.95,3.9,4.63,-0.86,3.34,-1.17
2026-07-08,LUK,10.3,-0.96,0.98,0.0,-0.85,0.86,-1.17
2026-07-10,LUK,10.0,-2.91,0.0,-2.91,-2.58,0.0,-1.17
2026-07-13,LUK,10.0,0.0,-0.1,-0.99,0.0,-0.09,-1.17
2026-07-14,LUK,9.9,-1.0,-5.71,0.0,-0.85,-5.14,-1.17
2026-07-15,LUK,9.9,0.0,-4.81,-1.0,0.0,-4.28,-1.17
2026-07-16,LUK,9.9,0.0,-3.88,-1.39,0.0,-3.43,-1.17
2026-07-17,LUK,10.49,5.96,4.9,2.84,5.06,4.21,-1.17
2026-07-20,LUK,9.95,-5.15,-0.5,0.81,-4.64,-0.43,-1.17
2026-07-21,LUK,9.99,0.4,0.91,-0.1,0.35,0.77,-1.17
2026-07-22,LUK,9.76,-2.3,-1.41,-2.4,-1.98,-1.21,-1.17
2026-07-23,LUK,10.06,3.07,1.62,-1.37,2.58,1.37,-1.17
2026-07-24,LUK,9.76,-2.98,-6.96,-9.71,-2.58,-6.27,-1.17
2026-07-27,LUK,10.0,2.46,0.5,-7.32,2.06,0.43,-1.17
2026-07-29,LUK,10.79,7.9,8.01,2.37,6.78,6.86,-1.17
2026-07-30,LUK,10.46,-3.06,7.17,2.05,-2.83,6.01,-1.17
2026-07-31,LUK,10.2,-2.49,1.39,1.49,-2.23,1.2,-1.17
2026-08-03,LUK,10.5,2.94,7.58,4.9,2.57,6.35,-1.17
2026-08-04,LUK,10.5,0.0,5.0,2.94,0.0,4.29,-1.17
2026-08-06,LUK,10.7,1.9,-0.83,7.0,1.72,-0.77,-1.17
2026-08-07,LUK,10.69,-0.09,2.2,6.79,-0.09,1.97,-1.17
2026-08-10,LUK,10.06,-5.89,-1.37,-4.19,-5.4,-1.2,-1.17
2026-08-11,LUK,10.59,5.27,0.86,1.83,4.54,0.77,-1.17
2026-08-12,LUK,10.15,-4.15,-3.33,-1.46,-3.77,-3.0,-1.17
2026-08-13,LUK,9.73,-4.14,-9.07,-2.7,-3.6,-8.32,-1.17
2026-08-14,LUK,9.8,0.72,-8.33,-2.0,0.6,-7.63,-1.17
2026-08-17,LUK,10.6,8.16,5.37,7.07,6.86,4.63,-1.17
2026-02-09,LVF2,9.5,,,,,,-1.93
2026-02-10,LVF2,9.45,-0.53,,,-0.44,,-1.93
2026-02-11,LVF2,9.5,0.53,,,0.44,,-1.93
2026-02-12,LVF2,9.64,1.47,,,1.23,,-1.93
2026-02-16,LVF2,9.71,0.73,,,0.61,,-1.93
2026-02-17,LVF2,9.54,-1.75,0.42,,-1.49,0.35,-1.93
2026-02-22,LVF2,9.48,-0.63,0.32,,-0.52,0.27,-1.93
2026-02-23,LVF2,9.62,1.48,1.26,,1.22,1.05,-1.93
2026-02-24,LVF2,9.5,-1.25,-1.45,,-1.05,-1.23,-1.93
2026-02-25,LVF2,9.51,0.11,-2.06,,0.09,-1.75,-1.93
2026-02-26,LVF2,9.7,2.0,1.68,,1.66,1.4,-1.93
2026-03-01,LVF2,9.6,-1.03,1.27,,-0.87,1.05,-1.93
2026-03-03,LVF2,9.79,1.98,1.77,,1.66,1.49,-1.93
2026-03-09,LVF2,9.79,0.0,3.05,,0.0,2.54,-1.93
2026-03-10,LVF2,9.82,0.31,3.26,,0.26,2.71,-1.93
2026-03-11,LVF2,9.93,1.12,2.37,,0.97,2.02,-1.93
2026-03-12,LVF2,9.98,0.5,3.96,,0.44,3.33,-1.93
2026-03-15,LVF2,9.84,-1.4,0.51,,-1.23,0.44,-1.93
2026-03-16,LVF2,9.87,0.3,0.82,,0.26,0.7,-1.93
2026-03-17,LVF2,9.95,0.81,1.32,,0.7,1.14,-1.93
2026-03-19,LVF2,10.01,0.6,0.81,,0.53,0.7,-1.93
2026-03-22,LVF2,9.9,-1.1,-0.8,,-0.96,-0.7,-1.93
2026-03-23,LVF2,10.0,1.01,1.63,5.26,0.87,1.4,-1.93
2026-03-24,LVF2,9.99,-0.1,1.22,5.71,-0.09,1.05,-1.93
2026-03-25,LVF2,9.95,-0.4,0.0,4.74,-0.35,0.0,-1.93
2026-03-26,LVF2,10.0,0.5,-0.1,3.73,0.44,-0.09,-1.93
2026-03-29,LVF2,9.9,-1.0,0.0,1.96,-0.87,0.0,-1.93
2026-03-30,LVF2,9.85,-0.51,-1.5,3.25,-0.44,-1.31,-1.93
2026-03-31,LVF2,9.86,0.1,-1.3,4.01,0.09,-1.13,-1.93
2026-04-01,LVF2,10.0,1.42,0.5,3.95,1.22,0.44,-1.93
2026-04-02,LVF2,9.83,-1.7,-1.7,3.47,-1.49,-1.49,-1.93
2026-04-05,LVF2,9.78,-0.51,-1.21,2.84,-0.44,-1.06,-1.93
2026-04-06,LVF2,9.6,-1.84,-2.54,-1.03,-1.57,-2.19,-1.93
2026-04-07,LVF2,9.6,0.0,-2.64,0.0,0.0,-2.28,-1.93
2026-04-08,LVF2,9.91,3.23,-0.9,1.23,2.71,-0.79,-1.93
2026-04-09,LVF2,9.9,-0.1,0.71,1.12,-0.08,0.62,-1.93
2026-04-10,LVF2,9.9,0.0,1.23,0.81,0.0,1.06,-1.93
2026-04-13,LVF2,9.86,-0.4,2.71,-0.7,-0.35,2.28,-1.93
2026-04-15,LVF2,10.0,1.42,4.17,0.2,1.22,3.5,-1.93
2026-04-16,LVF2,9.92,-0.8,0.1,0.81,-0.7,0.09,-1.93
2026-04-17,LVF2,10.0,0.81,1.01,1.32,0.7,0.87,-1.93
2026-04-20,LVF2,9.83,-1.7,-0.71,-1.21,-1.49,-0.62,-1.93
2026-04-21,LVF2,9.9,0.71,0.41,-1.1,0.62,0.35,-1.93
2026-04-22,LVF2,10.14,2.42,1.4,2.42,2.1,1.23,-1.93
2026-04-23,LVF2,9.9,-2.37,-0.2,-1.0,-2.1,-0.17,-1.93
2026-04-24,LVF2,9.86,-0.4,-1.4,-1.3,-0.35,-1.22,-1.93
2026-04-27,LVF2,10.15,2.94,3.26,2.01,2.54,2.81,-1.93
2026-04-28,LVF2,10.16,0.1,2.63,1.6,0.08,2.27,-1.93
2026-04-29,LVF2,10.2,0.39,0.59,3.03,0.36,0.53,-1.93
2026-04-30,LVF2,10.2,0.0,3.03,3.55,0.0,2.63,-1.93
2026-05-04,LVF2,10.19,-0.1,3.35,3.35,-0.09,2.89,-1.93
2026-05-05,LVF2,9.95,-2.36,-1.97,-0.5,-2.11,-1.76,-1.93
2026-05-06,LVF2,9.71,-2.41,-4.43,-1.22,-2.1,-3.94,-1.93
2026-05-07,LVF2,9.54,-1.75,-6.47,-2.45,-1.49,-5.79,-1.93
2026-05-08,LVF2,9.51,-0.31,-6.76,-0.94,-0.26,-6.05,-1.93
2026-05-11,LVF2,9.4,-1.16,-7.75,-2.08,-0.97,-6.93,-1.93
2026-05-12,LVF2,9.61,2.23,-3.42,-3.03,1.84,-2.98,-1.93
2026-05-13,LVF2,9.62,0.1,-0.93,-2.83,0.09,-0.79,-1.93
2026-05-14,LVF2,9.66,0.42,1.26,-2.42,0.35,1.05,-1.93
2026-05-15,LVF2,9.89,2.38,4.0,0.3,2.02,3.33,-1.93
2026-05-18,LVF2,9.64,-2.53,2.55,-3.6,-2.19,2.11,-1.93
2026-05-19,LVF2,9.56,-0.83,-0.52,-3.63,-0.7,-0.43,-1.93
2026-05-20,LVF2,9.73,1.78,1.14,-2.7,1.49,0.97,-1.93
2026-05-21,LVF2,9.8,0.72,1.45,-0.31,0.61,1.23,-1.93
2026-05-22,LVF2,10.0,2.04,1.11,1.01,1.75,0.96,-1.93
2026-05-25,LVF2,9.95,-0.5,3.22,-1.87,-0.44,2.71,-1.93
2026-05-26,LVF2,9.92,-0.3,3.77,0.2,-0.26,3.15,-1.93
2026-05-27,LVF2,10.0,0.81,2.77,1.42,0.7,2.36,-1.93
2026-06-01,LVF2,10.0,0.0,2.04,-1.48,0.0,1.75,-1.93
2026-06-02,LVF2,9.9,-1.0,-1.0,-2.56,-0.87,-0.87,-1.93
2026-06-03,LVF2,10.3,4.04,3.52,0.98,3.5,3.07,-1.93
2026-06-04,LVF2,10.01,-2.82,0.91,-1.86,-2.54,0.79,-1.93
2026-06-05,LVF2,9.96,-0.5,-0.4,-2.26,-0.44,-0.35,-1.93
2026-06-08,LVF2,9.9,-0.6,-1.0,-0.5,-0.52,-0.87,-1.93
2026-06-09,LVF2,9.86,-0.4,-0.4,1.54,-0.35,-0.35,-1.93
2026-06-10,LVF2,9.8,-0.61,-4.85,2.73,-0.53,-4.38,-1.93
2026-06-11,LVF2,9.75,-0.51,-2.6,2.52,-0.44,-2.28,-1.93
2026-06-12,LVF2,9.82,0.72,-1.41,4.47,0.61,-1.23,-1.93
2026-06-15,LVF2,9.76,-0.61,-1.41,1.56,-0.52,-1.23,-1.93
2026-06-16,LVF2,9.67,-0.92,-1.93,0.52,-0.79,-1.67,-1.93
2026-06-17,LVF2,9.85,1.86,0.51,1.97,1.58,0.44,-1.93
2026-06-18,LVF2,10.14,2.94,4.0,2.53,2.54,3.42,-1.93
2026-06-19,LVF2,9.87,-2.66,0.51,2.39,-2.37,0.44,-1.93
2026-06-22,LVF2,9.81,-0.61,0.51,2.62,-0.52,0.44,-1.93
2026-06-23,LVF2,9.8,-0.1,1.34,0.72,-0.09,1.14,-1.93
2026-06-24,LVF2,9.75,-0.51,-1.02,-0.51,-0.44,-0.88,-1.93
2026-06-25,LVF2,9.8,0.51,-3.35,-2.0,0.44,-2.98,-1.93
2026-06-26,LVF2,9.8,0.0,-0.71,-1.51,0.0,-0.61,-1.93
2026-06-29,LVF2,10.0,2.04,1.94,0.81,1.75,1.66,-1.93
2026-06-30,LVF2,10.19,1.9,3.98,1.9,1.67,3.42,-1.93
2026-07-01,LVF2,10.0,-1.86,2.56,0.0,-1.67,2.19,-1.93
2026-07-02,LVF2,9.87,-1.3,0.71,-0.3,-1.14,0.61,-1.93
2026-07-03,LVF2,10.0,1.32,2.04,-2.91,1.14,1.75,-1.93
2026-07-06,LVF2,9.75,-2.5,-2.5,-2.6,-2.19,-2.19,-1.93
2026-07-07,LVF2,10.0,2.56,-1.86,0.4,2.19,-1.67,-1.93
2026-07-08,LVF2,10.0,0.0,0.0,1.01,0.0,0.0,-1.93
2026-07-10,LVF2,9.75,-2.5,-1.22,-1.12,-2.19,-1.05,-1.93
2026-07-13,LVF2,9.77,0.21,-2.3,-0.31,0.18,-2.01,-1.93
2026-07-14,LVF2,10.0,2.35,2.56,2.56,2.01,2.19,-1.93
2026-07-15,LVF2,9.95,-0.5,-0.5,1.32,-0.44,-0.44,-1.93
2026-07-16,LVF2,9.77,-1.81,-2.3,0.1,-1.57,-2.01,-1.93
2026-07-17,LVF2,10.0,2.35,2.56,3.41,2.01,2.19,-1.93
2026-07-20,LVF2,9.81,-1.9,0.41,-0.41,-1.66,0.35,-1.93
2026-07-21,LVF2,9.88,0.71,-1.2,-2.56,0.61,-1.05,-1.93
2026-07-22,LVF2,9.75,-1.32,-2.01,-1.22,-1.14,-1.75,-1.93
2026-07-23,LVF2,9.81,0.62,0.41,0.0,0.53,0.35,-1.93
2026-07-24,LVF2,9.66,-1.53,-3.4,-1.43,-1.32,-2.98,-1.93
2026-07-27,LVF2,9.6,-0.62,-2.14,-1.54,-0.52,-1.84,-1.93
2026-07-28,LVF2,9.35,-2.6,-5.36,-4.59,-2.19,-4.64,-1.93
2026-07-29,LVF2,9.3,-0.53,-4.62,-5.1,-0.44,-3.94,-1.93
2026-07-30,LVF2,9.13,-1.83,-6.93,-8.7,-1.49,-5.96,-1.93
2026-07-31,LVF2,9.86,8.0,2.07,-3.24,6.4,1.76,-1.93
2026-08-03,LVF2,10.14,2.84,5.63,1.4,2.45,4.73,-1.93
2026-08-04,LVF2,10.0,-1.38,6.95,1.32,-1.23,5.69,-1.93
2026-08-06,LVF2,9.3,-7.0,0.0,-7.0,-6.13,0.0,-1.93
2026-08-07,LVF2,9.06,-2.58,-0.77,-7.08,-2.11,-0.62,-1.93
2026-08-10,LVF2,9.1,0.44,-7.71,-9.0,0.35,-6.67,-1.93
2026-08-11,LVF2,9.16,0.66,-9.66,-8.4,0.53,-8.59,-1.93
2026-08-12,LVF2,9.31,1.64,-6.9,-4.51,1.32,-6.04,-1.93
2026-08-13,LVF2,9.11,-2.15,-2.04,-6.76,-1.76,-1.67,-1.93
2026-08-14,LVF2,9.13,0.22,0.77,-8.7,0.18,0.62,-1.93
2026-08-17,LVF2,9.41,3.07,3.41,-5.43,2.45,2.72,-1.93
2026-02-09,MBLEF,10.09,,,,,,-1.54
2026-02-10,MBLEF,10.07,-0.2,,,-0.19,,-1.54
2026-02-11,MBLEF,10.1,0.3,,,0.28,,-1.54
2026-02-12,MBLEF,10.09,-0.1,,,-0.09,,-1.54
2026-02-16,MBLEF,10.07,-0.2,,,-1.12,,-1.54
2026-02-17,MBLEF,10.01,-0.6,-0.79,,-0.55,-1.67,-1.54
2026-02-22,MBLEF,10.09,0.8,0.2,,0.73,-0.75,-1.54
2026-02-23,MBLEF,10.1,0.1,0.0,,0.09,-0.94,-1.54
2026-02-24,MBLEF,10.1,0.0,0.1,,0.0,-0.85,-1.54
2026-02-25,MBLEF,10.04,-0.59,-0.3,,-0.55,-0.28,-1.54
2026-02-26,MBLEF,10.04,0.0,0.3,,0.0,0.27,-1.54
2026-03-01,MBLEF,10.05,0.1,-0.4,,0.09,-0.37,-1.54
2026-03-03,MBLEF,10.12,0.7,0.2,,0.64,0.18,-1.54
2026-03-09,MBLEF,10.12,0.0,0.2,,0.0,0.18,-1.54
2026-03-10,MBLEF,10.43,3.06,3.88,,2.84,3.57,-1.54
2026-03-11,MBLEF,10.5,0.67,4.58,,0.64,4.21,-1.54
2026-03-12,MBLEF,10.69,1.81,6.37,,1.73,5.85,-1.54
2026-03-15,MBLEF,10.4,-2.71,2.77,,-6.96,-1.75,-1.54
2026-03-16,MBLEF,10.3,-0.96,1.78,,-0.87,-2.62,-1.54
2026-03-17,MBLEF,10.3,0.0,-1.25,,0.0,-5.46,-1.54
2026-03-19,MBLEF,10.32,0.19,-1.71,,0.17,-5.93,-1.54
2026-03-22,MBLEF,10.41,0.87,-2.62,,0.79,-6.87,-1.54
2026-03-23,MBLEF,10.3,-1.06,-0.96,2.08,-0.96,-0.87,-1.54
2026-03-24,MBLEF,10.65,3.4,3.4,5.76,3.05,3.05,-1.54
2026-03-25,MBLEF,10.4,-2.35,0.97,2.97,-2.18,0.87,-1.54
2026-03-26,MBLEF,10.6,1.92,2.71,5.05,1.75,2.45,-1.54
2026-03-29,MBLEF,10.31,-2.74,-0.96,2.38,-2.53,-0.87,-1.54
2026-03-30,MBLEF,10.33,0.19,0.29,3.2,0.17,0.26,-1.54
2026-03-31,MBLEF,10.26,-0.68,-3.66,1.68,-0.61,-3.4,-1.54
2026-04-01,MBLEF,10.3,0.39,-0.96,1.98,0.35,-0.87,-1.54
2026-04-02,MBLEF,10.25,-0.49,-3.3,1.49,-0.44,-3.06,-1.54
2026-04-05,MBLEF,10.14,-1.07,-1.65,1.0,-0.96,-1.49,-1.54
2026-04-06,MBLEF,10.4,2.56,0.68,3.59,2.27,0.61,-1.54
2026-04-07,MBLEF,10.2,-1.92,-0.58,1.49,-1.74,-0.52,-1.54
2026-04-08,MBLEF,10.24,0.39,-0.58,1.19,0.34,-0.53,-1.54
2026-04-09,MBLEF,10.1,-1.37,-1.46,-0.2,-1.22,-1.31,-1.54
2026-04-10,MBLEF,10.21,1.09,0.69,-2.11,0.96,0.61,-1.54
2026-04-13,MBLEF,10.21,0.0,-1.83,-2.76,0.0,-1.66,-1.54
2026-04-15,MBLEF,10.11,-0.98,-0.88,-5.43,0.06,0.14,-1.54
2026-04-16,MBLEF,10.16,0.49,-0.78,-2.31,0.44,0.24,-1.54
2026-04-17,MBLEF,10.35,1.87,2.48,0.49,1.68,3.14,-1.54
2026-04-20,MBLEF,10.13,-2.13,-0.78,-1.65,-1.94,0.24,-1.54
2026-04-21,MBLEF,10.15,0.2,-0.59,-1.65,0.18,0.42,-1.54
2026-04-22,MBLEF,10.13,-0.2,0.2,-2.69,-0.18,0.18,-1.54
2026-04-23,MBLEF,10.3,1.68,1.38,0.0,1.5,1.24,-1.54
2026-04-24,MBLEF,10.1,-1.94,-2.42,-5.16,-1.76,-2.2,-1.54
2026-04-27,MBLEF,10.29,1.88,1.58,-1.06,1.67,1.41,-1.54
2026-04-28,MBLEF,10.05,-2.33,-0.99,-5.19,-2.12,-0.89,-1.54
2026-04-29,MBLEF,9.95,-1.0,-1.78,-3.49,-0.88,-1.59,-1.54
2026-04-30,MBLEF,10.0,0.5,-2.91,-3.19,0.44,-2.65,-1.54
2026-05-04,MBLEF,9.88,-1.2,-2.18,-3.7,-1.05,-1.94,-1.54
2026-05-05,MBLEF,9.97,0.91,-3.11,-3.2,0.79,-2.82,-1.54
2026-05-06,MBLEF,10.1,1.3,0.5,-1.46,1.15,0.45,-1.54
2026-05-07,MBLEF,10.03,-0.69,0.8,-1.08,-0.62,0.71,-1.54
2026-05-08,MBLEF,10.13,1.0,1.3,-2.6,0.88,1.15,-1.54
2026-05-11,MBLEF,10.02,-1.09,1.42,-1.76,-0.97,1.23,-1.54
2026-05-12,MBLEF,10.1,0.8,1.3,-1.37,0.71,1.15,-1.54
2026-05-13,MBLEF,10.19,0.89,0.89,0.89,0.79,0.79,-1.54
2026-05-14,MBLEF,10.1,-0.88,0.7,-1.08,-0.79,0.62,-1.54
2026-05-15,MBLEF,10.14,0.4,0.1,-0.69,3.03,2.77,-1.54
2026-05-18,MBLEF,10.11,-0.3,0.9,0.0,-0.27,3.47,-1.54
2026-05-19,MBLEF,9.94,-1.68,-1.58,-2.17,-1.55,1.21,-1.54
2026-05-20,MBLEF,10.2,2.62,0.1,-1.45,2.36,2.78,-1.54
2026-05-21,MBLEF,10.05,-1.47,-0.5,-0.79,-1.36,2.21,-1.54
2026-05-22,MBLEF,10.05,0.0,-0.89,-0.99,0.0,-0.82,-1.54
2026-05-25,MBLEF,10.08,0.3,-0.3,-0.49,0.27,-0.28,-1.54
2026-05-26,MBLEF,10.03,-0.5,0.91,-2.62,-0.45,0.82,-1.54
2026-05-27,MBLEF,10.23,1.99,0.29,1.29,1.82,0.28,-1.54
2026-06-01,MBLEF,10.04,-1.86,-0.1,-2.43,-1.73,-0.09,-1.54
2026-06-02,MBLEF,10.2,1.59,1.49,1.49,1.45,1.36,-1.54
2026-06-03,MBLEF,10.2,0.0,1.19,2.51,0.0,1.09,-1.54
2026-06-04,MBLEF,10.15,-0.49,1.2,1.5,-0.45,1.09,-1.54
2026-06-05,MBLEF,10.2,0.49,-0.29,3.24,0.45,-0.28,-1.54
2026-06-08,MBLEF,10.2,0.0,1.59,2.31,0.0,1.45,-1.54
2026-06-09,MBLEF,10.0,-1.96,-1.96,-0.99,-1.81,-1.81,-1.54
2026-06-10,MBLEF,10.2,2.0,0.0,1.69,1.81,0.0,-1.54
2026-06-11,MBLEF,10.01,-1.86,-1.38,-1.18,-1.72,-1.27,-1.54
2026-06-12,MBLEF,10.2,1.9,0.0,1.8,1.72,0.0,-1.54
2026-06-15,MBLEF,10.0,-1.96,-1.96,-0.99,-1.9,-1.9,-1.54
2026-06-16,MBLEF,10.0,0.0,0.0,-1.86,0.0,-0.09,-1.54
2026-06-17,MBLEF,10.15,1.5,-0.49,0.5,1.37,-0.53,-1.54
2026-06-18,MBLEF,10.15,0.0,1.4,0.1,0.0,1.19,-1.54
2026-06-19,MBLEF,10.1,-0.49,-0.98,-0.1,-0.46,-0.99,-1.54
2026-06-22,MBLEF,9.95,-1.49,-0.5,0.1,-1.36,-0.45,-1.54
2026-06-23,MBLEF,10.14,1.91,1.4,-0.59,1.72,1.27,-1.54
2026-06-24,MBLEF,10.0,-1.38,-1.48,-0.5,-1.27,-1.37,-1.54
2026-06-25,MBLEF,9.95,-0.5,-1.97,-1.0,-0.45,-1.82,-1.54
2026-06-26,MBLEF,9.98,0.3,-1.19,-0.99,0.27,-1.09,-1.54
2026-06-29,MBLEF,9.95,-0.3,0.0,-0.8,-0.27,0.0,-1.54
2026-06-30,MBLEF,9.96,0.1,-1.78,-2.64,0.09,-1.63,-1.54
2026-07-01,MBLEF,10.0,0.4,0.0,-0.4,0.36,0.0,-1.54
2026-07-02,MBLEF,10.0,0.0,0.5,-1.96,0.0,0.45,-1.54
2026-07-03,MBLEF,10.0,0.0,0.2,-1.96,0.0,0.18,-1.54
2026-07-06,MBLEF,10.0,0.0,0.5,-1.48,0.0,0.45,-1.54
2026-07-07,MBLEF,9.95,-0.5,-0.1,-2.45,-0.45,-0.09,-1.54
2026-07-08,MBLEF,10.0,0.5,0.0,-1.96,0.45,0.0,-1.54
2026-07-10,MBLEF,10.0,0.0,0.0,0.0,0.0,0.0,-1.54
2026-07-13,MBLEF,9.91,-0.9,-0.9,-2.84,-0.81,-0.81,-1.54
2026-07-14,MBLEF,10.07,1.61,0.7,0.6,1.45,0.64,-1.54
2026-07-15,MBLEF,10.14,0.7,1.91,-0.59,0.63,1.72,-1.54
2026-07-16,MBLEF,10.0,-1.38,0.0,0.0,-1.27,0.0,-1.54
2026-07-17,MBLEF,10.05,0.5,0.5,0.5,0.46,0.46,-1.54
2026-07-20,MBLEF,10.05,0.0,1.41,-0.99,0.0,1.27,-1.54
2026-07-21,MBLEF,10.0,-0.5,-0.7,-1.48,-0.46,-0.64,-1.54
2026-07-22,MBLEF,10.2,2.0,0.59,0.99,1.82,0.55,-1.54
2026-07-23,MBLEF,10.2,0.0,2.0,2.51,0.0,1.82,-1.54
2026-07-24,MBLEF,10.2,0.0,1.49,0.59,0.0,1.36,-1.54
2026-07-27,MBLEF,10.1,-0.98,0.5,1.0,-0.91,0.45,-1.54
2026-07-28,MBLEF,10.0,-0.99,0.0,0.5,-0.91,0.0,-1.54
2026-07-29,MBLEF,10.2,2.0,0.0,2.2,1.82,0.0,-1.54
2026-07-30,MBLEF,10.1,-0.98,-0.98,1.51,-0.91,-0.91,-1.54
2026-07-31,MBLEF,10.1,0.0,-0.98,1.41,1.44,0.53,-1.54
2026-08-03,MBLEF,10.01,-0.89,-0.89,0.1,-0.83,0.61,-1.54
2026-08-04,MBLEF,10.25,2.4,2.5,2.5,2.21,3.73,-1.54
2026-08-06,MBLEF,10.28,0.29,0.78,2.8,0.28,2.19,-1.54
2026-08-07,MBLEF,10.28,0.0,1.78,2.8,0.0,3.1,-1.54
2026-08-10,MBLEF,10.28,0.0,1.78,3.32,0.0,1.66,-1.54
2026-08-11,MBLEF,10.32,0.39,3.1,3.2,0.37,2.86,-1.54
2026-08-12,MBLEF,10.34,0.19,0.88,3.4,0.18,0.83,-1.54
2026-08-13,MBLEF,10.51,1.64,2.24,6.05,1.57,2.12,-1.54
2026-08-14,MBLEF,10.38,-1.24,0.97,3.08,-1.2,0.92,-1.54
2026-08-17,MBLEF,10.45,0.67,1.65,3.06,0.64,1.56,-1.54
2026-02-09,MMF1,8.92,,,,,,-3.07
2026-02-10,MMF1,9.05,1.46,,,1.36,,-3.07
2026-02-11,MMF1,8.92,-1.44,,,-1.36,,-3.07
2026-02-12,MMF1,9.08,1.79,,,1.68,,-3.07
2026-02-16,MMF1,8.92,-1.76,,,-1.97,,-3.07
2026-02-17,MMF1,9.0,0.9,0.9,,0.84,0.55,-3.07
2026-02-22,MMF1,9.05,0.56,0.0,,0.52,-0.29,-3.07
2026-02-23,MMF1,9.61,6.19,7.74,,5.84,6.91,-3.07
2026-02-24,MMF1,9.62,0.1,5.95,,0.11,5.34,-3.07
2026-02-25,MMF1,9.75,1.35,9.3,,1.35,8.66,-3.07
2026-02-26,MMF1,9.53,-2.26,5.89,,-2.29,5.53,-3.07
2026-03-01,MMF1,9.25,-2.94,2.21,,-2.92,2.09,-3.07
2026-03-03,MMF1,9.43,1.95,-1.87,,1.87,-1.88,-3.07
2026-03-09,MMF1,9.43,0.0,-1.98,,0.0,-1.99,-3.07
2026-03-10,MMF1,9.55,1.27,-2.05,,1.26,-2.08,-3.07
2026-03-11,MMF1,9.6,0.52,0.73,,0.52,0.73,-3.07
2026-03-12,MMF1,9.5,-1.04,2.7,,-1.05,2.6,-3.07
2026-03-15,MMF1,9.36,-1.47,-0.74,,-6.94,-6.21,-3.07
2026-03-16,MMF1,9.53,1.82,1.06,,1.67,-4.54,-3.07
2026-03-17,MMF1,9.45,-0.84,-1.05,,-0.79,-6.59,-3.07
2026-03-19,MMF1,9.43,-0.21,-1.77,,-0.19,-7.3,-3.07
2026-03-22,MMF1,9.88,4.77,4.0,,4.43,-1.82,-3.07
2026-03-23,MMF1,9.97,0.91,6.52,11.77,0.89,6.01,-3.07
2026-03-24,MMF1,9.88,-0.9,3.67,9.17,-0.89,3.45,-3.07
2026-03-25,MMF1,9.83,-0.51,4.02,10.2,-0.49,3.75,-3.07
2026-03-26,MMF1,9.8,-0.31,3.92,7.93,-0.3,3.64,-3.07
2026-03-29,MMF1,9.8,0.0,-0.81,9.87,0.0,-0.79,-3.07
2026-03-30,MMF1,9.8,0.0,-1.71,8.89,0.0,-1.68,-3.07
2026-03-31,MMF1,9.94,1.43,0.61,9.83,1.38,0.59,-3.07
2026-04-01,MMF1,9.8,-1.41,-0.31,1.98,-1.38,-0.3,-3.07
2026-04-02,MMF1,9.57,-2.35,-2.35,-0.52,-2.26,-2.26,-3.07
2026-04-05,MMF1,9.47,-1.04,-3.37,-2.87,-0.99,-3.25,-3.07
2026-04-06,MMF1,9.58,1.16,-2.24,0.52,1.08,-2.17,-3.07
2026-04-07,MMF1,9.61,0.31,-3.32,3.89,0.3,-3.25,-3.07
2026-04-08,MMF1,9.64,0.31,-1.63,2.23,0.3,-1.57,-3.07
2026-04-09,MMF1,9.66,0.21,0.94,2.44,0.19,0.88,-3.07
2026-04-10,MMF1,9.68,0.21,2.22,1.36,0.2,2.07,-3.07
2026-04-13,MMF1,9.41,-2.79,-1.77,-1.98,-2.66,-1.67,-3.07
2026-04-15,MMF1,9.85,4.68,2.5,3.68,5.99,4.02,-3.07
2026-04-16,MMF1,9.75,-1.02,1.14,4.17,-1.0,2.72,-3.07
2026-04-17,MMF1,9.69,-0.62,0.31,1.68,-0.61,1.92,-3.07
2026-04-20,MMF1,9.7,0.1,0.21,2.65,0.1,1.82,-3.07
2026-04-21,MMF1,9.23,-4.85,-1.91,-2.12,-4.71,-0.23,-3.07
2026-04-22,MMF1,9.42,2.06,-4.37,-4.66,1.91,-4.31,-3.07
2026-04-23,MMF1,9.51,0.96,-2.46,-4.61,0.9,-2.41,-3.07
2026-04-24,MMF1,9.56,0.53,-1.34,-3.24,0.5,-1.3,-3.07
2026-04-27,MMF1,9.7,1.46,0.0,-1.32,1.4,0.0,-3.07
2026-04-28,MMF1,9.66,-0.41,4.66,-1.43,-0.4,4.31,-3.07
2026-04-29,MMF1,9.6,-0.62,1.91,-2.04,-0.6,1.8,-3.07
2026-04-30,MMF1,9.56,-0.42,0.53,-2.45,-0.4,0.5,-3.07
2026-05-04,MMF1,9.56,0.0,0.0,-3.82,0.0,0.0,-3.07
2026-05-05,MMF1,9.4,-1.67,-3.09,-4.08,-1.6,-3.0,-3.07
2026-05-06,MMF1,9.51,1.17,-1.55,-0.63,1.1,-1.5,-3.07
2026-05-07,MMF1,9.63,1.26,0.31,1.69,1.2,0.3,-3.07
2026-05-08,MMF1,9.5,-1.35,-0.63,-0.84,-1.3,-0.6,-3.07
2026-05-11,MMF1,9.51,0.11,-0.52,-1.04,0.1,-0.5,-3.07
2026-05-12,MMF1,9.59,0.84,2.02,-0.52,0.8,1.9,-3.07
2026-05-13,MMF1,9.5,-0.94,-0.11,-1.66,-0.9,-0.1,-3.07
2026-05-14,MMF1,9.4,-1.05,-2.39,-2.89,-1.0,-2.3,-3.07
2026-05-15,MMF1,9.5,1.06,0.0,0.96,3.75,2.75,-3.07
2026-05-18,MMF1,9.5,0.0,-0.11,-3.55,0.0,2.65,-3.07
2026-05-19,MMF1,9.55,0.53,-0.42,-2.05,0.51,2.36,-3.07
2026-05-20,MMF1,9.32,-2.41,-1.89,-3.82,-2.37,0.89,-3.07
2026-05-21,MMF1,9.48,1.72,0.85,-2.27,1.65,3.54,-3.07
2026-05-22,MMF1,9.59,1.16,0.95,3.9,1.14,0.93,-3.07
2026-05-25,MMF1,9.57,-0.21,0.74,1.59,-0.21,0.72,-3.07
2026-05-26,MMF1,9.55,-0.21,0.0,0.42,-0.21,0.0,-3.07
2026-05-27,MMF1,9.48,-0.73,1.72,-0.84,-0.72,1.65,-3.07
2026-06-01,MMF1,9.48,0.0,0.0,-2.27,0.0,0.0,-3.07
2026-06-02,MMF1,9.45,-0.32,-1.46,-2.17,-0.31,-1.45,-3.07
2026-06-03,MMF1,9.49,0.42,-0.84,-1.15,0.42,-0.82,-3.07
2026-06-04,MMF1,9.42,-0.74,-1.36,-1.46,-0.73,-1.34,-3.07
2026-06-05,MMF1,9.45,0.32,-0.32,-1.15,0.31,-0.31,-3.07
2026-06-08,MMF1,9.5,0.53,0.21,1.06,0.52,0.21,-3.07
2026-06-09,MMF1,9.41,-0.95,-0.42,-1.05,-0.93,-0.41,-3.07
2026-06-10,MMF1,9.45,0.43,-0.42,-1.87,0.41,-0.42,-3.07
2026-06-11,MMF1,9.52,0.74,1.06,0.21,0.72,1.03,-3.07
2026-06-12,MMF1,9.55,0.32,1.06,0.42,0.31,1.03,-3.07
2026-06-15,MMF1,9.55,0.0,0.53,-0.42,-0.8,-0.29,-3.07
2026-06-16,MMF1,9.56,0.1,1.59,0.63,0.1,0.74,-3.07
2026-06-17,MMF1,9.58,0.21,1.38,1.91,0.21,0.54,-3.07
2026-06-18,MMF1,9.58,0.0,0.63,0.84,0.0,-0.18,-3.07
2026-06-19,MMF1,9.45,-1.36,-1.05,-0.53,-1.33,-1.82,-3.07
2026-06-22,MMF1,9.58,1.38,0.31,0.31,1.33,0.31,-3.07
2026-06-23,MMF1,9.6,0.21,0.42,3.0,0.2,0.41,-3.07
2026-06-24,MMF1,9.63,0.31,0.52,1.58,0.31,0.51,-3.07
2026-06-25,MMF1,9.46,-1.77,-1.25,-1.36,-1.74,-1.23,-3.07
2026-06-26,MMF1,9.6,1.48,1.59,0.31,1.43,1.53,-3.07
2026-06-29,MMF1,9.6,0.0,0.21,0.52,0.0,0.2,-3.07
2026-06-30,MMF1,9.7,1.04,1.04,2.32,1.02,1.02,-3.07
2026-07-01,MMF1,9.65,-0.52,0.21,1.79,-0.51,0.2,-3.07
2026-07-02,MMF1,9.7,0.52,2.54,2.65,0.51,2.45,-3.07
2026-07-03,MMF1,9.75,0.52,1.56,2.74,0.51,1.53,-3.07
2026-07-06,MMF1,9.47,-2.87,-1.35,0.53,-2.86,-1.33,-3.07
2026-07-07,MMF1,9.68,2.22,-0.21,2.43,2.15,-0.2,-3.07
2026-07-08,MMF1,9.79,1.14,1.45,3.05,1.12,1.43,-3.07
2026-07-10,MMF1,9.6,-1.94,-1.03,2.02,-1.94,-1.02,-3.07
2026-07-13,MMF1,9.7,1.04,-0.51,2.65,1.02,-0.51,-3.07
2026-07-14,MMF1,9.8,1.03,3.48,2.94,1.02,3.37,-3.07
2026-07-15,MMF1,9.75,-0.51,0.72,2.09,-0.51,0.71,-3.07
2026-07-16,MMF1,9.75,0.0,-0.41,2.09,0.0,-0.41,-3.07
2026-07-17,MMF1,9.87,1.23,2.81,3.24,1.23,2.76,-3.07
2026-07-20,MMF1,9.75,-1.22,0.52,1.77,-1.23,0.51,-3.07
2026-07-21,MMF1,9.46,-2.97,-3.47,-1.25,-2.96,-3.47,-3.07
2026-07-22,MMF1,9.69,2.43,-0.62,2.54,2.35,-0.61,-3.07
2026-07-23,MMF1,9.5,-1.96,-2.56,-0.84,-1.94,-2.55,-3.07
2026-07-24,MMF1,9.47,-0.32,-4.05,-1.35,-0.31,-4.09,-3.07
2026-07-27,MMF1,9.5,0.32,-2.56,-1.35,0.31,-2.55,-3.07
2026-07-28,MMF1,9.12,-4.0,-3.59,-3.59,-3.89,-3.48,-3.07
2026-07-29,MMF1,9.2,0.88,-5.06,-4.17,0.82,-5.01,-3.07
2026-07-30,MMF1,9.0,-2.17,-5.26,-6.25,-2.05,-5.12,-3.07
2026-07-31,MMF1,9.15,1.67,-3.38,-5.67,1.54,-3.27,-3.07
2026-08-03,MMF1,9.17,0.22,-3.47,-4.97,3.17,-0.41,-3.07
2026-08-04,MMF1,9.0,-1.85,-1.32,-7.22,-1.79,1.69,-3.07
2026-08-06,MMF1,8.75,-2.78,-4.89,-10.26,-2.64,-1.77,-3.07
2026-08-07,MMF1,8.88,1.49,-1.33,-6.23,1.37,1.65,-3.07
2026-08-10,MMF1,8.98,1.13,-1.86,-7.23,1.06,1.17,-3.07
2026-08-11,MMF1,8.9,-0.89,-2.94,-9.09,-0.85,-2.85,-3.07
2026-08-12,MMF1,9.01,1.24,0.11,-6.15,1.16,0.1,-3.07
2026-08-13,MMF1,9.0,-0.11,2.86,-7.22,-0.1,2.64,-3.07
2026-08-14,MMF1,8.94,-0.67,0.68,-8.78,-0.64,0.63,-3.07
2026-08-17,MMF1,8.99,0.56,0.11,-7.79,0.53,0.1,-3.07
2026-02-09,MNMF1,9.36,,,,,,-3.77
2026-02-10,MNMF1,9.73,3.95,,,3.61,,-3.77
2026-02-11,MNMF1,9.45,-2.88,,,-2.73,,-3.77
2026-02-12,MNMF1,9.7,2.65,,,2.44,,-3.77
2026-02-16,MNMF1,9.6,-1.03,,,-2.33,,-3.77
2026-02-17,MNMF1,9.46,-1.46,1.07,,-1.35,-0.36,-3.77
2026-02-22,MNMF1,9.77,3.28,0.41,,2.98,-0.99,-3.77
2026-02-23,MNMF1,9.5,-2.76,0.53,,-2.6,-0.86,-3.77
2026-02-24,MNMF1,9.7,2.11,0.0,,1.93,-1.37,-3.77
2026-02-25,MNMF1,9.79,0.93,1.98,,0.87,1.83,-3.77
2026-02-26,MNMF1,9.65,-1.43,2.01,,-1.35,1.83,-3.77
2026-03-01,MNMF1,9.68,0.31,-0.92,,0.29,-0.86,-3.77
2026-03-03,MNMF1,9.62,-0.62,1.26,,-0.58,1.16,-3.77
2026-03-09,MNMF1,9.62,0.0,-0.82,,0.0,-0.77,-3.77
2026-03-10,MNMF1,9.8,1.87,0.1,,1.73,0.09,-3.77
2026-03-11,MNMF1,9.85,0.51,2.07,,0.48,1.92,-3.77
2026-03-12,MNMF1,10.0,1.52,3.31,,1.45,3.08,-3.77
2026-03-15,MNMF1,9.72,-2.8,1.04,,-6.84,-3.18,-3.77
2026-03-16,MNMF1,9.66,-0.62,0.42,,-0.55,-3.73,-3.77
2026-03-17,MNMF1,9.7,0.41,-1.02,,0.37,-5.09,-3.77
2026-03-19,MNMF1,9.74,0.41,-1.12,,0.37,-5.2,-3.77
2026-03-22,MNMF1,9.84,1.03,-1.6,,0.92,-5.73,-3.77
2026-03-23,MNMF1,9.85,0.1,1.34,5.24,0.09,1.2,-3.77
2026-03-24,MNMF1,10.0,1.52,3.52,2.77,1.38,3.13,-3.77
2026-03-25,MNMF1,10.0,0.0,3.09,5.82,0.0,2.76,-3.77
2026-03-26,MNMF1,10.09,0.9,3.59,4.02,0.83,3.22,-3.77
2026-03-29,MNMF1,10.1,0.1,2.64,5.21,0.09,2.39,-3.77
2026-03-30,MNMF1,9.96,-1.39,1.12,5.29,-1.29,1.01,-3.77
2026-03-31,MNMF1,10.1,1.41,1.0,3.38,1.29,0.92,-3.77
2026-04-01,MNMF1,10.0,-0.99,0.0,5.26,-0.92,0.0,-3.77
2026-04-02,MNMF1,9.85,-1.5,-2.38,1.55,-1.38,-2.21,-3.77
2026-04-05,MNMF1,9.85,0.0,-2.48,0.61,0.0,-2.3,-3.77
2026-04-06,MNMF1,10.2,3.55,2.41,5.7,3.22,2.21,-3.77
2026-04-07,MNMF1,10.0,-1.96,-0.99,3.31,-1.84,-0.92,-3.77
2026-04-08,MNMF1,9.97,-0.3,-0.3,3.64,-0.28,-0.28,-3.77
2026-04-09,MNMF1,10.0,0.3,1.52,3.95,0.28,1.38,-3.77
2026-04-10,MNMF1,9.9,-1.0,0.51,1.02,-0.92,0.46,-3.77
2026-04-13,MNMF1,9.86,-0.4,-3.33,0.1,-0.37,-3.13,-3.77
2026-04-15,MNMF1,10.0,1.42,0.0,0.0,0.37,-0.92,-3.77
2026-04-16,MNMF1,9.9,-1.0,-0.7,1.85,-0.91,-1.55,-3.77
2026-04-17,MNMF1,10.05,1.52,0.5,4.04,1.36,-0.47,-3.77
2026-04-20,MNMF1,9.82,-2.29,-0.81,1.24,-2.09,-1.64,-3.77
2026-04-21,MNMF1,9.99,1.73,1.32,2.57,1.55,0.28,-3.77
2026-04-22,MNMF1,9.55,-4.4,-4.5,-2.95,-4.01,-4.1,-3.77
2026-04-23,MNMF1,10.05,5.24,1.52,2.03,4.55,1.36,-3.77
2026-04-24,MNMF1,9.93,-1.19,-1.19,-0.7,-1.09,-1.09,-3.77
2026-04-27,MNMF1,10.0,0.7,1.83,0.0,0.64,1.64,-3.77
2026-04-28,MNMF1,9.89,-1.1,-1.0,-1.98,-1.01,-0.92,-3.77
2026-04-29,MNMF1,10.02,1.31,4.92,-0.79,1.19,4.28,-3.77
2026-04-30,MNMF1,9.85,-1.7,-1.99,-1.1,-1.55,-1.82,-3.77
2026-05-04,MNMF1,9.71,-1.42,-2.22,-3.86,-1.28,-2.01,-3.77
2026-05-05,MNMF1,9.7,-0.1,-3.0,-3.0,-0.09,-2.74,-3.77
2026-05-06,MNMF1,9.81,1.13,-0.81,-0.41,1.01,-0.72,-3.77
2026-05-07,MNMF1,9.72,-0.92,-2.99,-1.32,-0.82,-2.73,-3.77
2026-05-08,MNMF1,9.73,0.1,-1.22,-4.61,0.09,-1.09,-3.77
2026-05-11,MNMF1,9.9,1.75,1.96,-1.0,1.55,1.74,-3.77
2026-05-12,MNMF1,9.84,-0.61,1.44,-1.3,-0.55,1.28,-3.77
2026-05-13,MNMF1,9.82,-0.2,0.1,-1.8,-0.18,0.09,-3.77
2026-05-14,MNMF1,9.92,1.02,2.06,0.2,0.91,1.82,-3.77
2026-05-15,MNMF1,10.0,0.81,2.77,1.42,4.36,6.09,-3.77
2026-05-18,MNMF1,10.0,0.0,1.01,0.0,0.0,4.54,-3.77
2026-05-19,MNMF1,9.76,-2.4,-0.81,-1.41,-2.28,2.81,-3.77
2026-05-20,MNMF1,9.9,1.43,0.81,-1.49,1.33,4.32,-3.77
2026-05-21,MNMF1,10.0,1.01,0.81,1.83,0.95,4.36,-3.77
2026-05-22,MNMF1,10.0,0.0,0.0,0.1,0.0,0.0,-3.77
2026-05-25,MNMF1,9.96,-0.4,-0.4,4.29,-0.38,-0.38,-3.77
2026-05-26,MNMF1,9.8,-1.61,0.41,-2.49,-1.52,0.38,-3.77
2026-05-27,MNMF1,10.01,2.14,1.11,0.81,1.99,1.04,-3.77
2026-06-01,MNMF1,9.99,-0.2,-0.1,-0.1,-0.19,-0.1,-3.77
2026-06-02,MNMF1,9.85,-1.4,-1.5,-0.4,-1.33,-1.43,-3.77
2026-06-03,MNMF1,10.0,1.52,0.4,-0.2,1.43,0.38,-3.77
2026-06-04,MNMF1,9.99,-0.1,1.94,1.42,-0.1,1.8,-3.77
2026-06-05,MNMF1,9.85,-1.4,-1.6,1.44,-1.33,-1.52,-3.77
2026-06-08,MNMF1,9.8,-0.51,-1.9,1.03,-0.47,-1.8,-3.77
2026-06-09,MNMF1,9.97,1.73,1.22,1.63,1.61,1.14,-3.77
2026-06-10,MNMF1,10.0,0.3,0.0,2.88,0.29,0.0,-3.77
2026-06-11,MNMF1,10.0,0.0,0.1,2.77,0.0,0.1,-3.77
2026-06-12,MNMF1,10.0,0.0,1.52,1.01,0.0,1.43,-3.77
2026-06-15,MNMF1,10.0,0.0,2.04,1.63,-0.63,1.27,-3.77
2026-06-16,MNMF1,10.0,0.0,0.3,1.83,0.0,-0.34,-3.77
2026-06-17,MNMF1,10.0,0.0,0.0,0.81,0.0,-0.63,-3.77
2026-06-18,MNMF1,9.98,-0.2,-0.2,-0.2,-0.19,-0.82,-3.77
2026-06-19,MNMF1,9.86,-1.2,-1.4,-1.4,-1.13,-1.95,-3.77
2026-06-22,MNMF1,9.86,0.0,-1.4,1.02,0.0,-1.32,-3.77
2026-06-23,MNMF1,9.83,-0.3,-1.7,-0.71,-0.28,-1.6,-3.77
2026-06-24,MNMF1,9.88,0.51,-1.2,-1.2,0.47,-1.13,-3.77
2026-06-25,MNMF1,9.78,-1.01,-2.0,-2.2,-0.94,-1.88,-3.77
2026-06-26,MNMF1,9.85,0.72,-0.1,-1.1,0.66,-0.09,-3.77
2026-06-29,MNMF1,9.81,-0.41,-0.51,0.1,-0.38,-0.47,-3.77
2026-06-30,MNMF1,9.75,-0.61,-0.81,-2.6,-0.56,-0.75,-3.77
2026-07-01,MNMF1,9.81,0.62,-0.71,-1.8,0.56,-0.66,-3.77
2026-07-02,MNMF1,9.85,0.41,0.72,0.0,0.38,0.66,-3.77
2026-07-03,MNMF1,9.85,0.0,0.0,-1.5,0.0,0.0,-3.77
2026-07-06,MNMF1,9.67,-1.83,-1.43,-3.2,-1.7,-1.32,-3.77
2026-07-07,MNMF1,9.85,1.86,1.03,0.0,1.7,0.94,-3.77
2026-07-08,MNMF1,9.85,0.0,0.41,0.51,0.0,0.38,-3.77
2026-07-10,MNMF1,9.85,0.0,0.0,-1.2,0.0,0.0,-3.77
2026-07-13,MNMF1,9.8,-0.51,-0.51,-2.0,-0.47,-0.47,-3.77
2026-07-14,MNMF1,9.6,-2.04,-0.72,-4.0,-1.88,-0.65,-3.77
2026-07-15,MNMF1,9.9,3.12,0.51,-1.0,2.82,0.47,-3.77
2026-07-16,MNMF1,9.9,0.0,0.51,-1.0,0.0,0.47,-3.77
2026-07-17,MNMF1,9.61,-2.93,-2.44,-3.9,-2.73,-2.26,-3.77
2026-07-20,MNMF1,9.9,3.02,1.02,-1.0,2.73,0.94,-3.77
2026-07-21,MNMF1,9.85,-0.51,2.6,-1.3,-0.47,2.35,-3.77
2026-07-22,MNMF1,9.85,0.0,-0.51,-0.1,0.0,-0.47,-3.77
2026-07-23,MNMF1,9.87,0.2,-0.3,0.1,0.19,-0.28,-3.77
2026-07-24,MNMF1,9.7,-1.72,0.94,-1.32,-1.6,0.85,-3.77
2026-07-27,MNMF1,9.8,1.03,-1.01,-0.81,0.94,-0.94,-3.77
2026-07-28,MNMF1,9.6,-2.04,-2.54,-1.84,-1.88,-2.35,-3.77
2026-07-29,MNMF1,9.75,1.56,-1.02,-1.02,1.41,-0.94,-3.77
2026-07-30,MNMF1,9.58,-1.74,-2.94,-2.34,-1.6,-2.73,-3.77
2026-07-31,MNMF1,9.6,0.21,-1.03,-1.54,0.19,-0.94,-3.77
2026-08-03,MNMF1,9.71,1.15,-0.92,-1.02,4.61,2.73,-3.77
2026-08-04,MNMF1,9.5,-2.16,-1.04,-3.55,-2.06,2.55,-3.77
2026-08-06,MNMF1,9.6,1.05,-1.54,-2.54,0.98,2.12,-3.77
2026-08-07,MNMF1,9.8,2.08,2.3,1.34,1.96,5.68,-3.77
2026-08-10,MNMF1,9.56,-2.45,-0.42,-2.94,-2.35,3.14,-3.77
2026-08-11,MNMF1,9.51,-0.52,-2.06,-3.45,-0.49,-1.96,-3.77
2026-08-12,MNMF1,9.54,0.32,0.42,-3.15,0.3,0.4,-3.77
2026-08-13,MNMF1,9.5,-0.42,-1.04,-3.06,-0.4,-0.98,-3.77
2026-08-14,MNMF1,9.69,2.0,-1.12,0.94,1.86,-1.08,-3.77
2026-08-17,MNMF1,9.73,0.41,1.78,-1.72,0.4,1.67,-3.77
2026-02-09,NBF2,9.72,,,,,,0.48
2026-02-10,NBF2,9.58,-1.44,,,-1.34,,0.48
2026-02-11,NBF2,9.68,1.04,,,0.96,,0.48
2026-02-12,NBF2,9.85,1.76,,,1.18,,0.48
2026-02-16,NBF2,9.61,-2.44,,,-2.29,,0.48
2026-02-17,NBF2,9.62,0.1,-1.03,,0.09,-1.4,0.48
2026-02-22,NBF2,9.6,-0.21,0.21,,-0.19,-0.25,0.48
2026-02-23,NBF2,9.61,0.1,-0.72,,0.1,-1.11,0.48
2026-02-24,NBF2,9.61,0.0,-2.44,,0.0,-2.29,0.48
2026-02-25,NBF2,9.7,0.94,0.94,,0.86,0.86,0.48
2026-02-26,NBF2,9.65,-0.52,0.31,,-0.48,0.29,0.48
2026-03-01,NBF2,9.53,-1.24,-0.73,,-1.15,-0.67,0.48
2026-03-03,NBF2,9.72,1.99,1.14,,1.82,1.05,0.48
2026-03-09,NBF2,9.89,1.75,2.91,,1.62,2.67,0.48
2026-03-10,NBF2,10.0,1.11,3.09,,1.05,2.86,0.48
2026-03-11,NBF2,9.9,-1.0,2.59,,-0.95,2.39,0.48
2026-03-12,NBF2,9.87,-0.3,3.57,,-0.29,3.25,0.48
2026-03-15,NBF2,9.9,0.3,1.85,,0.29,1.72,0.48
2026-03-16,NBF2,9.91,0.1,0.2,,0.09,0.19,0.48
2026-03-17,NBF2,9.97,0.61,-0.3,,0.57,-0.29,0.48
2026-03-19,NBF2,10.02,0.5,1.21,,0.48,1.14,0.48
2026-03-22,NBF2,10.08,0.6,2.13,,0.58,2.01,0.48
2026-03-23,NBF2,10.06,-0.2,1.62,3.5,-0.2,1.52,0.48
2026-03-24,NBF2,10.05,-0.1,1.41,4.91,-0.09,1.34,0.48
2026-03-25,NBF2,10.05,0.0,0.8,3.82,0.0,0.77,0.48
2026-03-26,NBF2,10.05,0.0,0.3,2.03,0.0,0.29,0.48
2026-03-29,NBF2,10.06,0.1,-0.2,4.68,0.09,-0.2,0.48
2026-03-30,NBF2,10.05,-0.1,-0.1,4.47,-0.09,-0.09,0.48
2026-03-31,NBF2,10.0,-0.5,-0.5,4.17,-0.48,-0.48,0.48
2026-04-01,NBF2,9.98,-0.2,-0.7,3.85,-0.19,-0.67,0.48
2026-04-02,NBF2,9.91,-0.7,-1.39,3.12,-0.67,-1.34,0.48
2026-04-05,NBF2,10.05,1.41,-0.1,3.61,1.34,-0.09,0.48
2026-04-06,NBF2,10.0,-0.5,-0.5,3.63,-0.48,-0.48,0.48
2026-04-07,NBF2,10.09,0.9,0.9,5.88,0.86,0.86,0.48
2026-04-08,NBF2,10.2,1.09,2.2,4.94,1.05,2.1,0.48
2026-04-09,NBF2,10.05,-1.47,1.41,1.62,-1.43,1.34,0.48
2026-04-10,NBF2,10.0,-0.5,-0.5,0.0,-0.48,-0.48,0.48
2026-04-13,NBF2,10.01,0.1,0.1,1.11,0.1,0.1,0.48
2026-04-15,NBF2,10.01,0.0,-0.79,1.42,0.0,-0.76,0.48
2026-04-16,NBF2,9.98,-0.3,-2.16,0.81,-0.29,-2.1,0.48
2026-04-17,NBF2,10.07,0.9,0.2,1.61,0.86,0.19,0.48
2026-04-20,NBF2,10.0,-0.7,0.0,0.3,-0.67,0.0,0.48
2026-04-21,NBF2,9.94,-0.6,-0.7,-0.8,-0.57,-0.67,0.48
2026-04-22,NBF2,9.85,-0.91,-1.6,-2.28,-0.86,-1.53,0.48
2026-04-23,NBF2,10.1,2.54,1.2,0.4,2.39,1.15,0.48
2026-04-24,NBF2,9.95,-1.49,-1.19,-1.0,-1.44,-1.15,0.48
2026-04-27,NBF2,10.0,0.5,0.0,-0.5,0.48,0.0,0.48
2026-04-28,NBF2,9.94,-0.6,0.0,-1.09,-0.57,0.0,0.48
2026-04-29,NBF2,10.15,2.11,3.05,0.89,2.0,2.86,0.48
2026-04-30,NBF2,10.0,-1.48,-0.99,-0.5,-1.43,-0.96,0.48
2026-05-04,NBF2,9.86,-1.4,-0.9,-1.4,-1.34,-0.86,0.48
2026-05-05,NBF2,10.0,1.42,0.0,0.2,1.34,0.0,0.48
2026-05-06,NBF2,9.88,-1.2,-0.6,-0.3,-1.15,-0.58,0.48
2026-05-07,NBF2,10.0,1.21,-1.48,-0.5,1.15,-1.43,0.48
2026-05-08,NBF2,10.18,1.8,1.8,1.8,1.72,1.72,0.48
2026-05-11,NBF2,10.0,-1.77,1.42,-0.89,-1.72,1.34,0.48
2026-05-12,NBF2,10.0,0.0,0.0,-1.96,0.0,0.0,0.48
2026-05-13,NBF2,10.0,0.0,1.21,-0.5,0.0,1.15,0.48
2026-05-14,NBF2,10.0,0.0,0.0,0.0,0.0,0.0,0.48
2026-05-15,NBF2,10.0,0.0,-1.77,-0.1,0.0,-1.72,0.48
2026-05-18,NBF2,10.0,0.0,0.0,-0.1,0.0,0.0,0.48
2026-05-19,NBF2,9.9,-1.0,-1.0,-0.8,-0.95,-0.95,0.48
2026-05-20,NBF2,10.0,1.01,0.0,-0.7,0.95,0.0,0.48
2026-05-21,NBF2,10.0,0.0,0.0,0.0,0.0,0.0,0.48
2026-05-22,NBF2,9.95,-0.5,-0.5,0.1,-0.48,-0.48,0.48
2026-05-25,NBF2,9.96,0.1,-0.4,1.12,0.1,-0.38,0.48
2026-05-26,NBF2,10.0,0.4,1.01,-0.99,0.38,0.95,0.48
2026-05-27,NBF2,10.19,1.9,1.9,2.41,1.82,1.82,0.48
2026-06-01,NBF2,10.1,-0.88,1.0,1.0,-0.86,0.96,0.48
2026-06-02,NBF2,10.39,2.87,4.42,4.53,2.77,4.21,0.48
2026-06-03,NBF2,10.39,0.0,4.32,2.36,0.0,4.11,0.48
2026-06-04,NBF2,10.69,2.89,6.9,6.9,2.86,6.59,0.48
2026-06-05,NBF2,10.37,-2.99,1.77,5.17,-3.06,1.71,0.48
2026-06-08,NBF2,10.4,0.29,2.97,4.0,0.29,2.86,0.48
2026-06-09,NBF2,10.09,-2.98,-2.89,2.13,-2.96,-2.87,0.48
2026-06-10,NBF2,9.85,-2.38,-5.2,-1.5,-2.29,-5.16,0.48
2026-06-11,NBF2,9.88,0.3,-7.58,-2.95,0.28,-7.74,0.48
2026-06-12,NBF2,9.94,0.61,-4.15,-0.6,0.58,-4.1,0.48
2026-06-15,NBF2,9.72,-2.21,-6.54,-2.8,-2.1,-6.49,0.48
2026-06-16,NBF2,9.86,1.44,-2.28,-1.4,1.33,-2.2,0.48
2026-06-17,NBF2,9.85,-0.1,0.0,-1.5,-0.09,0.0,0.48
2026-06-18,NBF2,10.2,3.55,3.24,2.0,3.34,3.06,0.48
2026-06-19,NBF2,10.1,-0.98,1.61,1.0,-0.95,1.53,0.48
2026-06-22,NBF2,9.91,-1.88,1.95,0.1,-1.82,1.81,0.48
2026-06-23,NBF2,9.9,-0.1,0.41,-1.0,-0.09,0.39,0.48
2026-06-24,NBF2,9.91,0.1,0.61,-0.9,0.09,0.57,0.48
2026-06-25,NBF2,10.1,1.92,-0.98,1.51,1.82,-0.95,0.48
2026-06-26,NBF2,10.15,0.5,0.5,1.91,0.47,0.47,0.48
2026-06-29,NBF2,10.16,0.1,2.52,1.6,0.1,2.39,0.48
2026-06-30,NBF2,10.05,-1.08,1.52,-1.37,-1.05,1.43,0.48
2026-07-01,NBF2,10.06,0.1,1.51,-0.4,0.09,1.43,0.48
2026-07-02,NBF2,10.06,0.0,-0.4,-3.18,0.0,-0.39,0.48
2026-07-03,NBF2,9.87,-1.89,-2.76,-5.0,-1.81,-2.67,0.48
2026-07-06,NBF2,10.3,4.36,1.38,-3.65,4.11,1.34,0.48
2026-07-07,NBF2,10.0,-2.91,-0.5,-3.57,-2.87,-0.48,0.48
2026-07-08,NBF2,9.81,-1.9,-2.49,-5.67,-1.81,-2.38,0.48
2026-07-10,NBF2,9.9,0.92,-1.59,-1.88,0.86,-1.52,0.48
2026-07-13,NBF2,10.03,1.31,1.62,1.83,1.24,1.53,0.48
2026-07-14,NBF2,10.0,-0.3,-2.91,1.21,-0.29,-2.87,0.48
2026-07-15,NBF2,9.91,-0.9,-0.9,-0.3,-0.86,-0.86,0.48
2026-07-16,NBF2,9.9,-0.1,0.92,1.85,-0.09,0.86,0.48
2026-07-17,NBF2,9.8,-1.01,-1.01,-0.61,-0.96,-0.96,0.48
2026-07-20,NBF2,10.1,3.06,0.7,2.54,2.87,0.67,0.48
2026-07-21,NBF2,9.81,-2.87,-1.9,-3.82,-2.77,-1.81,0.48
2026-07-22,NBF2,10.09,2.85,1.82,-0.1,2.67,1.72,0.48
2026-07-23,NBF2,10.31,2.18,4.14,4.04,2.1,3.91,0.48
2026-07-24,NBF2,10.02,-2.81,2.24,1.21,-2.77,2.1,0.48
2026-07-27,NBF2,10.2,1.8,0.99,2.93,1.72,0.95,0.48
2026-07-28,NBF2,10.2,0.0,3.98,0.99,0.0,3.72,0.48
2026-07-29,NBF2,9.9,-2.94,-1.88,-2.46,-2.86,-1.81,0.48
2026-07-30,NBF2,9.9,0.0,-3.98,-2.56,0.0,-3.91,0.48
2026-07-31,NBF2,9.9,0.0,-1.2,-1.49,0.0,-1.14,0.48
2026-08-03,NBF2,10.14,2.42,-0.59,0.8,2.29,-0.57,0.48
2026-08-04,NBF2,9.99,-1.48,-2.06,-0.7,-1.43,-2.0,0.48
2026-08-06,NBF2,9.9,-0.9,0.0,0.3,-0.86,0.0,0.48
2026-08-07,NBF2,10.1,2.02,2.02,-1.94,1.91,1.91,0.48
2026-08-10,NBF2,9.86,-2.38,-0.4,-1.4,-2.3,-0.39,0.48
2026-08-11,NBF2,9.83,-0.3,-3.06,0.2,-0.28,-2.96,0.48
2026-08-12,NBF2,9.84,0.1,-1.5,-0.61,0.09,-1.44,0.48
2026-08-13,NBF2,9.88,0.41,-0.2,-1.5,0.38,-0.2,0.48
2026-08-14,NBF2,9.88,0.0,-2.18,-1.2,0.0,-2.11,0.48
2026-08-17,NBF2,9.8,-0.81,-0.61,-1.11,-0.76,-0.57,0.48
2026-02-09,NBF3,9.4,,,,,,1.18
2026-02-10,NBF3,9.58,1.91,,,1.76,,1.18
2026-02-11,NBF3,9.77,1.98,,,1.86,,1.18
2026-02-12,NBF3,9.65,-1.23,,,-2.27,,1.18
2026-02-16,NBF3,9.47,-1.87,,,-1.75,,1.18
2026-02-17,NBF3,9.45,-0.21,0.53,,-0.19,-0.59,1.18
2026-02-22,NBF3,9.51,0.63,-0.73,,0.58,-1.77,1.18
2026-02-23,NBF3,9.4,-1.16,-3.79,,-1.06,-4.69,1.18
2026-02-24,NBF3,9.4,0.0,-2.59,,0.0,-2.42,1.18
2026-02-25,NBF3,9.5,1.06,0.32,,0.96,0.29,1.18
2026-02-26,NBF3,9.51,0.11,0.63,,0.1,0.58,1.18
2026-03-01,NBF3,9.42,-0.95,-0.95,,-0.87,-0.87,1.18
2026-03-03,NBF3,9.6,1.91,2.13,,1.74,1.93,1.18
2026-03-09,NBF3,9.6,0.0,2.13,,0.0,1.93,1.18
2026-03-10,NBF3,9.75,1.56,2.63,,1.46,2.43,1.18
2026-03-11,NBF3,9.7,-0.51,2.0,,-0.49,1.84,1.18
2026-03-12,NBF3,9.8,1.03,4.03,,0.97,3.68,1.18
2026-03-15,NBF3,9.68,-1.22,0.83,,-1.16,0.78,1.18
2026-03-16,NBF3,9.67,-0.1,0.73,,-0.1,0.68,1.18
2026-03-17,NBF3,9.71,0.41,-0.41,,0.39,-0.39,1.18
2026-03-19,NBF3,9.85,1.44,1.55,,1.36,1.46,1.18
2026-03-22,NBF3,9.87,0.2,0.71,,0.19,0.68,1.18
2026-03-23,NBF3,10.05,1.82,3.82,6.91,1.74,3.58,1.18
2026-03-24,NBF3,10.14,0.9,4.86,5.85,0.88,4.56,1.18
2026-03-25,NBF3,10.05,-0.89,3.5,2.87,-0.88,3.29,1.18
2026-03-26,NBF3,10.1,0.5,2.54,4.66,0.49,2.42,1.18
2026-03-29,NBF3,9.99,-1.09,1.22,5.49,-1.07,1.16,1.18
2026-03-30,NBF3,9.95,-0.4,-1.0,5.29,-0.39,-0.97,1.18
2026-03-31,NBF3,9.99,0.4,-1.48,5.05,0.39,-1.46,1.18
2026-04-01,NBF3,9.99,0.0,-0.6,6.28,0.0,-0.58,1.18
2026-04-02,NBF3,9.86,-1.3,-2.38,4.89,-1.26,-2.33,1.18
2026-04-05,NBF3,9.8,-0.61,-1.9,3.16,-0.58,-1.84,1.18
2026-04-06,NBF3,9.9,1.02,-0.5,4.1,0.97,-0.48,1.18
2026-04-07,NBF3,9.9,0.0,-0.9,5.1,0.0,-0.87,1.18
2026-04-08,NBF3,9.9,0.0,-0.9,3.12,0.0,-0.87,1.18
2026-04-09,NBF3,10.0,1.01,1.42,4.17,0.97,1.36,1.18
2026-04-10,NBF3,10.0,0.0,2.04,2.56,0.0,1.94,1.18
2026-04-13,NBF3,9.97,-0.3,0.71,2.78,-0.29,0.68,1.18
2026-04-15,NBF3,10.0,0.3,1.01,2.04,0.29,0.97,1.18
2026-04-16,NBF3,9.95,-0.5,0.51,2.79,-0.49,0.48,1.18
2026-04-17,NBF3,10.1,1.51,1.0,4.45,1.46,0.97,1.18
2026-04-20,NBF3,9.95,-1.49,-0.5,2.47,-1.46,-0.49,1.18
2026-04-21,NBF3,9.97,0.2,0.0,1.22,0.2,0.0,1.18
2026-04-22,NBF3,10.0,0.3,0.0,1.32,0.29,0.0,1.18
2026-04-23,NBF3,9.91,-0.9,-0.4,-1.39,-0.87,-0.38,1.18
2026-04-24,NBF3,9.9,-0.1,-1.98,-2.37,-0.1,-1.94,1.18
2026-04-27,NBF3,9.87,-0.3,-0.8,-1.79,-0.29,-0.77,1.18
2026-04-28,NBF3,9.86,-0.1,-1.1,-2.38,-0.1,-1.07,1.18
2026-04-29,NBF3,9.85,-0.1,-1.5,-1.4,-0.09,-1.45,1.18
2026-04-30,NBF3,9.78,-0.71,-1.31,-1.71,-0.68,-1.26,1.18
2026-05-04,NBF3,9.88,1.02,-0.2,-1.1,0.97,-0.19,1.18
2026-05-05,NBF3,9.93,0.51,0.61,-0.6,0.48,0.58,1.18
2026-05-06,NBF3,9.82,-1.11,-0.41,-0.41,-1.06,-0.38,1.18
2026-05-07,NBF3,9.81,-0.1,-0.41,0.1,-0.1,-0.39,1.18
2026-05-08,NBF3,9.88,0.71,1.02,-0.2,0.68,0.97,1.18
2026-05-11,NBF3,9.93,0.51,0.51,0.3,0.48,0.48,1.18
2026-05-12,NBF3,9.92,-0.1,-0.1,0.2,-0.1,-0.1,1.18
2026-05-13,NBF3,9.89,-0.3,0.71,-1.1,-0.29,0.67,1.18
2026-05-14,NBF3,9.95,0.61,1.43,-0.5,0.58,1.35,1.18
2026-05-15,NBF3,9.9,-0.5,0.2,-0.7,-0.48,0.19,1.18
2026-05-18,NBF3,9.9,0.0,-0.3,-1.0,0.0,-0.29,1.18
2026-05-19,NBF3,9.98,0.81,0.6,0.3,0.78,0.59,1.18
2026-05-20,NBF3,9.95,-0.3,0.61,-1.49,-0.3,0.58,1.18
2026-05-21,NBF3,10.0,0.5,0.5,0.5,0.49,0.49,1.18
2026-05-22,NBF3,9.95,-0.5,0.51,-0.2,-0.49,0.48,1.18
2026-05-25,NBF3,9.96,0.1,0.61,-0.4,0.1,0.58,1.18
2026-05-26,NBF3,9.98,0.2,0.0,0.71,0.2,0.0,1.18
2026-05-27,NBF3,9.98,0.0,0.3,0.81,0.0,0.3,1.18
2026-06-01,NBF3,9.99,0.1,-0.1,1.22,0.09,-0.1,1.18
2026-06-02,NBF3,9.99,0.0,0.4,1.32,0.0,0.39,1.18
2026-06-03,NBF3,10.04,0.5,0.8,1.93,0.49,0.78,1.18
2026-06-04,NBF3,10.02,-0.2,0.4,2.45,-0.2,0.38,1.18
2026-06-05,NBF3,10.03,0.1,0.5,1.52,0.1,0.48,1.18
2026-06-08,NBF3,10.03,0.0,0.4,1.01,0.0,0.39,1.18
2026-06-09,NBF3,9.97,-0.6,-0.2,1.53,-0.58,-0.19,1.18
2026-06-10,NBF3,9.94,-0.3,-1.0,1.33,-0.29,-0.97,1.18
2026-06-11,NBF3,10.0,0.6,-0.2,1.21,0.58,-0.19,1.18
2026-06-12,NBF3,10.0,0.0,-0.3,0.7,0.0,-0.29,1.18
2026-06-15,NBF3,10.0,0.0,-0.3,0.81,0.0,-0.29,1.18
2026-06-16,NBF3,9.99,-0.1,0.2,1.01,-0.1,0.19,1.18
2026-06-17,NBF3,10.05,0.6,1.11,1.01,0.58,1.06,1.18
2026-06-18,NBF3,9.95,-1.0,-0.5,0.51,-0.97,-0.49,1.18
2026-06-19,NBF3,9.95,0.0,-0.5,0.51,0.0,-0.49,1.18
2026-06-22,NBF3,9.9,-0.5,-1.0,-0.8,-0.48,-0.97,1.18
2026-06-23,NBF3,10.0,1.01,0.1,0.5,0.97,0.1,1.18
2026-06-24,NBF3,9.99,-0.1,-0.6,-0.1,-0.1,-0.58,1.18
2026-06-25,NBF3,10.0,0.1,0.5,0.5,0.1,0.49,1.18
2026-06-26,NBF3,10.03,0.3,0.8,0.7,0.29,0.78,1.18
2026-06-29,NBF3,10.0,-0.3,1.01,0.2,-0.29,0.97,1.18
2026-06-30,NBF3,10.15,1.5,1.5,1.7,1.45,1.45,1.18
2026-07-01,NBF3,10.0,-1.48,0.1,0.1,-1.45,0.1,1.18
2026-07-02,NBF3,10.0,0.0,0.0,0.1,0.0,0.0,1.18
2026-07-03,NBF3,10.0,0.0,-0.3,-0.4,0.0,-0.29,1.18
2026-07-06,NBF3,10.0,0.0,0.0,-0.2,0.0,0.0,1.18
2026-07-07,NBF3,10.0,0.0,-1.48,-0.3,0.0,-1.45,1.18
2026-07-08,NBF3,10.0,0.0,0.0,-0.3,0.0,0.0,1.18
2026-07-10,NBF3,10.1,1.0,1.0,1.3,0.97,0.97,1.18
2026-07-13,NBF3,9.98,-1.19,-0.2,0.4,-1.16,-0.19,1.18
2026-07-14,NBF3,9.95,-0.3,-0.5,-0.5,-0.3,-0.49,1.18
2026-07-15,NBF3,10.0,0.5,0.0,0.0,0.49,0.0,1.18
2026-07-16,NBF3,9.93,-0.7,-0.7,-0.7,-0.68,-0.68,1.18
2026-07-17,NBF3,10.0,0.7,-0.99,0.1,0.68,-0.97,1.18
2026-07-20,NBF3,10.0,0.0,0.2,-0.5,0.0,0.19,1.18
2026-07-21,NBF3,10.0,0.0,0.5,0.5,0.0,0.49,1.18
2026-07-22,NBF3,10.01,0.1,0.1,0.6,0.1,0.1,1.18
2026-07-23,NBF3,10.0,-0.1,0.7,1.01,-0.1,0.68,1.18
2026-07-24,NBF3,9.97,-0.3,-0.3,-0.3,-0.29,-0.29,1.18
2026-07-27,NBF3,9.9,-0.7,-1.0,-0.9,-0.68,-0.97,1.18
2026-07-28,NBF3,9.71,-1.92,-2.9,-2.9,-1.84,-2.81,1.18
2026-07-29,NBF3,10.09,3.91,0.8,0.6,3.68,0.77,1.18
2026-07-30,NBF3,9.85,-2.38,-1.5,-1.5,-2.32,-1.45,1.18
2026-07-31,NBF3,9.88,0.3,-0.9,-2.66,0.29,-0.87,1.18
2026-08-03,NBF3,9.93,0.51,0.3,-0.7,0.48,0.29,1.18
2026-08-04,NBF3,9.75,-1.81,0.41,-2.5,-1.74,0.39,1.18
2026-08-06,NBF3,9.51,-2.46,-5.75,-4.9,-2.33,-5.62,1.18
2026-08-07,NBF3,9.55,0.42,-3.05,-4.5,0.39,-2.91,1.18
2026-08-10,NBF3,9.65,1.05,-2.33,-3.5,0.97,-2.23,1.18
2026-08-11,NBF3,9.6,-0.52,-3.32,-4.0,-0.49,-3.2,1.18
2026-08-12,NBF3,9.59,-0.1,-1.64,-5.05,-0.09,-1.55,1.18
2026-08-13,NBF3,9.72,1.36,2.21,-2.61,1.26,2.04,1.18
2026-08-14,NBF3,9.72,0.0,1.78,-2.31,0.0,1.65,1.18
2026-08-17,NBF3,9.75,0.31,1.04,-2.5,0.29,0.97,1.18
2026-02-09,NIBLGF,9.82,,,,,,-2.2
2026-02-10,NIBLGF,10.21,3.97,,,3.99,,-2.2
2026-02-11,NIBLGF,9.8,-4.02,,,-4.19,,-2.2
2026-02-12,NIBLGF,9.52,-2.86,,,-2.87,,-2.2
2026-02-16,NIBLGF,9.33,-2.0,,,-2.14,,-2.2
2026-02-17,NIBLGF,9.5,1.82,-3.26,,1.74,-3.47,-2.2
2026-02-22,NIBLGF,9.88,4.0,-3.23,,3.88,-3.58,-2.2
2026-02-23,NIBLGF,9.65,-2.33,-1.53,,-2.35,-1.74,-2.2
2026-02-24,NIBLGF,9.46,-1.97,-0.63,,-1.94,-0.81,-2.2
2026-02-25,NIBLGF,9.28,-1.9,-0.54,,-1.84,-0.51,-2.2
2026-02-26,NIBLGF,9.16,-1.29,-3.58,,-1.23,-3.48,-2.2
2026-03-01,NIBLGF,9.71,6.0,-1.72,,5.62,-1.74,-2.2
2026-03-03,NIBLGF,9.9,1.96,2.59,,1.94,2.55,-2.2
2026-03-09,NIBLGF,9.9,0.0,4.65,,0.0,4.49,-2.2
2026-03-10,NIBLGF,10.3,4.04,10.99,,4.09,10.42,-2.2
2026-03-11,NIBLGF,9.9,-3.88,8.08,,-4.09,7.56,-2.2
2026-03-12,NIBLGF,9.55,-3.54,-1.65,,-3.57,-1.63,-2.2
2026-03-15,NIBLGF,9.39,-1.68,-5.15,,-6.03,-9.6,-2.2
2026-03-16,NIBLGF,9.43,0.43,-4.75,,0.39,-9.21,-2.2
2026-03-17,NIBLGF,9.46,0.32,-8.16,,0.29,-13.01,-2.2
2026-03-19,NIBLGF,9.36,-1.06,-5.45,,-0.97,-9.89,-2.2
2026-03-22,NIBLGF,9.46,1.07,-0.94,,0.97,-5.35,-2.2
2026-03-23,NIBLGF,9.56,1.06,1.81,-2.65,0.98,1.66,-2.2
2026-03-24,NIBLGF,9.89,3.45,4.88,-3.13,3.21,4.48,-2.2
2026-03-25,NIBLGF,10.0,1.11,5.71,2.04,1.08,5.27,-2.2
2026-03-26,NIBLGF,9.74,-2.6,4.06,2.31,-2.54,3.7,-2.2
2026-03-29,NIBLGF,10.32,5.95,9.09,10.61,5.65,8.38,-2.2
2026-03-30,NIBLGF,9.75,-5.52,1.99,2.63,-5.55,1.85,-2.2
2026-03-31,NIBLGF,9.36,-4.0,-5.36,-5.26,-3.8,-5.16,-2.2
2026-04-01,NIBLGF,9.32,-0.43,-6.8,-3.42,-0.39,-6.63,-2.2
2026-04-02,NIBLGF,9.69,3.97,-0.51,2.43,3.6,-0.49,-2.2
2026-04-05,NIBLGF,9.84,1.55,-4.65,6.03,1.47,-4.67,-2.2
2026-04-06,NIBLGF,10.74,9.15,10.15,17.25,8.77,9.65,-2.2
2026-04-07,NIBLGF,9.98,-7.08,6.62,2.78,-7.41,6.04,-2.2
2026-04-08,NIBLGF,9.79,-1.9,5.04,-1.11,-1.85,4.58,-2.2
2026-04-09,NIBLGF,9.85,0.61,1.65,-0.51,0.58,1.56,-2.2
2026-04-10,NIBLGF,9.45,-4.06,-3.96,-8.25,-3.89,-3.8,-2.2
2026-04-13,NIBLGF,9.5,0.53,-11.55,-4.04,0.48,-12.09,-2.2
2026-04-15,NIBLGF,9.5,0.0,-4.81,-0.52,1.19,-3.49,-2.2
2026-04-16,NIBLGF,9.5,0.0,-2.96,1.17,0.0,-1.64,-2.2
2026-04-17,NIBLGF,9.5,0.0,-3.55,0.74,0.0,-2.22,-2.2
2026-04-20,NIBLGF,9.5,0.0,0.53,0.42,0.0,1.67,-2.2
2026-04-21,NIBLGF,9.41,-0.95,-0.95,0.53,-0.89,0.3,-2.2
2026-04-22,NIBLGF,9.42,0.11,-0.84,-0.42,0.1,-0.79,-2.2
2026-04-23,NIBLGF,9.4,-0.21,-1.05,-1.67,-0.2,-0.99,-2.2
2026-04-24,NIBLGF,9.38,-0.21,-1.26,-5.16,-0.19,-1.18,-2.2
2026-04-27,NIBLGF,9.35,-0.32,-1.58,-6.5,-0.3,-1.48,-2.2
2026-04-28,NIBLGF,9.29,-0.64,-1.28,-4.62,-0.59,-1.18,-2.2
2026-04-29,NIBLGF,9.31,0.22,-1.17,-9.79,0.2,-1.08,-2.2
2026-04-30,NIBLGF,9.65,3.65,2.66,-1.03,3.35,2.47,-2.2
2026-05-04,NIBLGF,9.22,-4.46,-1.71,-1.5,-4.24,-1.58,-2.2
2026-05-05,NIBLGF,9.5,3.04,1.6,1.93,2.76,1.48,-2.2
2026-05-06,NIBLGF,9.5,0.0,2.26,-1.96,0.0,2.07,-2.2
2026-05-07,NIBLGF,9.52,0.21,2.26,-3.25,0.2,2.07,-2.2
2026-05-08,NIBLGF,9.57,0.53,-0.83,-10.89,0.49,-0.79,-2.2
2026-05-11,NIBLGF,9.5,-0.73,3.04,-4.81,-0.69,2.76,-2.2
2026-05-12,NIBLGF,9.5,0.0,0.0,-2.96,0.0,0.0,-2.2
2026-05-13,NIBLGF,9.6,1.05,1.05,-2.54,0.99,0.99,-2.2
2026-05-14,NIBLGF,9.35,-2.6,-1.79,-1.06,-2.47,-1.68,-2.2
2026-05-15,NIBLGF,9.5,1.6,-0.73,0.0,3.27,1.1,-2.2
2026-05-18,NIBLGF,9.38,-1.26,-1.26,-1.26,-1.2,0.59,-2.2
2026-05-19,NIBLGF,9.16,-2.35,-3.58,-3.58,-2.22,-1.63,-2.2
2026-05-20,NIBLGF,9.38,2.4,-2.29,-1.26,2.22,-0.4,-2.2
2026-05-21,NIBLGF,9.63,2.67,2.99,1.37,2.51,4.58,-2.2
2026-05-22,NIBLGF,9.91,2.91,4.32,5.31,2.82,4.13,-2.2
2026-05-25,NIBLGF,9.43,-4.84,0.53,0.11,-4.83,0.5,-2.2
2026-05-26,NIBLGF,9.5,0.74,3.71,1.06,0.7,3.42,-2.2
2026-05-27,NIBLGF,9.32,-1.89,-0.64,-0.64,-1.81,-0.61,-2.2
2026-06-01,NIBLGF,9.12,-2.15,-5.3,-2.46,-2.01,-5.13,-2.2
2026-06-02,NIBLGF,9.21,0.99,-7.06,-0.86,0.91,-7.04,-2.2
2026-06-03,NIBLGF,9.2,-0.11,-2.44,-1.18,-0.1,-2.31,-2.2
2026-06-04,NIBLGF,9.4,2.17,-1.05,-2.59,2.01,-1.0,-2.2
2026-06-05,NIBLGF,9.4,0.0,0.86,1.95,0.0,0.81,-2.2
2026-06-08,NIBLGF,9.39,-0.11,2.96,-1.16,-0.1,2.72,-2.2
2026-06-09,NIBLGF,9.39,0.0,1.95,-1.16,0.0,1.81,-2.2
2026-06-10,NIBLGF,9.39,0.0,2.07,-1.37,0.0,1.91,-2.2
2026-06-11,NIBLGF,9.4,0.11,0.0,-1.78,0.1,0.0,-2.2
2026-06-12,NIBLGF,9.22,-1.91,-1.91,-2.95,-1.81,-1.81,-2.2
2026-06-15,NIBLGF,9.23,0.11,-1.7,-2.84,-0.28,-1.99,-2.2
2026-06-16,NIBLGF,9.36,1.41,-0.32,-2.5,1.31,-0.68,-2.2
2026-06-17,NIBLGF,9.35,-0.11,-0.43,0.0,-0.1,-0.78,-2.2
2026-06-18,NIBLGF,9.5,1.6,1.06,0.0,1.5,0.62,-2.2
2026-06-19,NIBLGF,9.35,-1.58,1.41,-0.32,-1.5,0.93,-2.2
2026-06-22,NIBLGF,9.35,0.0,1.3,2.07,0.0,1.21,-2.2
2026-06-23,NIBLGF,9.35,0.0,-0.11,-0.32,0.0,-0.1,-2.2
2026-06-24,NIBLGF,9.5,1.6,1.6,-1.35,1.5,1.5,-2.2
2026-06-25,NIBLGF,9.6,1.05,1.05,-3.13,1.0,1.0,-2.2
2026-06-26,NIBLGF,9.82,2.29,5.03,4.14,2.21,4.71,-2.2
2026-06-29,NIBLGF,9.5,-3.26,1.6,0.0,-3.21,1.5,-2.2
2026-06-30,NIBLGF,9.31,-2.0,-0.43,-0.11,-1.9,-0.4,-2.2
2026-07-01,NIBLGF,9.25,-0.64,-2.63,1.43,-0.6,-2.5,-2.2
2026-07-02,NIBLGF,9.25,0.0,-3.65,0.43,0.0,-3.5,-2.2
2026-07-03,NIBLGF,9.25,0.0,-5.8,0.54,0.0,-5.71,-2.2
2026-07-06,NIBLGF,9.5,2.7,0.0,1.06,2.5,0.0,-2.2
2026-07-07,NIBLGF,9.3,-2.11,-0.11,-1.06,-2.0,-0.1,-2.2
2026-07-08,NIBLGF,9.29,-0.11,0.43,-1.06,-0.1,0.4,-2.2
2026-07-10,NIBLGF,9.5,2.26,2.7,1.17,2.1,2.5,-2.2
2026-07-13,NIBLGF,9.0,-5.26,-2.7,-4.15,-5.01,-2.51,-2.2
2026-07-14,NIBLGF,9.5,5.56,0.0,1.06,5.01,0.0,-2.2
2026-07-15,NIBLGF,9.49,-0.11,2.04,2.93,-0.1,1.9,-2.2
2026-07-16,NIBLGF,10.91,14.96,17.44,18.2,14.23,16.23,-2.2
2026-07-17,NIBLGF,10.91,0.0,14.84,16.56,0.0,14.13,-2.2
2026-07-20,NIBLGF,10.55,-3.3,17.22,12.83,-3.61,15.53,-2.2
2026-07-21,NIBLGF,9.78,-7.3,2.95,2.95,-7.71,2.81,-2.2
2026-07-22,NIBLGF,9.5,-2.86,0.11,1.6,-2.81,0.1,-2.2
2026-07-23,NIBLGF,9.25,-2.63,-15.22,-1.07,-2.5,-16.63,-2.2
2026-07-24,NIBLGF,9.22,-0.32,-15.49,-1.39,-0.31,-16.94,-2.2
2026-07-27,NIBLGF,9.22,0.0,-12.61,-2.95,0.0,-13.33,-2.2
2026-07-28,NIBLGF,9.22,0.0,-5.73,-3.96,0.0,-5.62,-2.2
2026-07-29,NIBLGF,9.11,-1.19,-4.11,-7.23,-1.1,-3.91,-2.2
2026-07-30,NIBLGF,9.0,-1.21,-2.7,-5.26,-1.1,-2.51,-2.2
2026-07-31,NIBLGF,9.6,6.67,4.12,3.11,6.01,3.81,-2.2
2026-08-03,NIBLGF,9.75,1.56,5.75,5.41,3.71,7.52,-2.2
2026-08-04,NIBLGF,9.72,-0.31,5.42,5.08,-0.31,7.21,-2.2
2026-08-06,NIBLGF,9.25,-4.84,1.54,0.0,-4.82,3.49,-2.2
2026-08-07,NIBLGF,9.25,0.0,2.78,-2.63,0.0,4.59,-2.2
2026-08-10,NIBLGF,8.8,-4.86,-8.33,-5.38,-4.61,-6.03,-2.2
2026-08-11,NIBLGF,8.88,0.91,-8.92,-4.41,0.82,-8.92,-2.2
2026-08-12,NIBLGF,8.89,0.11,-8.54,-6.42,0.11,-8.5,-2.2
2026-08-13,NIBLGF,8.81,-0.9,-4.76,-2.11,-0.82,-4.5,-2.2
2026-08-14,NIBLGF,8.86,0.57,-4.22,-6.74,0.51,-3.99,-2.2
2026-08-17,NIBLGF,8.85,-0.11,0.57,-6.74,-0.1,0.52,-2.2
2026-02-09,NIBLSTF,9.22,,,,,,-3.57
2026-02-10,NIBLSTF,9.28,0.65,,,0.62,,-3.57
2026-02-11,NIBLSTF,9.09,-2.05,,,-1.95,,-3.57
2026-02-12,NIBLSTF,9.26,1.87,,,1.74,,-3.57
2026-02-16,NIBLSTF,9.23,-0.32,,,-0.5,,-3.57
2026-02-17,NIBLSTF,9.12,-1.19,-1.08,,-1.12,-1.21,-3.57
2026-02-22,NIBLSTF,9.2,0.88,-0.86,,0.82,-1.01,-3.57
2026-02-23,NIBLSTF,9.25,0.54,1.76,,0.51,1.45,-3.57
2026-02-24,NIBLSTF,9.25,0.0,-0.11,,0.0,-0.29,-3.57
2026-02-25,NIBLSTF,9.13,-1.3,-1.08,,-1.23,-1.02,-3.57
2026-02-26,NIBLSTF,9.05,-0.88,-0.77,,-0.82,-0.72,-3.57
2026-03-01,NIBLSTF,9.28,2.54,0.87,,2.35,0.81,-3.57
2026-03-03,NIBLSTF,9.2,-0.86,-0.54,,-0.81,-0.51,-3.57
2026-03-09,NIBLSTF,9.38,1.96,1.41,,1.84,1.33,-3.57
2026-03-10,NIBLSTF,9.36,-0.21,2.52,,-0.21,2.35,-3.57
2026-03-11,NIBLSTF,9.47,1.18,4.64,,1.13,4.3,-3.57
2026-03-12,NIBLSTF,9.6,1.37,3.45,,1.33,3.28,-3.57
2026-03-15,NIBLSTF,9.32,-2.92,1.3,,-7.42,-3.33,-3.57
2026-03-16,NIBLSTF,9.22,-1.07,-1.71,,-0.98,-6.15,-3.57
2026-03-17,NIBLSTF,9.35,1.41,-0.11,,1.27,-4.67,-3.57
2026-03-19,NIBLSTF,9.49,1.5,0.21,,1.37,-4.43,-3.57
2026-03-22,NIBLSTF,9.6,1.16,0.0,,1.07,-4.69,-3.57
2026-03-23,NIBLSTF,9.55,-0.52,2.47,3.58,-0.49,2.24,-3.57
2026-03-24,NIBLSTF,9.7,1.57,5.21,4.53,1.46,4.68,-3.57
2026-03-25,NIBLSTF,9.87,1.75,5.56,8.58,1.66,5.07,-3.57
2026-03-26,NIBLSTF,9.7,-1.72,2.21,4.75,-1.66,2.04,-3.57
2026-03-29,NIBLSTF,9.6,-1.03,0.0,4.01,-0.97,0.0,-3.57
2026-03-30,NIBLSTF,9.41,-1.98,-1.47,3.18,-1.85,-1.36,-3.57
2026-03-31,NIBLSTF,9.31,-1.06,-4.02,1.2,-0.98,-3.8,-3.57
2026-04-01,NIBLSTF,9.34,0.32,-5.37,0.97,0.29,-5.17,-3.57
2026-04-02,NIBLSTF,9.33,-0.11,-3.81,0.86,-0.09,-3.6,-3.57
2026-04-05,NIBLSTF,9.16,-1.82,-4.58,0.33,-1.66,-4.29,-3.57
2026-04-06,NIBLSTF,9.24,0.87,-1.81,2.1,0.78,-1.66,-3.57
2026-04-07,NIBLSTF,9.3,0.65,-0.11,0.22,0.58,-0.1,-3.57
2026-04-08,NIBLSTF,9.3,0.0,-0.43,1.09,0.0,-0.39,-3.57
2026-04-09,NIBLSTF,9.25,-0.54,-0.86,-1.39,-0.48,-0.78,-3.57
2026-04-10,NIBLSTF,9.28,0.32,1.31,-0.85,0.29,1.17,-3.57
2026-04-13,NIBLSTF,9.29,0.11,0.54,-1.9,0.1,0.49,-3.57
2026-04-15,NIBLSTF,9.29,0.0,-0.11,-3.23,1.98,1.89,-3.57
2026-04-16,NIBLSTF,9.23,-0.65,-0.75,-0.97,-0.6,1.29,-3.57
2026-04-17,NIBLSTF,9.27,0.43,0.22,0.54,0.4,2.17,-3.57
2026-04-20,NIBLSTF,9.22,-0.54,-0.65,-1.39,-0.5,1.38,-3.57
2026-04-21,NIBLSTF,9.21,-0.11,-0.86,-2.95,-0.1,1.18,-3.57
2026-04-22,NIBLSTF,9.09,-1.3,-2.15,-5.31,-1.19,-1.99,-3.57
2026-04-23,NIBLSTF,9.25,1.76,0.22,-3.14,1.59,0.2,-3.57
2026-04-24,NIBLSTF,9.25,0.0,-0.22,-4.64,0.0,-0.2,-3.57
2026-04-27,NIBLSTF,9.2,-0.54,-0.22,-6.79,-0.5,-0.2,-3.57
2026-04-28,NIBLSTF,9.02,-1.96,-2.06,-7.01,-1.79,-1.89,-3.57
2026-04-29,NIBLSTF,9.05,0.33,-0.44,-5.73,0.3,-0.4,-3.57
2026-04-30,NIBLSTF,9.0,-0.55,-2.7,-4.36,-0.5,-2.49,-3.57
2026-05-04,NIBLSTF,9.0,0.0,-2.7,-3.33,0.0,-2.49,-3.57
2026-05-05,NIBLSTF,9.07,0.78,-1.41,-2.89,0.7,-1.29,-3.57
2026-05-06,NIBLSTF,9.37,3.31,3.88,0.43,2.99,3.49,-3.57
2026-05-07,NIBLSTF,9.39,0.21,3.76,2.51,0.2,3.39,-3.57
2026-05-08,NIBLSTF,9.49,1.06,5.44,2.71,0.99,4.88,-3.57
2026-05-11,NIBLSTF,9.6,1.16,6.67,3.23,1.1,5.98,-3.57
2026-05-12,NIBLSTF,9.29,-3.23,2.43,-0.11,-3.09,2.19,-3.57
2026-05-13,NIBLSTF,9.1,-2.05,-2.88,-1.62,-1.89,-2.69,-3.57
2026-05-14,NIBLSTF,9.43,3.63,0.43,1.62,3.28,0.39,-3.57
2026-05-15,NIBLSTF,9.42,-0.11,-0.74,1.4,2.79,2.19,-3.57
2026-05-18,NIBLSTF,9.15,-2.87,-4.69,-1.51,-2.77,-1.68,-3.57
2026-05-19,NIBLSTF,9.34,2.08,0.54,1.19,1.95,3.36,-3.57
2026-05-20,NIBLSTF,9.33,-0.11,2.53,0.65,-0.1,5.15,-3.57
2026-05-21,NIBLSTF,9.31,-0.21,-1.27,0.98,-0.2,1.67,-3.57
2026-05-22,NIBLSTF,9.29,-0.21,-1.38,0.87,-0.21,-1.33,-3.57
2026-05-25,NIBLSTF,9.32,0.32,1.86,2.53,0.31,1.75,-3.57
2026-05-26,NIBLSTF,9.34,0.21,0.0,0.97,0.2,0.0,-3.57
2026-05-27,NIBLSTF,9.33,-0.11,0.0,0.86,-0.1,0.0,-3.57
2026-06-01,NIBLSTF,9.34,0.11,0.32,1.52,0.1,0.3,-3.57
2026-06-03,NIBLSTF,9.1,-2.57,-2.05,0.89,-2.46,-1.95,-3.57
2026-06-04,NIBLSTF,9.18,0.88,-1.5,1.44,0.82,-1.44,-3.57
2026-06-05,NIBLSTF,9.2,0.22,-1.5,2.22,0.21,-1.43,-3.57
2026-06-08,NIBLSTF,9.42,2.39,0.96,4.67,2.25,0.92,-3.57
2026-06-09,NIBLSTF,9.28,-1.49,-0.64,2.32,-1.43,-0.61,-3.57
2026-06-10,NIBLSTF,9.36,0.86,2.86,-0.11,0.82,2.67,-3.57
2026-06-11,NIBLSTF,9.11,-2.67,-0.76,-2.98,-2.57,-0.72,-3.57
2026-06-12,NIBLSTF,9.4,3.18,2.17,-0.95,2.98,2.05,-3.57
2026-06-15,NIBLSTF,9.35,-0.53,-0.74,-2.6,-1.1,-1.3,-3.57
2026-06-16,NIBLSTF,9.4,0.53,1.29,1.18,0.51,0.64,-3.57
2026-06-17,NIBLSTF,9.35,-0.53,-0.11,2.75,-0.51,-0.69,-3.57
2026-06-18,NIBLSTF,9.33,-0.21,2.41,-1.06,-0.21,1.67,-3.57
2026-06-19,NIBLSTF,9.12,-2.25,-2.98,-3.18,-2.14,-3.45,-3.57
2026-06-22,NIBLSTF,8.95,-1.86,-4.28,-2.19,-1.73,-4.08,-3.57
2026-06-23,NIBLSTF,9.29,3.8,-1.17,-0.54,3.47,-1.12,-3.57
2026-06-24,NIBLSTF,9.25,-0.43,-1.07,-0.86,-0.41,-1.02,-3.57
2026-06-25,NIBLSTF,9.31,0.65,-0.21,0.0,0.61,-0.2,-3.57
2026-06-26,NIBLSTF,9.3,-0.11,1.97,0.11,-0.1,1.84,-3.57
2026-06-29,NIBLSTF,9.3,0.0,3.91,-0.21,0.0,3.57,-3.57
2026-06-30,NIBLSTF,9.31,0.11,0.22,-0.32,0.1,0.2,-3.57
2026-07-01,NIBLSTF,9.08,-2.47,-1.84,-2.68,-2.35,-1.74,-3.57
2026-07-02,NIBLSTF,9.01,-0.77,-3.22,-3.53,-0.71,-3.06,-3.57
2026-07-03,NIBLSTF,9.3,3.22,0.0,2.2,2.96,0.0,-3.57
2026-07-06,NIBLSTF,8.6,-7.53,-7.53,-6.32,-7.14,-7.14,-3.57
2026-07-07,NIBLSTF,9.07,5.47,-2.58,-1.41,4.79,-2.45,-3.57
2026-07-08,NIBLSTF,8.91,-1.76,-1.87,-5.41,-1.63,-1.73,-3.57
2026-07-10,NIBLSTF,8.47,-4.94,-5.99,-8.73,-4.49,-5.51,-3.57
2026-07-13,NIBLSTF,8.42,-0.59,-9.46,-10.04,-0.51,-8.98,-3.57
2026-07-14,NIBLSTF,9.07,7.72,5.47,-0.44,6.63,4.79,-3.57
2026-07-15,NIBLSTF,8.5,-6.28,-6.28,-9.57,-5.82,-5.82,-3.57
2026-07-16,NIBLSTF,9.04,6.35,1.46,-3.32,5.51,1.32,-3.57
2026-07-17,NIBLSTF,9.18,1.55,8.38,-2.34,1.43,7.24,-3.57
2026-07-20,NIBLSTF,8.91,-2.94,5.82,-4.71,-2.75,5.0,-3.57
2026-07-21,NIBLSTF,8.67,-2.69,-4.41,-7.07,-2.45,-4.08,-3.57
2026-07-22,NIBLSTF,8.6,-0.81,1.18,-5.7,-0.71,1.03,-3.57
2026-07-23,NIBLSTF,8.85,2.91,-2.1,-1.12,2.55,-1.93,-3.57
2026-07-24,NIBLSTF,8.8,-0.56,-4.14,-5.27,-0.51,-3.87,-3.57
2026-07-27,NIBLSTF,8.8,0.0,-1.23,-4.86,0.0,-1.12,-3.57
2026-07-28,NIBLSTF,8.8,0.0,1.5,-5.48,0.0,1.33,-3.57
2026-07-29,NIBLSTF,8.99,2.16,4.53,-3.33,1.93,3.97,-3.57
2026-07-30,NIBLSTF,8.77,-2.45,-0.9,-5.7,-2.24,-0.82,-3.57
2026-07-31,NIBLSTF,8.62,-1.71,-2.05,-7.41,1.73,1.42,-3.57
2026-08-03,NIBLSTF,8.7,0.93,-1.14,-4.19,0.84,2.26,-3.57
2026-08-04,NIBLSTF,8.81,1.26,0.11,-2.22,1.17,3.43,-3.57
2026-08-06,NIBLSTF,8.79,-0.23,-2.22,-5.48,-0.21,1.29,-3.57
2026-08-07,NIBLSTF,8.79,0.0,0.23,2.21,0.0,3.53,-3.57
2026-08-10,NIBLSTF,8.54,-2.84,-0.93,-5.84,-2.65,-0.85,-3.57
2026-08-11,NIBLSTF,8.59,0.59,-1.26,-3.59,0.53,-1.16,-3.57
2026-08-12,NIBLSTF,8.55,-0.47,-2.95,0.94,-0.42,-2.75,-3.57
2026-08-13,NIBLSTF,8.56,0.12,-2.62,1.66,0.1,-2.44,-3.57
2026-08-14,NIBLSTF,8.57,0.12,-2.5,-5.51,0.11,-2.33,-3.57
2026-08-17,NIBLSTF,8.43,-1.63,-1.29,-0.82,-1.48,-1.16,-3.57
2026-02-09,NIBSF2,9.29,,,,,,-1.81
2026-02-10,NIBSF2,9.31,0.22,,,0.2,,-1.81
2026-02-11,NIBSF2,9.15,-1.72,,,-1.63,,-1.81
2026-02-12,NIBSF2,9.15,0.0,,,0.0,,-1.81
2026-02-16,NIBSF2,9.08,-0.77,,,-1.1,,-1.81
2026-02-17,NIBSF2,9.26,1.98,-0.32,,1.84,-0.69,-1.81
2026-02-22,NIBSF2,9.57,3.35,2.79,,3.15,2.26,-1.81
2026-02-23,NIBSF2,9.11,-4.81,-0.44,,-4.68,-0.79,-1.81
2026-02-24,NIBSF2,9.03,-0.88,-1.31,,-0.81,-1.6,-1.81
2026-02-25,NIBSF2,9.03,0.0,-0.55,,0.0,-0.5,-1.81
2026-02-26,NIBSF2,9.04,0.11,-2.38,,0.1,-2.24,-1.81
2026-03-01,NIBSF2,9.22,1.99,-3.66,,1.83,-3.56,-1.81
2026-03-03,NIBSF2,9.11,-1.19,0.0,,-1.12,0.0,-1.81
2026-03-09,NIBSF2,9.11,0.0,0.89,,0.0,0.81,-1.81
2026-03-10,NIBSF2,9.12,0.11,1.0,,0.1,0.91,-1.81
2026-03-11,NIBSF2,9.5,4.17,5.09,,3.87,4.68,-1.81
2026-03-12,NIBSF2,9.36,-1.47,1.52,,-1.42,1.43,-1.81
2026-03-15,NIBSF2,9.32,-0.43,2.31,,-4.39,-1.84,-1.81
2026-03-16,NIBSF2,9.38,0.64,2.96,,0.58,-1.26,-1.81
2026-03-17,NIBSF2,9.37,-0.11,2.74,,-0.1,-1.46,-1.81
2026-03-19,NIBSF2,9.48,1.17,-0.21,,1.08,-4.25,-1.81
2026-03-22,NIBSF2,9.74,2.74,4.06,,2.53,-0.3,-1.81
2026-03-23,NIBSF2,9.65,-0.92,3.54,3.88,-0.87,3.22,-1.81
2026-03-24,NIBSF2,9.8,1.55,4.48,5.26,1.46,4.1,-1.81
2026-03-25,NIBSF2,9.8,0.0,4.59,7.1,0.0,4.2,-1.81
2026-03-26,NIBSF2,9.55,-2.55,0.74,4.37,-2.44,0.68,-1.81
2026-03-29,NIBSF2,9.55,0.0,-1.95,5.18,0.0,-1.85,-1.81
2026-03-30,NIBSF2,9.51,-0.42,-1.45,2.7,-0.39,-1.37,-1.81
2026-03-31,NIBSF2,9.35,-1.68,-4.59,-2.3,-1.56,-4.39,-1.81
2026-04-01,NIBSF2,9.22,-1.39,-5.92,1.21,-1.27,-5.66,-1.81
2026-04-02,NIBSF2,9.58,3.9,0.31,6.09,3.51,0.29,-1.81
2026-04-05,NIBSF2,9.5,-0.84,-0.52,5.2,-0.78,-0.49,-1.81
2026-04-06,NIBSF2,10.12,6.53,6.41,11.95,6.05,5.95,-1.81
2026-04-07,NIBSF2,9.81,-3.06,4.92,6.4,-3.02,4.49,-1.81
2026-04-08,NIBSF2,9.72,-0.92,5.42,6.7,-0.88,4.88,-1.81
2026-04-09,NIBSF2,9.5,-2.26,-0.84,4.28,-2.15,-0.78,-1.81
2026-04-10,NIBSF2,9.47,-0.32,-0.32,3.84,-0.29,-0.29,-1.81
2026-04-13,NIBSF2,9.45,-0.21,-6.62,-0.53,-0.19,-6.53,-1.81
2026-04-15,NIBSF2,9.45,0.0,-3.67,0.96,1.36,-2.15,-1.81
2026-04-16,NIBSF2,9.28,-1.8,-4.53,-0.43,-1.68,-2.95,-1.81
2026-04-17,NIBSF2,9.36,0.86,-1.47,-0.21,0.79,-0.01,-1.81
2026-04-20,NIBSF2,9.35,-0.11,-1.27,-0.21,-0.1,0.18,-1.81
2026-04-21,NIBSF2,9.5,1.6,0.53,0.21,1.49,1.86,-1.81
2026-04-22,NIBSF2,9.32,-1.89,-1.38,-4.31,-1.78,-1.28,-1.81
2026-04-23,NIBSF2,9.35,0.32,0.75,-3.11,0.29,0.69,-1.81
2026-04-24,NIBSF2,9.27,-0.86,-0.96,-5.41,-0.79,-0.89,-1.81
2026-04-27,NIBSF2,9.38,1.19,0.32,-4.29,1.09,0.3,-1.81
2026-04-28,NIBSF2,9.5,1.28,0.0,-0.52,1.19,0.0,-1.81
2026-04-29,NIBSF2,9.5,0.0,1.93,-0.52,0.0,1.78,-1.81
2026-04-30,NIBSF2,9.27,-2.42,-0.86,-2.52,-2.28,-0.79,-1.81
2026-05-04,NIBSF2,9.12,-1.62,-1.62,-2.46,-1.48,-1.48,-1.81
2026-05-05,NIBSF2,9.15,0.33,-2.45,-0.76,0.29,-2.28,-1.81
2026-05-06,NIBSF2,9.3,1.64,-2.11,-2.92,1.49,-1.98,-1.81
2026-05-07,NIBSF2,9.15,-1.61,-3.68,-3.68,-1.49,-3.47,-1.81
2026-05-08,NIBSF2,9.22,0.77,-0.54,-8.89,0.7,-0.49,-1.81
2026-05-11,NIBSF2,9.16,-0.65,0.44,-6.63,-0.6,0.39,-1.81
2026-05-12,NIBSF2,9.48,3.49,3.61,-2.47,3.17,3.27,-1.81
2026-05-13,NIBSF2,9.47,-0.11,1.83,-0.32,-0.1,1.68,-1.81
2026-05-14,NIBSF2,9.3,-1.8,1.64,-1.8,-1.68,1.49,-1.81
2026-05-15,NIBSF2,9.2,-1.08,-0.22,-2.65,1.13,1.92,-1.81
2026-05-18,NIBSF2,9.5,3.26,3.71,0.53,3.04,5.56,-1.81
2026-05-19,NIBSF2,9.25,-2.63,-2.43,-0.32,-2.53,-0.14,-1.81
2026-05-20,NIBSF2,9.55,3.24,0.84,2.03,3.04,3.0,-1.81
2026-05-21,NIBSF2,9.29,-2.72,-0.11,-0.64,-2.64,2.04,-1.81
2026-05-22,NIBSF2,9.35,0.65,1.63,-1.58,0.61,1.52,-1.81
2026-05-25,NIBSF2,9.25,-1.07,-2.63,-0.75,-1.01,-2.53,-1.81
2026-05-26,NIBSF2,9.46,2.27,2.27,1.18,2.13,2.13,-1.81
2026-05-27,NIBSF2,9.58,1.27,0.31,3.34,1.21,0.3,-1.81
2026-06-01,NIBSF2,9.04,-5.64,-2.69,-3.62,-5.47,-2.53,-1.81
2026-06-02,NIBSF2,9.2,1.77,-1.6,-3.16,1.62,-1.52,-1.81
2026-06-03,NIBSF2,9.3,1.09,0.54,-2.11,1.01,0.5,-1.81
2026-06-04,NIBSF2,9.32,0.22,-1.48,0.54,0.21,-1.42,-1.81
2026-06-05,NIBSF2,9.22,-1.07,-3.76,1.1,-1.02,-3.65,-1.81
2026-06-08,NIBSF2,9.28,0.65,2.65,1.42,0.61,2.43,-1.81
2026-06-09,NIBSF2,9.2,-0.86,0.0,-1.08,-0.81,0.0,-1.81
2026-06-10,NIBSF2,9.24,0.43,-0.65,0.98,0.41,-0.6,-1.81
2026-06-11,NIBSF2,9.25,0.11,-0.75,0.33,0.1,-0.71,-1.81
2026-06-12,NIBSF2,9.03,-2.38,-2.06,-1.42,-2.23,-1.92,-1.81
2026-06-15,NIBSF2,9.12,1.0,-1.72,-3.8,0.35,-2.18,-1.81
2026-06-16,NIBSF2,9.1,-0.22,-1.09,-3.91,-0.2,-1.57,-1.81
2026-06-17,NIBSF2,9.06,-0.44,-1.95,-2.58,-0.4,-2.38,-1.81
2026-06-18,NIBSF2,9.1,0.44,-1.62,-1.09,0.4,-2.08,-1.81
2026-06-19,NIBSF2,9.27,1.87,2.66,-2.42,1.71,1.86,-1.81
2026-06-22,NIBSF2,9.52,2.7,4.39,2.92,2.52,4.03,-1.81
2026-06-23,NIBSF2,9.35,-1.79,2.75,-2.09,-1.71,2.52,-1.81
2026-06-24,NIBSF2,9.08,-2.89,0.22,-2.26,-2.72,0.2,-1.81
2026-06-25,NIBSF2,9.22,1.54,1.32,-1.39,1.41,1.21,-1.81
2026-06-26,NIBSF2,9.0,-2.39,-2.91,-2.7,-2.22,-2.72,-1.81
2026-06-29,NIBSF2,9.06,0.67,-4.83,-4.23,0.61,-4.63,-1.81
2026-06-30,NIBSF2,9.2,1.55,-1.6,-3.97,1.41,-1.51,-1.81
2026-07-01,NIBSF2,9.02,-1.96,-0.66,-0.22,-1.81,-0.6,-1.81
2026-07-02,NIBSF2,9.1,0.89,-1.3,-1.09,0.8,-1.21,-1.81
2026-07-03,NIBSF2,9.1,0.0,1.11,-2.15,0.0,1.01,-1.81
2026-07-06,NIBSF2,9.02,-0.88,-0.44,-3.22,-0.8,-0.4,-1.81
2026-07-07,NIBSF2,8.98,-0.44,-2.39,-2.6,-0.41,-2.22,-1.81
2026-07-08,NIBSF2,8.98,0.0,-0.44,-3.23,0.0,-0.41,-1.81
2026-07-10,NIBSF2,8.86,-1.34,-2.64,-3.7,-1.21,-2.42,-1.81
2026-07-13,NIBSF2,8.46,-4.51,-7.03,-8.44,-4.02,-6.44,-1.81
2026-07-14,NIBSF2,8.7,2.84,-3.55,-5.95,2.41,-3.23,-1.81
2026-07-15,NIBSF2,9.1,4.6,1.34,0.78,4.03,1.21,-1.81
2026-07-16,NIBSF2,9.1,0.0,1.34,-0.22,0.0,1.21,-1.81
2026-07-17,NIBSF2,8.85,-2.75,-0.11,-2.75,-2.52,-0.1,-1.81
2026-07-20,NIBSF2,9.0,1.69,6.38,-0.66,1.51,5.43,-1.81
2026-07-21,NIBSF2,9.0,0.0,3.45,-1.1,0.0,3.02,-1.81
2026-07-22,NIBSF2,8.82,-2.0,-3.08,-4.85,-1.81,-2.82,-1.81
2026-07-23,NIBSF2,8.89,0.79,-2.31,-6.62,0.71,-2.11,-1.81
2026-07-24,NIBSF2,8.85,-0.45,0.0,-5.35,-0.41,0.0,-1.81
2026-07-27,NIBSF2,8.87,0.23,-1.44,-2.31,0.21,-1.3,-1.81
2026-07-28,NIBSF2,8.99,1.35,-0.11,-2.49,1.2,-0.1,-1.81
2026-07-29,NIBSF2,8.75,-2.67,-0.79,-2.78,-2.41,-0.7,-1.81
2026-07-30,NIBSF2,8.8,0.57,-1.01,-2.87,0.5,-0.91,-1.81
2026-07-31,NIBSF2,8.8,0.0,-0.56,-4.35,1.64,1.14,-1.81
2026-08-03,NIBSF2,8.81,0.11,-0.68,-2.33,0.1,1.03,-1.81
2026-08-04,NIBSF2,8.67,-1.59,-3.56,-4.73,-1.44,-1.61,-1.81
2026-08-06,NIBSF2,9.0,3.81,2.86,-1.1,3.39,4.19,-1.81
2026-08-07,NIBSF2,8.76,-2.67,-0.45,-2.88,-2.46,1.23,-1.81
2026-08-10,NIBSF2,8.87,1.26,0.8,-1.22,1.12,0.71,-1.81
2026-08-11,NIBSF2,8.87,0.0,0.68,-1.22,0.0,0.61,-1.81
2026-08-12,NIBSF2,8.83,-0.45,1.85,-0.34,-0.41,1.64,-1.81
2026-08-13,NIBSF2,8.85,0.23,-1.67,4.61,0.21,-1.54,-1.81
2026-08-14,NIBSF2,9.0,1.69,2.74,3.45,1.54,2.46,-1.81
2026-08-17,NIBSF2,8.82,-2.0,-0.56,-3.08,-1.85,-0.51,-1.81
2026-02-09,NICBF,9.32,,,,,,0.88
2026-02-10,NICBF,9.3,-0.21,,,-0.2,,0.88
2026-02-11,NICBF,9.19,-1.18,,,-1.1,,0.88
2026-02-12,NICBF,9.2,0.11,,,0.19,,0.88
2026-02-16,NICBF,9.32,1.3,,,1.2,,0.88
2026-02-17,NICBF,9.65,3.54,3.54,,3.29,3.38,0.88
2026-02-22,NICBF,9.61,-0.41,3.33,,-0.4,3.18,0.88
2026-02-23,NICBF,9.6,-0.1,4.46,,-0.1,4.18,0.88
2026-02-24,NICBF,9.6,0.0,4.35,,0.0,3.99,0.88
2026-02-25,NICBF,9.6,0.0,3.0,,0.0,2.79,0.88
2026-02-26,NICBF,9.61,0.1,-0.41,,0.1,-0.4,0.88
2026-03-01,NICBF,9.43,-1.87,-1.87,,-1.79,-1.79,0.88
2026-03-03,NICBF,9.61,1.91,0.1,,1.79,0.1,0.88
2026-03-09,NICBF,9.61,0.0,0.1,,0.0,0.1,0.88
2026-03-10,NICBF,9.06,-5.72,-5.62,,-5.48,-5.38,0.88
2026-03-11,NICBF,9.34,3.09,-2.81,,2.79,-2.69,0.88
2026-03-12,NICBF,9.71,3.96,2.97,,3.69,2.79,0.88
2026-03-15,NICBF,9.71,0.0,1.04,,-4.07,-3.07,0.88
2026-03-16,NICBF,9.6,-1.13,-0.1,,-1.05,-4.12,0.88
2026-03-17,NICBF,9.98,3.96,10.15,,3.63,4.99,0.88
2026-03-19,NICBF,10.16,1.8,8.78,,1.72,3.92,0.88
2026-03-22,NICBF,9.58,-5.71,-1.34,,-5.54,-5.31,0.88
2026-03-23,NICBF,9.97,4.07,2.68,6.97,3.72,2.48,0.88
2026-03-24,NICBF,10.48,5.12,9.17,12.69,4.88,8.41,0.88
2026-03-25,NICBF,10.45,-0.29,4.71,13.71,-0.29,4.49,0.88
2026-03-26,NICBF,10.55,0.96,3.84,14.67,0.95,3.72,0.88
2026-03-29,NICBF,10.19,-3.41,6.37,9.33,-3.43,5.83,0.88
2026-03-31,NICBF,9.58,-5.99,-3.91,-0.73,-5.83,-3.72,0.88
2026-04-01,NICBF,9.39,-1.98,-10.4,-2.29,-1.82,-10.42,0.88
2026-04-02,NICBF,9.38,-0.11,-10.24,-2.29,-0.09,-10.22,0.88
2026-04-05,NICBF,9.6,2.35,-9.0,0.0,2.1,-9.07,0.88
2026-04-06,NICBF,9.96,3.75,-2.26,3.75,3.44,-2.2,0.88
2026-04-07,NICBF,10.34,3.82,7.93,7.6,3.63,7.26,0.88
2026-04-08,NICBF,10.54,1.93,12.25,11.77,1.91,10.99,0.88
2026-04-09,NICBF,9.83,-6.74,4.8,2.29,-6.78,4.3,0.88
2026-04-10,NICBF,9.42,-4.17,-1.87,-1.98,-3.92,-1.72,0.88
2026-04-13,NICBF,9.34,-0.85,-6.22,3.09,0.01,-5.15,0.88
2026-04-15,NICBF,9.52,1.93,-7.93,1.93,1.73,-7.05,0.88
2026-04-16,NICBF,9.6,0.84,-8.92,-1.13,0.78,-8.18,0.88
2026-04-17,NICBF,9.52,-0.83,-3.15,-1.96,-0.78,-2.18,0.88
2026-04-20,NICBF,9.52,0.0,1.06,-0.83,0.0,1.74,0.88
2026-04-21,NICBF,9.52,0.0,1.93,-4.61,0.0,1.73,0.88
2026-04-22,NICBF,9.32,-2.1,-2.1,-8.27,-1.92,-1.92,0.88
2026-04-23,NICBF,9.7,4.08,1.04,1.25,3.66,0.96,0.88
2026-04-24,NICBF,9.47,-2.37,-0.53,-5.02,-2.22,-0.48,0.88
2026-04-27,NICBF,9.47,0.0,-0.53,-9.64,0.0,-0.48,0.88
2026-04-28,NICBF,9.47,0.0,-0.53,-9.38,0.0,-0.48,0.88
2026-04-29,NICBF,9.47,0.0,1.61,-10.24,0.0,1.44,0.88
2026-04-30,NICBF,9.5,0.32,-2.06,-6.77,0.29,-1.93,0.88
2026-05-04,NICBF,9.31,-2.0,-1.69,-2.82,-1.83,-1.54,0.88
2026-05-05,NICBF,9.74,4.62,2.85,3.73,4.14,2.6,0.88
2026-05-06,NICBF,9.33,-4.21,-1.48,-0.53,-3.95,-1.35,0.88
2026-05-07,NICBF,9.41,0.86,-0.63,-1.98,0.78,-0.57,0.88
2026-05-08,NICBF,9.95,5.74,4.74,-0.1,5.2,4.34,0.88
2026-05-11,NICBF,9.95,0.0,6.87,-3.77,0.0,6.17,0.88
2026-05-12,NICBF,9.66,-2.91,-0.82,-8.35,-2.8,-0.77,0.88
2026-05-13,NICBF,9.85,1.97,5.57,0.2,1.83,5.01,0.88
2026-05-14,NICBF,9.83,-0.2,4.46,4.35,1.2,5.43,0.88
2026-05-15,NICBF,9.8,-0.31,-1.51,4.93,-0.29,-0.06,0.88
2026-05-18,NICBF,9.8,0.0,-1.51,2.94,0.0,-0.06,0.88
2026-05-19,NICBF,9.6,-2.04,-0.62,0.0,-1.96,0.78,0.88
2026-05-20,NICBF,9.65,0.52,-2.03,1.37,0.49,-0.56,0.88
2026-05-21,NICBF,9.65,0.0,-1.83,1.37,0.0,-1.76,0.88
2026-05-22,NICBF,9.4,-2.59,-4.08,-1.26,-2.44,-3.91,0.88
2026-05-25,NICBF,9.68,2.98,-1.22,3.86,2.73,-1.18,0.88
2026-05-26,NICBF,9.75,0.72,1.56,0.52,0.69,1.47,0.88
2026-05-27,NICBF,9.7,-0.51,0.52,2.43,-0.49,0.49,0.88
2026-06-01,NICBF,9.7,0.0,0.52,2.43,0.0,0.49,0.88
2026-06-02,NICBF,9.7,0.0,3.19,2.43,0.0,2.93,0.88
2026-06-03,NICBF,9.43,-2.78,-2.58,-0.42,-2.64,-2.44,0.88
2026-06-04,NICBF,9.5,0.74,-2.56,0.0,0.68,-2.45,0.88
2026-06-05,NICBF,9.75,2.63,0.52,4.73,2.45,0.49,0.88
2026-06-08,NICBF,9.46,-2.97,-2.47,-2.87,-2.84,-2.35,0.88
2026-06-09,NICBF,9.18,-2.96,-5.36,-1.61,-2.73,-5.08,0.88
2026-06-10,NICBF,9.2,0.22,-2.44,-2.23,0.19,-2.25,0.88
2026-06-11,NICBF,9.2,0.0,-3.16,-7.54,0.0,-2.93,0.88
2026-06-12,NICBF,9.2,0.0,-5.64,-7.54,0.0,-5.38,0.88
2026-06-15,NICBF,9.15,-0.54,-3.28,-5.28,-1.27,-3.81,0.88
2026-06-16,NICBF,9.15,0.0,-0.33,-7.11,0.0,-1.08,0.88
2026-06-17,NICBF,9.41,2.84,2.28,-4.27,2.52,1.25,0.88
2026-06-18,NICBF,9.41,0.0,2.28,-3.98,0.0,1.25,0.88
2026-06-19,NICBF,9.41,0.0,2.28,-3.98,0.0,1.25,0.88
2026-06-22,NICBF,9.18,-2.44,0.33,-4.37,-2.23,0.29,0.88
2026-06-23,NICBF,9.16,-0.22,0.11,-5.08,-0.19,0.1,0.88
2026-06-24,NICBF,9.22,0.66,-2.02,-4.46,0.58,-1.84,0.88
2026-06-25,NICBF,9.22,0.0,-2.02,-1.91,0.0,-1.84,0.88
2026-06-26,NICBF,9.3,0.87,-1.17,-3.93,0.78,-1.06,0.88
2026-06-29,NICBF,9.04,-2.8,-1.53,-7.28,-2.52,-1.35,0.88
2026-06-30,NICBF,9.08,0.44,-0.87,-6.39,0.38,-0.78,0.88
2026-07-01,NICBF,9.03,-0.55,-2.06,-6.91,-0.48,-1.84,0.88
2026-07-02,NICBF,9.3,2.99,0.87,-4.12,2.62,0.78,0.88
2026-07-03,NICBF,9.3,0.0,0.0,-1.38,0.0,0.0,0.88
2026-07-06,NICBF,9.09,-2.26,0.55,-4.32,-2.04,0.48,0.88
2026-07-07,NICBF,9.36,2.97,3.08,-4.0,2.62,2.72,0.88
2026-07-08,NICBF,9.6,2.56,6.31,1.48,2.32,5.52,0.88
2026-07-10,NICBF,9.1,-5.21,-2.15,-0.87,-4.84,-1.94,0.88
2026-07-13,NICBF,8.98,-1.32,-3.44,-2.39,-1.16,-3.1,0.88
2026-07-14,NICBF,8.98,0.0,-1.21,-2.39,0.0,-1.06,0.88
2026-07-15,NICBF,9.24,2.9,-1.28,0.43,2.51,-1.17,0.88
2026-07-16,NICBF,9.24,0.0,-3.75,0.98,0.0,-3.49,0.88
2026-07-17,NICBF,9.24,0.0,1.54,0.98,0.0,1.35,0.88
2026-07-20,NICBF,9.1,-1.52,1.34,-3.29,-1.35,1.16,0.88
2026-07-21,NICBF,9.1,0.0,1.34,-3.29,0.0,1.16,0.88
2026-07-22,NICBF,9.1,0.0,-1.52,-3.29,0.0,-1.35,0.88
2026-07-23,NICBF,9.1,0.0,-1.52,-0.87,0.0,-1.35,0.88
2026-07-24,NICBF,9.12,0.22,-1.3,-0.44,0.19,-1.16,0.88
2026-07-27,NICBF,9.34,2.41,2.64,1.3,2.13,2.32,0.88
2026-07-28,NICBF,9.34,0.0,2.64,1.3,0.0,2.32,0.88
2026-07-29,NICBF,9.34,0.0,2.64,0.43,0.0,2.32,0.88
2026-07-30,NICBF,9.34,0.0,2.64,3.32,0.0,2.32,0.88
2026-07-31,NICBF,9.5,1.71,4.17,4.63,1.55,3.68,0.88
2026-08-03,NICBF,9.4,-1.05,0.64,4.1,-0.96,0.59,0.88
2026-08-04,NICBF,9.02,-4.04,-3.43,-3.01,-3.69,-3.1,0.88
2026-08-06,NICBF,9.1,0.89,-2.57,-2.15,0.78,-2.32,0.88
2026-08-07,NICBF,9.57,5.16,2.46,5.28,4.55,2.23,0.88
2026-08-10,NICBF,9.3,-2.82,-2.11,-0.64,-2.61,-1.93,0.88
2026-08-11,NICBF,9.3,0.0,-1.06,-3.12,0.0,-0.97,0.88
2026-08-12,NICBF,9.2,-1.08,2.0,1.1,-0.97,1.75,0.88
2026-08-13,NICBF,9.2,0.0,1.1,2.45,0.0,0.97,0.88
2026-08-14,NICBF,9.2,0.0,-3.87,2.45,0.0,-3.58,0.88
2026-08-17,NICBF,9.21,0.11,-0.97,-0.32,0.09,-0.88,0.88
2026-02-09,NICFC,9.16,,,,,,0.88
2026-02-10,NICFC,9.15,-0.11,,,-0.1,,0.88
2026-02-11,NICFC,9.16,0.11,,,0.1,,0.88
2026-02-12,NICFC,9.16,0.0,,,-0.64,,0.88
2026-02-16,NICFC,9.2,0.44,,,0.4,,0.88
2026-02-17,NICFC,9.2,0.0,0.44,,0.0,-0.24,0.88
2026-02-22,NICFC,9.16,-0.43,0.11,,-0.4,-0.54,0.88
2026-02-23,NICFC,9.16,0.0,0.0,,0.0,-0.64,0.88
2026-02-24,NICFC,9.2,0.44,0.44,,0.4,0.4,0.88
2026-02-25,NICFC,9.2,0.0,0.0,,0.0,0.0,0.88
2026-02-26,NICFC,9.46,2.83,2.83,,2.58,2.58,0.88
2026-03-01,NICFC,9.44,-0.21,3.06,,-0.2,2.78,0.88
2026-03-03,NICFC,9.62,1.91,5.02,,1.78,4.56,0.88
2026-03-09,NICFC,9.81,1.98,6.63,,1.88,6.04,0.88
2026-03-10,NICFC,9.35,-4.69,1.63,,-4.55,1.49,0.88
2026-03-11,NICFC,9.42,0.75,-0.42,,0.69,-0.4,0.88
2026-03-12,NICFC,9.5,0.85,0.64,,0.79,0.59,0.88
2026-03-15,NICFC,9.5,0.0,-1.25,,-3.85,-5.04,0.88
2026-03-16,NICFC,9.51,0.11,-3.06,,0.1,-6.82,0.88
2026-03-17,NICFC,9.4,-1.16,0.53,,-1.05,-3.32,0.88
2026-03-19,NICFC,9.43,0.32,0.11,,0.29,-3.72,0.88
2026-03-22,NICFC,9.63,2.12,1.37,,1.9,-2.61,0.88
2026-03-23,NICFC,9.63,0.0,1.37,5.13,0.0,1.24,0.88
2026-03-24,NICFC,9.69,0.62,1.89,5.9,0.57,1.71,0.88
2026-03-25,NICFC,9.7,0.1,3.19,5.9,0.1,2.86,0.88
2026-03-26,NICFC,9.8,1.03,3.92,6.99,0.95,3.52,0.88
2026-03-29,NICFC,9.66,-1.43,0.31,5.0,-1.33,0.29,0.88
2026-03-30,NICFC,9.52,-1.45,-1.14,3.48,-1.34,-1.05,0.88
2026-03-31,NICFC,9.6,0.84,-0.93,4.8,0.76,-0.86,0.88
2026-04-01,NICFC,9.36,-2.5,-3.51,2.18,-2.28,-3.24,0.88
2026-04-02,NICFC,9.3,-0.64,-5.1,1.09,-0.57,-4.76,0.88
2026-04-05,NICFC,9.33,0.32,-3.42,1.41,0.29,-3.14,0.88
2026-04-06,NICFC,9.31,-0.21,-2.21,-1.59,-0.19,-1.99,0.88
2026-04-08,NICFC,9.39,0.86,-2.19,-0.53,0.76,-1.99,0.88
2026-04-09,NICFC,9.5,1.17,1.5,-1.25,1.04,1.33,0.88
2026-04-10,NICFC,9.45,-0.53,1.61,-3.67,-0.47,1.43,0.88
2026-04-13,NICFC,9.5,0.53,1.82,1.6,1.6,2.74,0.88
2026-04-15,NICFC,9.52,0.21,2.26,1.06,0.2,3.13,0.88
2026-04-16,NICFC,9.36,-1.68,-0.32,-1.47,-1.54,0.83,0.88
2026-04-17,NICFC,9.45,0.96,-0.53,-0.53,0.86,0.65,0.88
2026-04-20,NICFC,9.4,-0.53,-0.53,-1.16,-0.48,0.64,0.88
2026-04-21,NICFC,9.39,-0.11,-1.16,-0.11,-0.09,-1.05,0.88
2026-04-22,NICFC,9.34,-0.53,-1.89,-0.95,-0.49,-1.74,0.88
2026-04-23,NICFC,9.5,1.71,1.5,-1.35,1.54,1.34,0.88
2026-04-24,NICFC,9.2,-3.16,-2.65,-4.47,-2.88,-2.4,0.88
2026-04-27,NICFC,9.26,0.65,-1.49,-4.44,0.57,-1.35,0.88
2026-04-28,NICFC,9.27,0.11,-1.28,-4.43,0.1,-1.16,0.88
2026-04-29,NICFC,9.27,0.0,-0.75,-5.41,0.0,-0.67,0.88
2026-04-30,NICFC,9.18,-0.97,-3.37,-4.97,-0.87,-3.08,0.88
2026-05-04,NICFC,9.15,-0.33,-0.54,-3.89,-0.28,-0.48,0.88
2026-05-05,NICFC,9.25,1.09,-0.11,-3.65,0.96,-0.09,0.88
2026-05-06,NICFC,9.4,1.62,1.4,0.43,1.44,1.25,0.88
2026-05-07,NICFC,9.27,-1.38,0.0,-0.32,-1.25,0.0,0.88
2026-05-08,NICFC,9.4,1.4,2.4,0.75,1.25,2.12,0.88
2026-05-11,NICFC,9.57,1.81,4.59,2.79,1.64,4.04,0.88
2026-05-12,NICFC,9.4,-1.78,1.62,0.11,-1.64,1.44,0.88
2026-05-13,NICFC,9.38,-0.21,-0.21,-1.26,-0.19,-0.19,0.88
2026-05-14,NICFC,9.34,-0.43,0.76,-1.16,1.2,2.26,0.88
2026-05-15,NICFC,9.32,-0.21,-0.85,-1.89,-0.2,0.81,0.88
2026-05-18,NICFC,9.4,0.86,-1.78,-1.26,0.79,-0.04,0.88
2026-05-19,NICFC,9.26,-1.49,-1.49,-1.07,-1.37,0.23,0.88
2026-05-20,NICFC,9.35,0.97,-0.32,-1.06,0.88,1.3,0.88
2026-05-21,NICFC,9.4,0.53,0.64,0.0,0.49,0.59,0.88
2026-05-22,NICFC,9.4,0.0,0.86,0.11,0.0,0.79,0.88
2026-05-25,NICFC,9.5,1.06,1.06,1.71,0.98,0.98,0.88
2026-05-26,NICFC,9.55,0.53,3.13,0.53,0.49,2.84,0.88
2026-05-27,NICFC,9.59,0.42,2.57,4.24,0.39,2.35,0.88
2026-06-01,NICFC,9.34,-2.61,-0.64,0.86,-2.45,-0.59,0.88
2026-06-02,NICFC,9.3,-0.43,-1.06,0.32,-0.39,-0.98,0.88
2026-06-03,NICFC,9.5,2.15,0.0,2.48,1.96,0.0,0.88
2026-06-04,NICFC,9.5,0.0,-0.52,3.49,0.0,-0.49,0.88
2026-06-05,NICFC,9.54,0.42,-0.52,4.26,0.39,-0.49,0.88
2026-06-08,NICFC,9.3,-2.52,-0.43,0.54,-2.35,-0.39,0.88
2026-06-09,NICFC,9.5,2.15,2.15,1.06,1.96,1.96,0.88
2026-06-10,NICFC,9.35,-1.58,-1.58,0.86,-1.47,-1.47,0.88
2026-06-11,NICFC,9.25,-1.07,-2.63,-1.6,-0.98,-2.45,0.88
2026-06-12,NICFC,9.26,0.11,-2.94,-3.24,0.1,-2.74,0.88
2026-06-15,NICFC,9.4,1.51,1.08,0.0,0.56,0.17,0.88
2026-06-16,NICFC,9.39,-0.11,-1.16,0.11,-0.09,-1.88,0.88
2026-06-17,NICFC,9.45,0.64,1.07,1.18,0.58,0.17,0.88
2026-06-18,NICFC,9.39,-0.63,1.51,0.75,-0.58,0.57,0.88
2026-06-19,NICFC,9.32,-0.75,0.65,-0.85,-0.68,-0.21,0.88
2026-06-22,NICFC,9.33,0.11,-0.74,0.76,0.09,-0.68,0.88
2026-06-23,NICFC,9.23,-1.07,-1.7,-1.28,-0.97,-1.56,0.88
2026-06-24,NICFC,9.27,0.43,-1.9,-1.38,0.39,-1.75,0.88
2026-06-25,NICFC,9.4,1.4,0.11,0.0,1.26,0.09,0.88
2026-06-26,NICFC,9.26,-1.49,-0.64,-2.53,-1.36,-0.59,0.88
2026-06-29,NICFC,9.07,-2.05,-2.79,-5.03,-1.84,-2.52,0.88
2026-06-30,NICFC,9.1,0.33,-1.41,-5.11,0.29,-1.26,0.88
2026-07-01,NICFC,9.35,2.75,0.86,0.11,2.43,0.78,0.88
2026-07-02,NICFC,9.45,1.07,0.53,1.61,0.97,0.49,0.88
2026-07-03,NICFC,9.4,-0.53,1.51,-1.05,-0.49,1.36,0.88
2026-07-06,NICFC,9.39,-0.11,3.53,-1.16,-0.09,3.11,0.88
2026-07-07,NICFC,9.35,-0.43,2.75,-1.99,-0.39,2.43,0.88
2026-07-08,NICFC,9.36,0.11,0.11,0.65,0.09,0.09,0.88
2026-07-10,NICFC,9.6,2.56,1.59,1.05,2.33,1.45,0.88
2026-07-13,NICFC,9.16,-4.58,-2.55,-2.03,-4.27,-2.33,0.88
2026-07-14,NICFC,9.17,0.11,-2.34,-0.86,0.1,-2.14,0.88
2026-07-15,NICFC,9.49,3.49,1.5,2.48,3.11,1.36,0.88
2026-07-16,NICFC,9.06,-4.53,-3.21,-3.62,-4.18,-2.91,0.88
2026-07-17,NICFC,9.1,0.44,-5.21,-3.09,0.39,-4.85,0.88
2026-07-20,NICFC,9.3,2.2,1.53,-1.59,1.94,1.36,0.88
2026-07-21,NICFC,9.03,-2.9,-1.53,-3.83,-2.62,-1.36,0.88
2026-07-22,NICFC,9.27,2.66,-2.32,-0.54,2.33,-2.14,0.88
2026-07-23,NICFC,9.1,-1.83,0.44,-2.47,-1.65,0.39,0.88
2026-07-24,NICFC,9.2,1.1,1.1,-0.33,0.97,0.97,0.88
2026-07-27,NICFC,9.46,2.83,1.72,2.05,2.52,1.55,0.88
2026-07-28,NICFC,9.22,-2.54,2.1,-1.91,-2.33,1.84,0.88
2026-07-29,NICFC,9.12,-1.08,-1.62,-1.51,-0.97,-1.46,0.88
2026-07-30,NICFC,9.28,1.75,1.98,2.32,1.56,1.75,0.88
2026-07-31,NICFC,9.1,-1.94,-1.09,0.0,-1.75,-0.97,0.88
2026-08-03,NICFC,9.34,2.64,-1.27,-0.11,2.33,-1.16,0.88
2026-08-04,NICFC,9.12,-2.36,-1.08,-3.49,-2.14,-0.97,0.88
2026-08-06,NICFC,9.13,0.11,0.11,-2.87,0.1,0.1,0.88
2026-08-07,NICFC,9.37,2.63,0.97,-0.21,2.33,0.87,0.88
2026-08-10,NICFC,9.2,-1.81,1.1,-1.6,-1.65,0.97,0.88
2026-08-11,NICFC,9.2,0.0,-1.5,-1.71,0.0,-1.36,0.88
2026-08-12,NICFC,9.3,1.09,1.97,-3.12,0.97,1.75,0.88
2026-08-13,NICFC,9.07,-2.47,-0.66,-0.98,-2.23,-0.58,0.88
2026-08-14,NICFC,9.1,0.33,-2.88,-0.76,0.29,-2.62,0.88
2026-08-17,NICFC,9.1,0.0,-1.09,-4.11,0.0,-0.97,0.88
2026-02-09,NICGF2,9.27,,,,,,1.36
2026-02-10,NICGF2,9.45,1.94,,,1.78,,1.36
2026-02-11,NICGF2,9.1,-3.7,,,-3.46,,1.36
2026-02-12,NICGF2,9.19,0.99,,,0.8,,1.36
2026-02-16,NICGF2,9.16,-0.33,,,-0.29,,1.36
2026-02-17,NICGF2,9.47,3.38,2.16,,3.05,1.88,1.36
2026-02-22,NICGF2,9.4,-0.74,-0.53,,-0.69,-0.59,1.36
2026-02-23,NICGF2,9.25,-1.6,1.65,,-1.48,1.39,1.36
2026-02-24,NICGF2,9.26,0.11,0.76,,0.1,0.69,1.36
2026-02-25,NICGF2,9.4,1.51,2.62,,1.38,2.36,1.36
2026-02-26,NICGF2,9.22,-1.91,-2.64,,-1.77,-2.46,1.36
2026-03-01,NICGF2,9.4,1.95,0.0,,1.77,0.0,1.36
2026-03-03,NICGF2,9.27,-1.38,0.22,,-1.28,0.2,1.36
2026-03-09,NICGF2,9.27,0.0,0.11,,0.0,0.1,1.36
2026-03-10,NICGF2,9.3,0.32,-1.06,,0.3,-0.98,1.36
2026-03-11,NICGF2,9.39,0.97,1.84,,0.88,1.67,1.36
2026-03-12,NICGF2,9.44,0.53,0.43,,0.49,0.39,1.36
2026-03-15,NICGF2,9.5,0.64,2.48,,-3.97,-2.3,1.36
2026-03-16,NICGF2,9.7,2.11,4.64,,1.88,-0.42,1.36
2026-03-17,NICGF2,9.24,-4.74,-0.65,,-4.31,-5.03,1.36
2026-03-19,NICGF2,9.63,4.22,2.56,,3.65,-2.26,1.36
2026-03-22,NICGF2,9.64,0.1,2.12,,0.1,-2.65,1.36
2026-03-23,NICGF2,9.71,0.73,2.21,4.75,0.65,1.97,1.36
2026-03-24,NICGF2,9.66,-0.51,-0.41,2.22,-0.47,-0.38,1.36
2026-03-25,NICGF2,9.8,1.45,6.06,7.69,1.32,5.25,1.36
2026-03-26,NICGF2,9.8,0.0,1.77,6.64,0.0,1.6,1.36
2026-03-29,NICGF2,9.78,-0.2,1.45,6.77,-0.19,1.31,1.36
2026-03-30,NICGF2,9.8,0.2,0.93,3.48,0.19,0.85,1.36
2026-03-31,NICGF2,9.71,-0.92,0.52,3.3,-0.85,0.47,1.36
2026-04-01,NICGF2,9.56,-1.54,-2.45,3.35,-1.4,-2.25,1.36
2026-04-02,NICGF2,9.35,-2.2,-4.59,0.97,-1.97,-4.22,1.36
2026-04-05,NICGF2,9.18,-1.82,-6.13,-2.34,-1.59,-5.62,1.36
2026-04-06,NICGF2,9.54,3.92,-2.65,3.47,3.37,-2.44,1.36
2026-04-07,NICGF2,9.43,-1.15,-2.88,0.32,-1.03,-2.62,1.36
2026-04-08,NICGF2,9.53,1.06,-0.31,2.8,0.94,-0.28,1.36
2026-04-09,NICGF2,9.47,-0.63,1.28,2.16,-0.57,1.12,1.36
2026-04-10,NICGF2,9.48,0.11,3.27,1.94,0.1,2.81,1.36
2026-04-13,NICGF2,9.61,1.37,0.73,2.34,2.94,2.38,1.36
2026-04-15,NICGF2,9.69,0.83,2.76,2.65,0.76,4.17,1.36
2026-04-16,NICGF2,9.95,2.68,4.41,4.74,2.48,5.71,1.36
2026-04-17,NICGF2,9.94,-0.1,4.96,2.47,-0.09,6.19,1.36
2026-04-20,NICGF2,9.44,-5.03,-0.42,2.16,-4.78,1.31,1.36
2026-04-21,NICGF2,9.33,-1.17,-2.91,-3.12,-1.05,-2.68,1.36
2026-04-22,NICGF2,9.22,-1.18,-4.85,-4.36,-1.05,-4.49,1.36
2026-04-23,NICGF2,9.4,1.95,-5.53,-3.19,1.72,-5.25,1.36
2026-04-24,NICGF2,9.22,-1.91,-7.24,-4.55,-1.72,-6.88,1.36
2026-04-27,NICGF2,9.36,1.52,-0.85,-4.49,1.34,-0.76,1.36
2026-04-28,NICGF2,9.5,1.5,1.82,-3.06,1.34,1.63,1.36
2026-04-29,NICGF2,9.78,2.95,6.07,0.0,2.67,5.35,1.36
2026-04-30,NICGF2,9.31,-4.81,-0.96,-5.0,-4.49,-0.86,1.36
2026-05-04,NICGF2,9.57,2.79,3.8,-1.44,2.48,3.34,1.36
2026-05-05,NICGF2,9.3,-2.82,-0.64,-2.72,-2.57,-0.57,1.36
2026-05-06,NICGF2,9.78,5.16,2.95,4.6,4.58,2.67,1.36
2026-05-07,NICGF2,9.53,-2.56,-2.56,3.81,-2.39,-2.39,1.36
2026-05-08,NICGF2,9.52,-0.1,2.26,-0.21,-0.09,2.01,1.36
2026-05-11,NICGF2,9.4,-1.26,-1.78,-0.32,-1.15,-1.62,1.36
2026-05-12,NICGF2,9.3,-1.06,0.0,-2.41,-0.95,0.0,1.36
2026-05-13,NICGF2,9.68,4.09,-1.02,2.22,3.62,-0.96,1.36
2026-05-14,NICGF2,9.5,-1.86,-0.31,0.21,0.14,1.57,1.36
2026-05-15,NICGF2,9.26,-2.53,-2.73,-3.64,-2.34,-0.68,1.36
2026-05-18,NICGF2,9.4,1.51,0.0,-2.99,1.37,1.84,1.36
2026-05-19,NICGF2,9.45,0.53,1.61,-5.03,0.49,3.28,1.36
2026-05-20,NICGF2,9.45,0.0,-2.38,-4.93,0.0,-0.34,1.36
2026-05-21,NICGF2,9.73,2.96,2.42,3.07,2.72,2.24,1.36
2026-05-22,NICGF2,9.64,-0.92,4.1,3.32,-0.87,3.71,1.36
2026-05-25,NICGF2,9.5,-1.45,1.06,3.04,-1.37,0.97,1.36
2026-05-26,NICGF2,9.69,2.0,2.54,3.09,1.85,2.33,1.36
2026-05-27,NICGF2,9.72,0.31,2.86,5.42,0.3,2.63,1.36
2026-06-01,NICGF2,9.58,-1.44,-1.54,2.35,-1.37,-1.46,1.36
2026-06-02,NICGF2,9.32,-2.71,-3.32,-1.89,-2.53,-3.12,1.36
2026-06-03,NICGF2,9.4,0.86,-1.05,-3.89,0.78,-0.97,1.36
2026-06-04,NICGF2,9.37,-0.32,-3.3,0.64,-0.29,-3.11,1.36
2026-06-05,NICGF2,9.36,-0.11,-3.7,-2.19,-0.1,-3.51,1.36
2026-06-08,NICGF2,9.6,2.56,0.21,3.23,2.34,0.2,1.36
2026-06-09,NICGF2,9.62,0.21,3.22,-1.64,0.19,2.92,1.36
2026-06-10,NICGF2,9.61,-0.1,2.23,0.84,-0.1,2.04,1.36
2026-06-11,NICGF2,9.65,0.42,2.99,1.37,0.39,2.72,1.36
2026-06-12,NICGF2,9.36,-3.01,0.0,-0.43,-2.82,0.0,1.36
2026-06-15,NICGF2,9.26,-1.07,-3.54,-0.43,-2.19,-4.53,1.36
2026-06-16,NICGF2,9.22,-0.43,-4.16,-4.75,-0.39,-5.11,1.36
2026-06-17,NICGF2,9.5,3.04,-1.14,0.0,2.7,-2.31,1.36
2026-06-18,NICGF2,9.5,0.0,-1.55,2.59,0.0,-2.7,1.36
2026-06-19,NICGF2,9.55,0.53,2.03,1.6,0.48,0.6,1.36
2026-06-22,NICGF2,9.5,-0.52,2.59,0.53,-0.48,2.31,1.36
2026-06-23,NICGF2,9.31,-2.0,0.98,-1.48,-1.83,0.87,1.36
2026-06-24,NICGF2,9.25,-0.64,-2.63,-4.93,-0.58,-2.41,1.36
2026-06-25,NICGF2,9.27,0.22,-2.42,-3.84,0.19,-2.22,1.36
2026-06-26,NICGF2,9.17,-1.08,-3.98,-3.47,-0.96,-3.66,1.36
2026-06-29,NICGF2,9.2,0.33,-3.16,-5.06,0.29,-2.89,1.36
2026-06-30,NICGF2,9.12,-0.87,-2.04,-6.17,-0.77,-1.83,1.36
2026-07-01,NICGF2,9.42,3.29,1.84,-1.67,2.89,1.64,1.36
2026-07-02,NICGF2,9.3,-1.27,0.32,-0.21,-1.16,0.29,1.36
2026-07-03,NICGF2,9.21,-0.97,0.44,-2.02,-0.86,0.39,1.36
2026-07-06,NICGF2,9.2,-0.11,0.0,-1.81,-0.1,0.0,1.36
2026-07-07,NICGF2,9.15,-0.54,0.33,-2.24,-0.48,0.29,1.36
2026-07-08,NICGF2,9.2,0.55,-2.34,-4.17,0.48,-2.12,1.36
2026-07-10,NICGF2,9.1,-1.09,-2.15,-5.41,-0.96,-1.92,1.36
2026-07-13,NICGF2,9.15,0.55,-0.65,-4.79,0.48,-0.58,1.36
2026-07-14,NICGF2,9.38,2.51,1.96,-2.8,2.21,1.73,1.36
2026-07-15,NICGF2,9.43,0.53,3.06,0.75,0.48,2.69,1.36
2026-07-16,NICGF2,9.49,0.64,3.15,2.48,0.58,2.79,1.36
2026-07-17,NICGF2,9.5,0.11,4.4,3.04,0.1,3.85,1.36
2026-07-20,NICGF2,9.35,-1.58,2.19,-1.58,-1.45,1.92,1.36
2026-07-21,NICGF2,9.1,-2.67,-2.99,-4.21,-2.4,-2.69,1.36
2026-07-22,NICGF2,9.11,0.11,-3.39,-4.61,0.1,-3.07,1.36
2026-07-23,NICGF2,9.28,1.87,-2.21,-2.32,1.63,-2.02,1.36
2026-07-24,NICGF2,9.38,1.08,-1.26,0.75,0.96,-1.16,1.36
2026-07-27,NICGF2,9.27,-1.17,-0.86,0.22,-1.06,-0.77,1.36
2026-07-28,NICGF2,9.3,0.32,2.2,0.32,0.29,1.92,1.36
2026-07-29,NICGF2,9.14,-1.72,0.33,-0.33,-1.54,0.28,1.36
2026-07-30,NICGF2,9.2,0.66,-0.86,0.0,0.58,-0.77,1.36
2026-07-31,NICGF2,9.04,-1.74,-3.62,-0.88,-1.54,-3.27,1.36
2026-08-03,NICGF2,9.25,2.32,-0.22,-1.8,2.02,-0.19,1.36
2026-08-04,NICGF2,9.12,-1.41,-1.94,-1.94,-1.25,-1.73,1.36
2026-08-06,NICGF2,9.18,0.66,0.44,-0.33,0.58,0.39,1.36
2026-08-07,NICGF2,9.18,0.0,-0.22,-0.22,0.0,-0.19,1.36
2026-08-10,NICGF2,9.23,0.54,2.1,0.87,0.48,1.83,1.36
2026-08-11,NICGF2,9.01,-2.38,-2.59,-2.07,-2.12,-2.31,1.36
2026-08-12,NICGF2,9.08,0.78,-0.44,-0.22,0.68,-0.38,1.36
2026-08-13,NICGF2,8.99,-0.99,-2.07,-1.75,-0.87,-1.83,1.36
2026-08-14,NICGF2,9.5,5.67,3.49,1.28,4.91,3.08,1.36
2026-08-17,NICGF2,9.22,-2.95,-0.11,-2.23,-2.7,-0.1,1.36
2026-02-09,NICSF,8.89,,,,,,-2.55
2026-02-10,NICSF,8.91,0.22,,,0.21,,-2.55
2026-02-11,NICSF,8.82,-1.01,,,-0.95,,-2.55
2026-02-12,NICSF,8.92,1.13,,,1.05,,-2.55
2026-02-16,NICSF,8.9,-0.22,,,-0.11,,-2.55
2026-02-17,NICSF,9.12,2.47,2.59,,2.31,2.51,-2.55
2026-02-22,NICSF,9.1,-0.22,2.13,,-0.21,2.09,-2.55
2026-02-23,NICSF,8.89,-2.31,0.79,,-2.21,0.83,-2.55
2026-02-24,NICSF,9.1,2.36,2.02,,2.21,1.99,-2.55
2026-02-25,NICSF,9.1,0.0,2.25,,0.0,2.1,-2.55
2026-02-26,NICSF,9.02,-0.88,-1.1,,-0.84,-1.05,-2.55
2026-03-01,NICSF,9.18,1.77,0.88,,1.68,0.84,-2.55
2026-03-03,NICSF,9.48,3.27,6.64,,3.15,6.2,-2.55
2026-03-09,NICSF,9.48,0.0,4.18,,0.0,3.99,-2.55
2026-03-10,NICSF,9.49,0.11,4.29,,0.1,4.09,-2.55
2026-03-11,NICSF,9.5,0.11,5.32,,0.11,5.04,-2.55
2026-03-12,NICSF,9.54,0.42,3.92,,0.41,3.77,-2.55
2026-03-15,NICSF,9.52,-0.21,0.42,,-5.28,-4.66,-2.55
2026-03-16,NICSF,9.5,-0.21,0.21,,-0.2,-4.86,-2.55
2026-03-17,NICSF,9.32,-1.89,-1.79,,-1.79,-6.75,-2.55
2026-03-19,NICSF,9.6,3.0,1.05,,2.79,-4.07,-2.55
2026-03-22,NICSF,9.6,0.0,0.63,,0.0,-4.48,-2.55
2026-03-23,NICSF,9.7,1.04,1.89,9.11,0.99,1.79,-2.55
2026-03-24,NICSF,9.78,0.82,2.95,9.76,0.8,2.79,-2.55
2026-03-25,NICSF,9.52,-2.66,2.15,7.94,-2.59,1.99,-2.55
2026-03-26,NICSF,9.55,0.32,-0.52,7.06,0.3,-0.5,-2.55
2026-03-29,NICSF,9.5,-0.52,-1.04,6.74,-0.5,-1.0,-2.55
2026-03-30,NICSF,9.38,-1.26,-3.3,2.85,-1.19,-3.18,-2.55
2026-03-31,NICSF,9.41,0.32,-3.78,3.41,0.3,-3.68,-2.55
2026-04-01,NICSF,9.4,-0.11,-1.26,5.74,-0.1,-1.19,-2.55
2026-04-02,NICSF,9.4,0.0,-1.57,3.3,0.0,-1.49,-2.55
2026-04-05,NICSF,9.11,-3.09,-4.11,0.11,-2.89,-3.88,-2.55
2026-04-06,NICSF,9.31,2.2,-0.75,3.22,1.99,-0.7,-2.55
2026-04-07,NICSF,9.32,0.11,-0.96,1.53,0.1,-0.9,-2.55
2026-04-08,NICSF,9.45,1.39,0.53,-0.32,1.29,0.49,-2.55
2026-04-09,NICSF,9.3,-1.59,-1.06,-1.9,-1.49,-1.0,-2.55
2026-04-10,NICSF,9.3,0.0,2.09,-2.0,0.0,1.89,-2.55
2026-04-13,NICSF,9.43,1.4,1.29,-0.74,1.29,1.19,-2.55
2026-04-15,NICSF,9.4,-0.32,0.86,-1.47,1.13,2.22,-2.55
2026-04-16,NICSF,9.45,0.53,0.0,-0.74,0.5,1.43,-2.55
2026-04-17,NICSF,9.27,-1.9,-0.32,-2.42,-1.82,1.1,-2.55
2026-04-20,NICSF,9.16,-1.19,-1.51,-1.72,-1.11,-0.01,-2.55
2026-04-21,NICSF,9.21,0.55,-2.33,-4.06,0.5,-0.8,-2.55
2026-04-22,NICSF,9.39,1.95,-0.11,-2.19,1.82,-0.11,-2.55
2026-04-23,NICSF,9.18,-2.24,-2.86,-5.36,-2.12,-2.73,-2.55
2026-04-24,NICSF,9.2,0.22,-0.76,-5.93,0.2,-0.71,-2.55
2026-04-27,NICSF,9.26,0.65,1.09,-2.73,0.61,1.01,-2.55
2026-04-28,NICSF,9.16,-1.08,-0.54,-4.08,-1.01,-0.5,-2.55
2026-04-29,NICSF,9.4,2.62,0.11,-1.05,2.43,0.11,-2.55
2026-04-30,NICSF,9.38,-0.21,2.18,0.0,-0.21,2.02,-2.55
2026-05-04,NICSF,9.25,-1.39,0.54,-1.7,-1.31,0.51,-2.55
2026-05-05,NICSF,9.28,0.32,0.22,-1.28,0.3,0.2,-2.55
2026-05-06,NICSF,9.45,1.83,3.17,0.53,1.72,2.93,-2.55
2026-05-07,NICSF,9.6,1.59,2.13,5.38,1.52,2.02,-2.55
2026-05-08,NICSF,9.7,1.04,3.41,4.19,1.01,3.24,-2.55
2026-05-11,NICSF,9.6,-1.03,3.78,3.0,-1.01,3.54,-2.55
2026-05-12,NICSF,9.58,-0.21,3.23,1.38,-0.2,3.04,-2.55
2026-05-13,NICSF,9.24,-3.55,-2.22,-0.65,-3.44,-2.12,-2.55
2026-05-14,NICSF,9.25,0.11,-3.65,-0.54,0.1,-3.54,-2.55
2026-05-15,NICSF,9.15,-1.08,-5.67,-2.97,1.19,-3.36,-2.55
2026-05-18,NICSF,9.25,1.09,-3.65,-1.6,1.04,-1.31,-2.55
2026-05-19,NICSF,9.25,0.0,-3.44,-2.12,0.0,-1.11,-2.55
2026-05-20,NICSF,9.36,1.19,1.3,0.97,1.13,3.46,-2.55
2026-05-21,NICSF,9.13,-2.46,-1.3,-0.33,-2.38,0.98,-2.55
2026-05-22,NICSF,9.29,1.75,1.53,0.87,1.66,1.45,-2.55
2026-05-25,NICSF,9.2,-0.97,-0.54,-2.02,-0.93,-0.52,-2.55
2026-05-26,NICSF,9.3,1.09,0.54,1.31,1.03,0.51,-2.55
2026-05-27,NICSF,9.32,0.22,-0.43,1.3,0.21,-0.41,-2.55
2026-06-01,NICSF,9.1,-2.36,-0.33,-1.73,-2.28,-0.31,-2.55
2026-06-02,NICSF,9.13,0.33,-1.72,-0.33,0.31,-1.66,-2.55
2026-06-03,NICSF,9.32,2.08,1.3,-0.85,1.97,1.24,-2.55
2026-06-04,NICSF,9.29,-0.32,-0.11,-0.96,-0.31,-0.1,-2.55
2026-06-05,NICSF,9.35,0.65,0.32,1.08,0.62,0.31,-2.55
2026-06-08,NICSF,9.31,-0.43,2.31,0.32,-0.41,2.18,-2.55
2026-06-09,NICSF,9.44,1.4,3.4,-0.11,1.34,3.21,-2.55
2026-06-10,NICSF,9.49,0.53,1.82,-1.15,0.52,1.76,-2.55
2026-06-11,NICSF,9.45,-0.42,1.72,-2.58,-0.41,1.66,-2.55
2026-06-12,NICSF,9.4,-0.53,0.53,-2.08,-0.52,0.52,-2.55
2026-06-15,NICSF,9.4,0.0,0.97,-1.88,-1.39,-0.46,-2.55
2026-06-16,NICSF,9.53,1.38,0.95,3.14,1.32,-0.48,-2.55
2026-06-17,NICSF,9.3,-2.41,-2.0,0.54,-2.34,-3.34,-2.55
2026-06-18,NICSF,9.3,0.0,-1.59,1.64,0.0,-2.93,-2.55
2026-06-19,NICSF,9.23,-0.75,-1.81,-0.22,-0.72,-3.13,-2.55
2026-06-22,NICSF,9.28,0.54,-1.28,0.32,0.51,-1.23,-2.55
2026-06-23,NICSF,9.38,1.08,-1.57,0.21,1.02,-1.53,-2.55
2026-06-24,NICSF,9.3,-0.85,0.0,1.86,-0.81,0.0,-2.55
2026-06-25,NICSF,9.3,0.0,0.0,0.11,0.0,0.0,-2.55
2026-06-26,NICSF,9.44,1.51,2.28,2.61,1.43,2.15,-2.55
2026-06-29,NICSF,9.35,-0.95,0.75,0.54,-0.92,0.72,-2.55
2026-06-30,NICSF,9.3,-0.53,-0.85,-0.21,-0.51,-0.81,-2.55
2026-07-01,NICSF,9.3,0.0,0.0,2.2,0.0,0.0,-2.55
2026-07-02,NICSF,9.48,1.94,1.94,3.83,1.83,1.83,-2.55
2026-07-03,NICSF,9.24,-2.53,-2.12,-0.86,-2.44,-2.04,-2.55
2026-07-06,NICSF,9.35,1.19,0.0,0.65,1.12,0.0,-2.55
2026-07-07,NICSF,9.16,-2.03,-1.51,-2.03,-1.94,-1.43,-2.55
2026-07-08,NICSF,9.4,2.62,1.08,0.97,2.45,1.02,-2.55
2026-07-10,NICSF,9.35,-0.53,-1.37,-0.95,-0.51,-1.32,-2.55
2026-07-13,NICSF,9.2,-1.6,-0.43,-3.06,-1.53,-0.41,-2.55
2026-07-14,NICSF,9.35,1.63,0.0,-1.06,1.53,0.0,-2.55
2026-07-15,NICSF,9.0,-3.74,-1.75,-4.26,-3.57,-1.63,-2.55
2026-07-16,NICSF,9.1,1.11,-3.19,-3.19,1.02,-3.06,-2.55
2026-07-17,NICSF,9.26,1.76,-0.96,-2.83,1.63,-0.92,-2.55
2026-07-20,NICSF,9.27,0.11,0.76,-0.32,0.1,0.71,-2.55
2026-07-21,NICSF,9.0,-2.91,-3.74,-3.23,-2.75,-3.57,-2.55
2026-07-22,NICSF,9.0,0.0,0.0,-2.49,0.0,0.0,-2.55
2026-07-23,NICSF,9.2,2.22,1.1,-0.86,2.04,1.02,-2.55
2026-07-24,NICSF,9.2,0.0,-0.65,-1.92,0.0,-0.61,-2.55
2026-07-27,NICSF,9.0,-2.17,-2.91,-3.23,-2.04,-2.75,-2.55
2026-07-28,NICSF,8.9,-1.11,-1.11,-4.3,-1.02,-1.02,-2.55
2026-07-29,NICSF,8.95,0.56,-0.56,-5.19,0.51,-0.51,-2.55
2026-07-30,NICSF,8.8,-1.68,-4.35,-5.88,-1.53,-4.08,-2.55
2026-07-31,NICSF,9.0,2.27,-2.17,-3.23,2.04,-2.04,-2.55
2026-08-03,NICSF,9.0,0.0,0.0,-3.23,2.4,2.4,-2.55
2026-08-04,NICSF,8.8,-2.22,-1.12,-7.17,-2.09,1.33,-2.55
2026-08-06,NICSF,8.56,-2.73,-4.36,-7.36,-2.52,-1.7,-2.55
2026-08-07,NICSF,8.9,3.97,1.14,-4.81,3.56,3.39,-2.55
2026-08-10,NICSF,8.64,-2.92,-4.0,-5.68,-2.72,-1.37,-2.55
2026-08-11,NICSF,8.66,0.23,-3.78,-7.87,0.21,-3.56,-2.55
2026-08-12,NICSF,8.83,1.96,0.34,-5.56,1.78,0.31,-2.55
2026-08-13,NICSF,8.89,0.68,3.86,-3.37,0.63,3.46,-2.55
2026-08-14,NICSF,9.0,1.24,1.12,-3.74,1.15,1.05,-2.55
2026-08-17,NICSF,8.73,-3.0,1.04,-3.0,-2.83,0.94,-2.55
2026-02-09,NMB50,10.31,,,,,,-1.42
2026-02-10,NMB50,10.51,1.94,,,1.94,,-1.42
2026-02-11,NMB50,10.26,-2.38,,,-2.42,,-1.42
2026-02-12,NMB50,10.25,-0.1,,,-0.2,,-1.42
2026-02-16,NMB50,10.45,1.95,,,1.94,,-1.42
2026-02-17,NMB50,10.17,-2.68,-1.36,,-2.71,-1.45,-1.42
2026-02-22,NMB50,10.3,1.28,-2.0,,1.26,-2.13,-1.42
2026-02-23,NMB50,10.49,1.84,2.24,,1.84,2.13,-1.42
2026-02-24,NMB50,10.79,2.86,5.27,,2.9,5.23,-1.42
2026-02-25,NMB50,10.4,-3.61,-0.48,,-3.77,-0.48,-1.42
2026-02-26,NMB50,10.3,-0.96,1.28,,-0.97,1.26,-1.42
2026-03-01,NMB50,10.13,-1.65,-1.65,,-1.65,-1.65,-1.42
2026-03-03,NMB50,10.53,3.95,0.38,,3.87,0.38,-1.42
2026-03-09,NMB50,10.53,0.0,-2.41,,0.0,-2.52,-1.42
2026-03-10,NMB50,10.75,2.09,3.37,,2.14,3.39,-1.42
2026-03-11,NMB50,10.36,-3.63,0.58,,-3.78,0.58,-1.42
2026-03-12,NMB50,10.34,-0.19,2.07,,-0.2,2.03,-1.42
2026-03-15,NMB50,10.34,0.0,-1.8,,-4.98,-6.82,-1.42
2026-03-16,NMB50,10.31,-0.29,-2.09,,-0.27,-7.09,-1.42
2026-03-17,NMB50,10.33,0.19,-3.91,,0.18,-9.05,-1.42
2026-03-19,NMB50,10.38,0.48,0.19,,0.46,-4.81,-1.42
2026-03-22,NMB50,10.59,2.02,2.42,,1.93,-2.68,-1.42
2026-03-23,NMB50,10.7,1.04,3.48,3.78,1.02,3.32,-1.42
2026-03-24,NMB50,10.5,-1.87,1.84,-0.1,-1.84,1.75,-1.42
2026-03-25,NMB50,10.65,1.43,3.1,3.8,1.38,2.95,-1.42
2026-03-26,NMB50,10.7,0.47,3.08,4.39,0.46,2.95,-1.42
2026-03-29,NMB50,10.7,0.0,1.04,2.39,0.0,1.02,-1.42
2026-03-30,NMB50,10.63,-0.65,-0.65,4.52,-0.65,-0.65,-1.42
2026-03-31,NMB50,10.5,-1.22,0.0,1.94,-1.19,0.0,-1.42
2026-04-01,NMB50,10.44,-0.57,-1.97,-0.48,-0.56,-1.94,-1.42
2026-04-02,NMB50,10.44,0.0,-2.43,-3.24,0.0,-2.4,-1.42
2026-04-05,NMB50,10.24,-1.92,-4.3,-1.54,-1.84,-4.24,-1.42
2026-04-06,NMB50,10.64,3.91,0.09,3.3,3.68,0.09,-1.42
2026-04-07,NMB50,10.36,-2.63,-1.33,2.27,-2.57,-1.29,-1.42
2026-04-08,NMB50,10.56,1.93,1.15,0.28,1.84,1.11,-1.42
2026-04-09,NMB50,10.4,-1.52,-0.38,-1.23,-1.48,-0.37,-1.42
2026-04-10,NMB50,10.36,-0.38,1.17,-3.63,-0.36,1.11,-1.42
2026-04-13,NMB50,10.35,-0.1,-2.73,-0.1,0.79,-1.78,-1.42
2026-04-15,NMB50,10.5,1.45,1.35,1.55,1.39,2.18,-1.42
2026-04-16,NMB50,10.42,-0.76,-1.33,0.77,-0.74,-0.4,-1.42
2026-04-17,NMB50,10.3,-1.15,-0.96,-0.1,-1.12,-0.04,-1.42
2026-04-20,NMB50,10.5,1.94,1.35,1.65,1.86,2.18,-1.42
2026-04-21,NMB50,10.6,0.95,2.42,2.12,0.93,2.32,-1.42
2026-04-22,NMB50,10.63,0.28,1.24,0.38,0.28,1.21,-1.42
2026-04-23,NMB50,10.33,-2.82,-0.86,-3.46,-2.79,-0.84,-1.42
2026-04-24,NMB50,10.66,3.19,3.5,1.52,3.07,3.35,-1.42
2026-04-27,NMB50,10.74,0.75,2.29,0.85,0.74,2.23,-1.42
2026-04-28,NMB50,10.51,-2.14,-0.85,-1.78,-2.13,-0.83,-1.42
2026-04-29,NMB50,10.79,2.66,1.51,0.84,2.6,1.49,-1.42
2026-04-30,NMB50,10.5,-2.69,1.65,-1.22,-2.7,1.58,-1.42
2026-05-04,NMB50,10.31,-1.81,-3.28,-1.81,-1.76,-3.25,-1.42
2026-05-05,NMB50,10.3,-0.1,-4.1,-1.34,-0.1,-4.09,-1.42
2026-05-06,NMB50,10.31,0.1,-1.9,-1.25,0.1,-1.86,-1.42
2026-05-07,NMB50,10.32,0.1,-4.36,0.78,0.09,-4.37,-1.42
2026-05-08,NMB50,10.79,4.55,2.76,1.41,4.37,2.7,-1.42
2026-05-11,NMB50,10.5,-2.69,1.84,1.35,-2.7,1.76,-1.42
2026-05-12,NMB50,10.53,0.29,2.23,-0.28,0.28,2.14,-1.42
2026-05-13,NMB50,10.53,0.0,2.13,1.25,0.0,2.04,-1.42
2026-05-14,NMB50,10.5,-0.28,1.74,1.35,1.76,3.71,-1.42
2026-05-15,NMB50,10.5,0.0,-2.69,1.45,0.0,-0.66,-1.42
2026-05-18,NMB50,10.52,0.19,0.19,0.19,0.19,2.23,-1.42
2026-05-19,NMB50,10.53,0.1,0.0,1.06,0.1,2.05,-1.42
2026-05-20,NMB50,10.54,0.09,0.09,2.33,0.09,2.14,-1.42
2026-05-21,NMB50,10.75,1.99,2.38,2.38,1.99,2.37,-1.42
2026-05-22,NMB50,10.7,-0.47,1.9,0.94,-0.47,1.9,-1.42
2026-05-25,NMB50,10.7,0.0,1.71,0.66,0.0,1.71,-1.42
2026-05-26,NMB50,10.84,1.31,2.94,4.94,1.33,2.94,-1.42
2026-05-27,NMB50,10.84,0.0,2.85,1.69,0.0,2.85,-1.42
2026-06-01,NMB50,10.86,0.18,1.02,1.12,0.19,1.05,-1.42
2026-06-02,NMB50,10.8,-0.55,0.93,2.76,-0.57,0.95,-1.42
2026-06-03,NMB50,10.8,0.0,0.93,0.09,0.0,0.95,-1.42
2026-06-04,NMB50,11.06,2.41,2.03,5.33,2.46,2.08,-1.42
2026-06-05,NMB50,10.99,-0.63,1.38,6.6,-0.66,1.42,-1.42
2026-06-08,NMB50,10.99,0.0,1.2,6.7,0.0,1.23,-1.42
2026-06-09,NMB50,10.88,-1.0,0.74,5.53,-1.04,0.76,-1.42
2026-06-10,NMB50,11.02,1.29,2.04,6.78,1.32,2.08,-1.42
2026-06-11,NMB50,11.02,0.0,-0.36,2.13,0.0,-0.38,-1.42
2026-06-12,NMB50,11.02,0.0,0.27,4.95,0.0,0.28,-1.42
2026-06-15,NMB50,10.7,-2.9,-2.64,1.61,-3.61,-3.33,-1.42
2026-06-16,NMB50,10.38,-2.99,-4.6,-1.42,-3.02,-5.31,-1.42
2026-06-17,NMB50,10.46,0.77,-5.08,-0.38,0.76,-5.87,-1.42
2026-06-18,NMB50,10.7,2.29,-2.9,1.9,2.26,-3.61,-1.42
2026-06-19,NMB50,10.7,0.0,-2.9,1.71,0.0,-3.61,-1.42
2026-06-22,NMB50,10.45,-2.34,-2.34,-0.76,-2.36,-2.36,-1.42
2026-06-23,NMB50,10.21,-2.3,-1.64,-3.13,-2.26,-1.6,-1.42
2026-06-24,NMB50,10.19,-0.2,-2.58,-5.21,-0.19,-2.55,-1.42
2026-06-25,NMB50,10.19,0.0,-4.77,-4.77,0.0,-4.81,-1.42
2026-06-26,NMB50,10.2,0.1,-4.67,-4.67,0.1,-4.71,-1.42
2026-06-29,NMB50,10.08,-1.18,-3.54,-7.01,-1.14,-3.49,-1.42
2026-06-30,NMB50,10.18,0.99,-0.29,-6.09,0.95,-0.28,-1.42
2026-07-01,NMB50,10.35,1.67,1.57,-4.7,1.6,1.51,-1.42
2026-07-02,NMB50,10.5,1.45,3.04,-2.78,1.42,2.93,-1.42
2026-07-03,NMB50,10.5,0.0,2.94,-2.78,0.0,2.83,-1.42
2026-07-06,NMB50,10.19,-2.95,1.09,-7.87,-2.93,1.04,-1.42
2026-07-07,NMB50,10.69,4.91,5.01,-2.73,4.72,4.81,-1.42
2026-07-08,NMB50,10.39,-2.81,0.39,-5.46,-2.83,0.38,-1.42
2026-07-10,NMB50,10.25,-1.35,-2.38,-5.79,-1.32,-2.36,-1.42
2026-07-13,NMB50,10.49,2.34,-0.1,-4.81,2.26,-0.1,-1.42
2026-07-14,NMB50,10.49,0.0,2.94,-4.81,0.0,2.83,-1.42
2026-07-15,NMB50,10.49,0.0,-1.87,-4.81,0.0,-1.89,-1.42
2026-07-16,NMB50,10.18,-2.96,-2.02,-4.86,-1.54,-0.6,-1.42
2026-07-17,NMB50,10.6,4.13,3.41,2.12,4.02,4.74,-1.42
2026-07-20,NMB50,10.88,2.64,3.72,4.02,2.67,5.15,-1.42
2026-07-21,NMB50,10.66,-2.02,1.62,-0.37,-2.1,3.05,-1.42
2026-07-22,NMB50,10.43,-2.16,-0.57,-2.52,-2.2,0.85,-1.42
2026-07-23,NMB50,10.43,0.0,2.46,-0.19,0.0,2.39,-1.42
2026-07-24,NMB50,10.6,1.63,0.0,3.82,1.63,0.0,-1.42
2026-07-27,NMB50,10.42,-1.7,-4.23,2.26,-1.73,-4.4,-1.42
2026-07-28,NMB50,10.35,-0.67,-2.91,1.57,-0.67,-2.97,-1.42
2026-07-29,NMB50,10.59,2.32,1.53,3.82,2.3,1.53,-1.42
2026-07-30,NMB50,10.69,0.94,2.49,6.05,0.96,2.49,-1.42
2026-07-31,NMB50,10.39,-2.81,-1.98,2.06,-2.87,-2.01,-1.42
2026-08-03,NMB50,10.5,1.06,0.77,1.45,1.05,0.77,-1.42
2026-08-04,NMB50,10.6,0.95,2.42,0.95,0.96,2.4,-1.42
2026-08-06,NMB50,10.6,0.0,0.09,0.95,0.0,0.1,-1.42
2026-08-07,NMB50,10.38,-2.08,-2.9,1.86,-2.11,-2.97,-1.42
2026-08-10,NMB50,10.41,0.29,0.19,-2.62,0.29,0.19,-1.42
2026-08-11,NMB50,10.41,0.0,-0.86,0.19,0.0,-0.86,-1.42
2026-08-12,NMB50,10.41,0.0,-1.79,1.56,0.0,-1.82,-1.42
2026-08-13,NMB50,10.41,0.0,-1.79,-0.76,0.0,-1.82,-1.42
2026-08-14,NMB50,10.37,-0.38,-0.1,-1.14,-0.39,-0.1,-1.42
2026-08-17,NMB50,10.0,-3.57,-3.94,-4.67,-3.54,-3.93,-1.42
2026-02-09,NMBHF2,9.38,,,,,,-0.76
2026-02-10,NMBHF2,9.35,-0.32,,,-0.29,,-0.76
2026-02-11,NMBHF2,9.4,0.53,,,0.48,,-0.76
2026-02-12,NMBHF2,9.45,0.53,,,0.4,,-0.76
2026-02-16,NMBHF2,9.55,1.06,,,0.96,,-0.76
2026-02-17,NMBHF2,9.5,-0.52,1.28,,-0.48,1.07,-0.76
2026-02-22,NMBHF2,9.46,-0.42,1.18,,-0.39,0.97,-0.76
2026-02-23,NMBHF2,9.65,2.01,2.66,,1.84,2.33,-0.76
2026-02-24,NMBHF2,9.73,0.83,2.96,,0.77,2.7,-0.76
2026-02-25,NMBHF2,9.73,0.0,1.88,,0.0,1.74,-0.76
2026-02-26,NMBHF2,9.41,-3.29,-0.95,,-3.09,-0.87,-0.76
2026-03-01,NMBHF2,9.46,0.53,0.0,,0.48,0.0,-0.76
2026-03-03,NMBHF2,9.44,-0.21,-2.18,,-0.19,-2.03,-0.76
2026-03-09,NMBHF2,9.44,0.0,-2.98,,0.0,-2.8,-0.76
2026-03-10,NMBHF2,9.82,4.03,0.92,,3.67,0.87,-0.76
2026-03-11,NMBHF2,9.56,-2.65,1.59,,-2.51,1.45,-0.76
2026-03-12,NMBHF2,9.61,0.52,1.59,,0.48,1.45,-0.76
2026-03-15,NMBHF2,9.84,2.39,4.24,,-1.14,0.5,-0.76
2026-03-16,NMBHF2,9.7,-1.42,2.75,,-1.3,-0.8,-0.76
2026-03-17,NMBHF2,9.8,1.03,-0.2,,0.93,-3.54,-0.76
2026-03-19,NMBHF2,9.74,-0.61,1.88,,-0.56,-1.59,-0.76
2026-03-22,NMBHF2,9.91,1.75,3.12,,1.59,-0.48,-0.76
2026-03-23,NMBHF2,10.1,1.92,2.64,7.68,1.76,2.42,-0.76
2026-03-24,NMBHF2,10.0,-0.99,3.09,6.95,-0.93,2.79,-0.76
2026-03-25,NMBHF2,9.92,-0.8,1.22,5.53,-0.74,1.12,-0.76
2026-03-26,NMBHF2,9.93,0.1,1.95,5.08,0.09,1.77,-0.76
2026-03-29,NMBHF2,9.75,-1.81,-1.61,2.09,-1.67,-1.49,-0.76
2026-03-30,NMBHF2,9.92,1.74,-1.78,4.42,1.58,-1.67,-0.76
2026-03-31,NMBHF2,9.91,-0.1,-0.9,4.76,-0.09,-0.83,-0.76
2026-04-01,NMBHF2,9.9,-0.1,-0.2,2.59,-0.1,-0.19,-0.76
2026-04-02,NMBHF2,9.63,-2.73,-3.02,-1.03,-2.51,-2.79,-0.76
2026-04-05,NMBHF2,9.8,1.77,0.51,0.72,1.58,0.46,-0.76
2026-04-06,NMBHF2,9.83,0.31,-0.91,4.46,0.28,-0.84,-0.76
2026-04-07,NMBHF2,9.81,-0.2,-1.01,3.7,-0.18,-0.93,-0.76
2026-04-08,NMBHF2,9.95,1.43,0.51,5.4,1.3,0.47,-0.76
2026-04-09,NMBHF2,9.99,0.4,3.74,5.83,0.37,3.35,-0.76
2026-04-10,NMBHF2,9.99,0.0,1.94,1.73,0.0,1.77,-0.76
2026-04-13,NMBHF2,9.85,-1.4,0.2,3.03,-0.7,0.79,-0.76
2026-04-15,NMBHF2,9.85,0.0,0.41,2.5,0.0,0.97,-0.76
2026-04-16,NMBHF2,9.9,0.51,-0.5,0.61,0.47,0.14,-0.76
2026-04-17,NMBHF2,9.97,0.71,-0.2,2.78,0.65,0.42,-0.76
2026-04-20,NMBHF2,9.82,-1.5,-1.7,0.2,-1.4,-0.98,-0.76
2026-04-21,NMBHF2,9.94,1.22,0.91,2.05,1.12,0.84,-0.76
2026-04-22,NMBHF2,9.72,-2.21,-1.32,-1.92,-2.06,-1.22,-0.76
2026-04-23,NMBHF2,9.86,1.44,-0.4,-2.38,1.31,-0.38,-0.76
2026-04-24,NMBHF2,9.7,-1.62,-2.71,-3.0,-1.5,-2.53,-0.76
2026-04-27,NMBHF2,9.65,-0.52,-1.73,-2.72,-0.46,-1.59,-0.76
2026-04-28,NMBHF2,9.62,-0.31,-3.22,-3.12,-0.29,-3.0,-0.76
2026-04-29,NMBHF2,9.59,-0.31,-1.34,-1.64,-0.28,-1.22,-0.76
2026-04-30,NMBHF2,9.47,-1.25,-3.96,-4.54,-1.12,-3.65,-0.76
2026-05-04,NMBHF2,9.27,-2.11,-4.43,-6.46,-1.87,-4.02,-0.76
2026-05-05,NMBHF2,9.4,1.4,-2.59,-5.05,1.21,-2.35,-0.76
2026-05-06,NMBHF2,9.36,-0.43,-2.7,-2.8,-0.37,-2.43,-0.76
2026-05-07,NMBHF2,9.52,1.71,-0.73,-2.86,1.5,-0.65,-0.76
2026-05-08,NMBHF2,9.6,0.84,1.37,-2.34,0.75,1.22,-0.76
2026-05-11,NMBHF2,9.88,2.92,6.58,0.71,2.62,5.71,-0.76
2026-05-12,NMBHF2,9.63,-2.53,2.45,-3.22,-2.34,2.16,-0.76
2026-05-13,NMBHF2,9.51,-1.25,1.6,-4.8,-1.13,1.4,-0.76
2026-05-14,NMBHF2,9.78,2.84,2.73,-2.1,3.49,3.39,-0.76
2026-05-15,NMBHF2,9.55,-2.35,-0.52,-3.05,-2.18,0.46,-0.76
2026-05-18,NMBHF2,9.44,-1.15,-4.45,-4.16,-1.04,-3.2,-0.76
2026-05-19,NMBHF2,9.45,0.11,-1.87,-4.55,0.09,-0.77,-0.76
2026-05-20,NMBHF2,9.76,3.28,2.63,-2.11,2.94,3.3,-0.76
2026-05-21,NMBHF2,9.84,0.82,0.61,0.2,0.75,0.56,-0.76
2026-05-22,NMBHF2,9.67,-1.73,1.26,-2.72,-1.6,1.14,-0.76
2026-05-25,NMBHF2,9.7,0.31,2.75,-0.21,0.28,2.46,-0.76
2026-05-26,NMBHF2,9.64,-0.62,2.01,-2.23,-0.57,1.8,-0.76
2026-05-27,NMBHF2,9.64,0.0,-1.23,-0.62,0.0,-1.14,-0.76
2026-06-01,NMBHF2,9.64,0.0,-2.03,-0.1,0.0,-1.89,-0.76
2026-06-02,NMBHF2,9.83,1.97,1.65,2.18,1.8,1.51,-0.76
2026-06-03,NMBHF2,9.72,-1.12,0.21,1.36,-1.04,0.19,-0.76
2026-06-04,NMBHF2,9.71,-0.1,0.73,2.53,-0.1,0.66,-0.76
2026-06-05,NMBHF2,9.71,0.0,0.73,4.75,0.0,0.66,-0.76
2026-06-08,NMBHF2,9.65,-0.62,0.1,2.66,-0.56,0.1,-0.76
2026-06-09,NMBHF2,9.85,2.07,0.2,5.24,1.89,0.19,-0.76
2026-06-10,NMBHF2,9.66,-1.93,-0.62,1.47,-1.8,-0.57,-0.76
2026-06-11,NMBHF2,9.68,0.21,-0.31,0.83,0.19,-0.28,-0.76
2026-06-12,NMBHF2,9.7,0.21,-0.1,-1.82,0.19,-0.09,-0.76
2026-06-15,NMBHF2,9.7,0.0,0.52,0.73,0.09,0.56,-0.76
2026-06-16,NMBHF2,9.8,1.03,-0.51,3.05,0.94,-0.39,-0.76
2026-06-17,NMBHF2,9.64,-1.63,-0.21,-1.43,-1.51,-0.1,-0.76
2026-06-18,NMBHF2,9.73,0.93,0.52,1.88,0.85,0.56,-0.76
2026-06-19,NMBHF2,9.71,-0.21,0.1,2.86,-0.19,0.18,-0.76
2026-06-22,NMBHF2,9.61,-1.03,-0.93,1.69,-0.95,-0.86,-0.76
2026-06-23,NMBHF2,9.75,1.46,-0.51,-0.1,1.33,-0.47,-0.76
2026-06-24,NMBHF2,9.7,-0.51,0.62,-1.42,-0.47,0.57,-0.76
2026-06-25,NMBHF2,9.61,-0.93,-1.23,-0.62,-0.86,-1.14,-0.76
2026-06-26,NMBHF2,9.62,0.1,-0.93,-0.82,0.1,-0.85,-0.76
2026-06-29,NMBHF2,9.65,0.31,0.42,0.1,0.28,0.38,-0.76
2026-06-30,NMBHF2,9.74,0.93,-0.1,1.04,0.85,-0.1,-0.76
2026-07-01,NMBHF2,9.78,0.41,0.82,1.45,0.38,0.75,-0.76
2026-07-02,NMBHF2,9.7,-0.82,0.94,-1.32,-0.75,0.86,-0.76
2026-07-03,NMBHF2,9.78,0.82,1.66,0.62,0.75,1.51,-0.76
2026-07-06,NMBHF2,9.8,0.2,1.55,0.93,0.19,1.42,-0.76
2026-07-07,NMBHF2,9.57,-2.35,-1.75,-1.44,-2.18,-1.61,-0.76
2026-07-08,NMBHF2,9.79,2.3,0.1,1.45,2.09,0.1,-0.76
2026-07-10,NMBHF2,9.78,-0.1,0.82,-0.71,-0.1,0.75,-0.76
2026-07-13,NMBHF2,9.51,-2.76,-2.76,-1.55,-2.55,-2.55,-0.76
2026-07-14,NMBHF2,9.55,0.42,-2.55,-1.34,0.38,-2.36,-0.76
2026-07-15,NMBHF2,9.4,-1.57,-1.78,-3.09,-1.42,-1.6,-0.76
2026-07-16,NMBHF2,10.13,7.77,3.47,4.43,7.64,3.95,-0.76
2026-07-17,NMBHF2,9.56,-5.63,-2.25,-2.45,-5.44,-1.39,-0.76
2026-07-20,NMBHF2,9.77,2.2,2.73,1.35,2.01,3.17,-0.76
2026-07-21,NMBHF2,9.7,-0.72,1.57,-0.31,-0.67,2.12,-0.76
2026-07-22,NMBHF2,9.6,-1.03,2.13,-1.13,-0.96,2.58,-0.76
2026-07-23,NMBHF2,9.7,1.04,-4.24,0.94,0.96,-4.1,-0.76
2026-07-24,NMBHF2,9.77,0.72,2.2,0.21,0.67,2.01,-0.76
2026-07-27,NMBHF2,9.77,0.0,0.0,0.72,0.0,0.0,-0.76
2026-07-28,NMBHF2,9.61,-1.64,-0.93,0.0,-1.53,-0.86,-0.76
2026-07-29,NMBHF2,9.58,-0.31,-0.21,-0.42,-0.29,-0.19,-0.76
2026-07-30,NMBHF2,9.75,1.77,0.52,1.04,1.62,0.47,-0.76
2026-07-31,NMBHF2,9.59,-1.64,-1.84,-1.54,-1.52,-1.72,-0.76
2026-08-03,NMBHF2,9.77,1.88,0.0,-0.1,1.72,0.0,-0.76
2026-08-04,NMBHF2,9.65,-1.23,0.42,-0.52,-1.15,0.38,-0.76
2026-08-06,NMBHF2,9.6,-0.52,0.21,-1.84,-0.48,0.19,-0.76
2026-08-07,NMBHF2,9.7,1.04,-0.51,-1.02,0.96,-0.47,-0.76
2026-08-10,NMBHF2,9.54,-1.65,-0.52,-0.31,-1.53,-0.48,-0.76
2026-08-11,NMBHF2,9.57,0.31,-2.05,-2.25,0.29,-1.91,-0.76
2026-08-12,NMBHF2,9.55,-0.21,-1.04,-2.35,-0.19,-0.95,-0.76
2026-08-13,NMBHF2,9.75,2.09,1.56,2.52,1.9,1.43,-0.76
2026-08-14,NMBHF2,9.65,-1.03,-0.52,1.05,-0.95,-0.48,-0.76
2026-08-17,NMBHF2,9.75,1.04,2.2,3.72,0.95,2.0,-0.76
2026-02-09,NSIF2,10.61,,,,,,-2.26
2026-02-10,NSIF2,10.61,0.0,,,0.0,,-2.26
2026-02-11,NSIF2,10.7,0.85,,,0.77,,-2.26
2026-02-12,NSIF2,10.66,-0.37,,,-0.34,,-2.26
2026-02-16,NSIF2,10.75,0.84,,,0.77,,-2.26
2026-02-17,NSIF2,10.6,-1.4,-0.09,,-1.29,-0.09,-2.26
2026-02-22,NSIF2,10.45,-1.42,-1.51,,-1.29,-1.38,-2.26
2026-02-23,NSIF2,10.5,0.48,-1.87,,0.43,-1.72,-2.26
2026-02-24,NSIF2,10.55,0.48,-1.03,,0.43,-0.95,-2.26
2026-02-25,NSIF2,10.42,-1.23,-3.07,,-1.11,-2.83,-2.26
2026-02-26,NSIF2,10.62,1.92,0.19,,1.72,0.18,-2.26
2026-03-01,NSIF2,10.69,0.66,2.3,,0.6,2.07,-2.26
2026-03-03,NSIF2,10.62,-0.65,1.14,,-0.6,1.04,-2.26
2026-03-09,NSIF2,10.62,0.0,0.66,,0.0,0.61,-2.26
2026-03-10,NSIF2,11.03,3.86,5.85,,3.52,5.24,-2.26
2026-03-11,NSIF2,10.85,-1.63,2.17,,-1.55,1.97,-2.26
2026-03-12,NSIF2,10.84,-0.09,1.4,,-0.08,1.29,-2.26
2026-03-15,NSIF2,10.88,0.37,2.45,,-4.03,-2.14,-2.26
2026-03-16,NSIF2,10.85,-0.28,2.17,,-0.25,-2.39,-2.26
2026-03-17,NSIF2,10.88,0.28,-1.36,,0.25,-5.66,-2.26
2026-03-19,NSIF2,11.0,1.1,1.38,,0.98,-3.13,-2.26
2026-03-22,NSIF2,10.95,-0.45,1.01,,-0.41,-3.46,-2.26
2026-03-23,NSIF2,10.92,-0.27,0.37,2.92,-0.24,0.33,-2.26
2026-03-24,NSIF2,11.13,1.92,2.58,4.9,1.72,2.3,-2.26
2026-03-25,NSIF2,10.98,-1.35,0.92,2.62,-1.23,0.82,-2.26
2026-03-26,NSIF2,11.2,2.0,1.82,5.07,1.8,1.64,-2.26
2026-03-29,NSIF2,11.01,-1.7,0.55,2.42,-1.55,0.5,-2.26
2026-03-30,NSIF2,11.08,0.64,1.47,4.53,0.57,1.31,-2.26
2026-03-31,NSIF2,11.1,0.18,-0.27,6.22,0.16,-0.25,-2.26
2026-04-01,NSIF2,10.83,-2.43,-1.37,3.14,-2.21,-1.23,-2.26
2026-04-02,NSIF2,11.1,2.49,-0.89,5.21,2.21,-0.82,-2.26
2026-04-05,NSIF2,10.5,-5.41,-4.63,0.77,-4.91,-4.18,-2.26
2026-04-06,NSIF2,10.56,0.57,-4.69,-0.56,0.49,-4.26,-2.26
2026-04-07,NSIF2,10.86,2.84,-2.16,1.59,2.46,-1.96,-2.26
2026-04-08,NSIF2,11.0,1.29,1.57,3.58,1.14,1.39,-2.26
2026-04-09,NSIF2,10.95,-0.45,-1.35,3.11,-0.41,-1.23,-2.26
2026-04-10,NSIF2,10.87,-0.73,3.52,-1.45,-0.65,3.03,-2.26
2026-04-13,NSIF2,11.0,1.2,4.17,1.38,1.81,4.35,-2.26
2026-04-15,NSIF2,10.86,-1.27,0.0,0.18,-1.16,0.73,-2.26
2026-04-16,NSIF2,10.86,0.0,-1.27,-0.18,0.0,-0.41,-2.26
2026-04-17,NSIF2,10.9,0.37,-0.46,0.46,0.33,0.33,-2.26
2026-04-20,NSIF2,10.93,0.28,0.55,0.46,0.25,1.23,-2.26
2026-04-21,NSIF2,10.85,-0.73,-1.36,-1.36,-0.66,-1.24,-2.26
2026-04-22,NSIF2,10.8,-0.46,-0.55,-1.37,-0.41,-0.49,-2.26
2026-04-23,NSIF2,10.82,0.19,-0.37,-0.92,0.16,-0.33,-2.26
2026-04-24,NSIF2,11.0,1.66,0.92,-1.17,1.49,0.83,-2.26
2026-04-27,NSIF2,11.0,0.0,0.64,0.18,0.0,0.58,-2.26
2026-04-28,NSIF2,11.03,0.27,1.66,-1.52,0.25,1.49,-2.26
2026-04-29,NSIF2,10.99,-0.36,1.76,-0.18,-0.33,1.57,-2.26
2026-04-30,NSIF2,10.81,-1.64,-0.09,-2.44,-1.49,-0.08,-2.26
2026-05-04,NSIF2,10.55,-2.41,-4.09,-4.95,-2.15,-3.72,-2.26
2026-05-05,NSIF2,10.5,-0.47,-4.55,-3.05,-0.41,-4.13,-2.26
2026-05-06,NSIF2,10.99,4.67,-0.36,-0.99,4.05,-0.33,-2.26
2026-05-07,NSIF2,10.71,-2.55,-2.55,2.0,-2.32,-2.32,-2.26
2026-05-08,NSIF2,10.98,2.52,1.57,3.98,2.23,1.4,-2.26
2026-05-11,NSIF2,10.9,-0.73,3.32,0.37,-0.66,2.89,-2.26
2026-05-12,NSIF2,10.7,-1.83,1.9,-2.73,-1.65,1.65,-2.26
2026-05-13,NSIF2,10.7,0.0,-2.64,-2.28,0.0,-2.4,-2.26
2026-05-14,NSIF2,10.7,0.0,-0.09,-1.56,1.87,1.79,-2.26
2026-05-15,NSIF2,10.7,0.0,-2.55,-2.73,0.0,-0.44,-2.26
2026-05-18,NSIF2,10.66,-0.37,-2.2,-1.84,-0.34,-0.12,-2.26
2026-05-19,NSIF2,10.71,0.47,0.09,-1.38,0.42,1.95,-2.26
2026-05-20,NSIF2,10.8,0.84,0.93,-0.92,0.76,2.71,-2.26
2026-05-21,NSIF2,10.75,-0.46,0.47,-1.65,-0.42,0.42,-2.26
2026-05-22,NSIF2,10.75,0.0,0.47,-0.92,0.0,0.42,-2.26
2026-05-25,NSIF2,10.72,-0.28,0.56,-0.74,-0.26,0.5,-2.26
2026-05-26,NSIF2,10.72,0.0,0.09,-0.92,0.0,0.08,-2.26
2026-05-27,NSIF2,10.83,1.03,0.28,-1.55,0.93,0.25,-2.26
2026-06-01,NSIF2,10.8,-0.28,0.47,-1.82,-0.25,0.42,-2.26
2026-06-02,NSIF2,10.7,-0.93,-0.47,-2.99,-0.84,-0.42,-2.26
2026-06-03,NSIF2,10.73,0.28,0.09,-2.37,0.25,0.09,-2.26
2026-06-04,NSIF2,10.75,0.19,0.28,-0.56,0.17,0.26,-2.26
2026-06-05,NSIF2,10.85,0.93,0.18,2.84,0.84,0.17,-2.26
2026-06-08,NSIF2,10.73,-1.11,-0.65,2.19,-1.01,-0.59,-2.26
2026-06-09,NSIF2,10.85,1.12,1.4,-1.27,1.01,1.26,-2.26
2026-06-10,NSIF2,10.75,-0.92,0.19,0.37,-0.84,0.17,-2.26
2026-06-11,NSIF2,10.84,0.84,0.84,-1.28,0.76,0.76,-2.26
2026-06-12,NSIF2,10.7,-1.29,-1.38,-1.83,-1.18,-1.26,-2.26
2026-06-15,NSIF2,10.79,0.84,0.56,0.84,0.14,-0.11,-2.26
2026-06-16,NSIF2,10.82,0.28,-0.28,1.12,0.26,-0.86,-2.26
2026-06-17,NSIF2,10.7,-1.11,-0.47,0.0,-1.01,-1.03,-2.26
2026-06-18,NSIF2,10.81,1.03,-0.28,1.03,0.92,-0.87,-2.26
2026-06-19,NSIF2,10.6,-1.94,-0.93,-0.56,-1.76,-1.45,-2.26
2026-06-22,NSIF2,10.55,-0.47,-2.22,-1.49,-0.42,-2.01,-2.26
2026-06-23,NSIF2,10.56,0.09,-2.4,-2.22,0.09,-2.18,-2.26
2026-06-24,NSIF2,10.53,-0.28,-1.59,-2.05,-0.26,-1.43,-2.26
2026-06-25,NSIF2,10.62,0.85,-1.76,-1.21,0.76,-1.59,-2.26
2026-06-26,NSIF2,10.67,0.47,0.66,-0.47,0.42,0.59,-2.26
2026-06-29,NSIF2,10.57,-0.94,0.19,-1.4,-0.84,0.17,-2.26
2026-06-30,NSIF2,10.65,0.76,0.85,-1.66,0.67,0.75,-2.26
2026-07-01,NSIF2,10.79,1.31,2.47,-0.09,1.17,2.18,-2.26
2026-07-02,NSIF2,10.74,-0.46,1.13,0.37,-0.41,1.01,-2.26
2026-07-03,NSIF2,10.79,0.47,1.12,0.56,0.41,1.0,-2.26
2026-07-06,NSIF2,10.79,0.0,2.08,0.37,0.0,1.84,-2.26
2026-07-07,NSIF2,10.54,-2.32,-1.03,-2.86,-2.09,-0.92,-2.26
2026-07-08,NSIF2,10.6,0.57,-1.76,-1.21,0.5,-1.59,-2.26
2026-07-10,NSIF2,10.65,0.47,-0.84,-1.84,0.42,-0.76,-2.26
2026-07-13,NSIF2,10.56,-0.85,-2.13,-1.77,-0.75,-1.92,-2.26
2026-07-14,NSIF2,10.4,-1.52,-3.61,-4.06,-1.34,-3.26,-2.26
2026-07-15,NSIF2,10.4,0.0,-1.33,-2.8,0.0,-1.17,-2.26
2026-07-16,NSIF2,10.23,-1.63,-3.49,-5.19,0.56,-1.11,-2.26
2026-07-17,NSIF2,10.53,2.93,-1.13,-2.68,2.57,1.04,-2.26
2026-07-20,NSIF2,10.46,-0.66,-0.95,-2.24,-0.6,1.19,-2.26
2026-07-21,NSIF2,10.88,4.02,4.62,0.65,3.6,6.13,-2.26
2026-07-22,NSIF2,10.65,-2.11,2.4,0.47,-1.97,4.16,-2.26
2026-07-23,NSIF2,10.67,0.19,4.3,1.14,0.17,3.77,-2.26
2026-07-24,NSIF2,10.68,0.09,1.42,1.14,0.09,1.29,-2.26
2026-07-27,NSIF2,10.8,1.12,3.25,2.56,1.02,2.91,-2.26
2026-07-28,NSIF2,10.89,0.83,0.09,2.54,0.78,0.09,-2.26
2026-07-29,NSIF2,10.75,-1.29,0.94,0.75,-1.2,0.86,-2.26
2026-07-30,NSIF2,10.66,-0.84,-0.09,0.85,-0.78,-0.09,-2.26
2026-07-31,NSIF2,10.66,0.0,-0.19,0.09,0.0,-0.18,-2.26
2026-08-03,NSIF2,10.67,0.09,-1.2,-1.11,0.09,-1.11,-2.26
2026-08-04,NSIF2,10.71,0.37,-1.65,-0.28,0.34,-1.55,-2.26
2026-08-06,NSIF2,10.68,-0.28,-0.65,-1.02,-0.25,-0.6,-2.26
2026-08-07,NSIF2,10.8,1.12,1.31,0.09,1.02,1.2,-2.26
2026-08-10,NSIF2,10.7,-0.93,0.38,1.52,-0.85,0.35,-2.26
2026-08-11,NSIF2,10.7,0.0,0.28,0.94,0.0,0.26,-2.26
2026-08-12,NSIF2,10.87,1.59,1.49,2.07,1.45,1.37,-2.26
2026-08-13,NSIF2,10.89,0.18,1.97,3.12,0.18,1.8,-2.26
2026-08-14,NSIF2,10.67,-2.02,-1.2,2.6,-1.89,-1.11,-2.26
2026-08-17,NSIF2,10.98,2.91,2.62,5.58,2.66,2.4,-2.26
2026-02-09,PRSF,11.25,,,,,,-5.01
2026-02-10,PRSF,11.18,-0.62,,,-0.57,,-5.01
2026-02-11,PRSF,11.26,0.72,,,0.65,,-5.01
2026-02-12,PRSF,11.27,0.09,,,-0.14,,-5.01
2026-02-16,PRSF,11.32,0.44,,,0.4,,-5.01
2026-02-17,PRSF,11.19,-1.15,-0.53,,-1.05,-0.71,-5.01
2026-02-22,PRSF,11.18,-0.09,0.0,,-0.08,-0.22,-5.01
2026-02-23,PRSF,11.15,-0.27,-0.98,,-0.25,-1.12,-5.01
2026-02-24,PRSF,11.36,1.88,0.8,,1.71,0.73,-5.01
2026-02-25,PRSF,11.38,0.18,0.53,,0.16,0.49,-5.01
2026-02-26,PRSF,11.3,-0.7,0.98,,-0.65,0.89,-5.01
2026-03-01,PRSF,11.21,-0.8,0.27,,-0.73,0.24,-5.01
2026-03-03,PRSF,11.38,1.52,2.06,,1.38,1.87,-5.01
2026-03-09,PRSF,11.38,0.0,0.18,,0.0,0.16,-5.01
2026-03-10,PRSF,11.32,-0.53,-0.53,,-0.49,-0.49,-5.01
2026-03-11,PRSF,11.51,1.68,1.86,,1.55,1.71,-5.01
2026-03-12,PRSF,11.51,0.0,2.68,,0.0,2.44,-5.01
2026-03-15,PRSF,11.74,2.0,3.16,,-2.98,-1.92,-5.01
2026-03-16,PRSF,11.78,0.34,3.51,,0.31,-1.61,-5.01
2026-03-17,PRSF,11.55,-1.95,2.03,,-1.78,-2.9,-5.01
2026-03-19,PRSF,11.57,0.17,0.52,,0.16,-4.29,-5.01
2026-03-22,PRSF,11.72,1.3,1.82,,1.15,-3.14,-5.01
2026-03-23,PRSF,11.98,2.22,2.04,6.49,2.01,1.85,-5.01
2026-03-24,PRSF,11.92,-0.5,1.19,6.62,-0.47,1.07,-5.01
2026-03-25,PRSF,12.06,1.17,4.42,7.1,1.08,3.93,-5.01
2026-03-26,PRSF,12.1,0.33,4.58,7.36,0.31,4.08,-5.01
2026-03-29,PRSF,12.04,-0.5,2.73,6.36,-0.46,2.47,-5.01
2026-03-30,PRSF,11.97,-0.58,-0.08,6.97,-0.54,-0.08,-5.01
2026-03-31,PRSF,11.93,-0.33,0.08,6.71,-0.31,0.08,-5.01
2026-04-01,PRSF,11.93,0.0,-1.08,7.0,0.0,-1.0,-5.01
2026-04-02,PRSF,11.96,0.25,-1.16,5.28,0.23,-1.08,-5.01
2026-04-05,PRSF,11.9,-0.5,-1.16,4.57,-0.46,-1.08,-5.01
2026-04-06,PRSF,11.91,0.08,-0.5,5.4,0.08,-0.46,-5.01
2026-04-07,PRSF,11.87,-0.34,-0.5,5.89,-0.31,-0.46,-5.01
2026-04-08,PRSF,12.11,2.02,1.51,6.41,1.85,1.39,-5.01
2026-04-09,PRSF,12.37,2.15,3.43,8.7,2.0,3.16,-5.01
2026-04-10,PRSF,12.79,3.4,7.48,12.99,3.24,6.86,-5.01
2026-04-13,PRSF,12.73,-0.47,6.88,10.6,-18.22,-11.44,-5.01
2026-04-15,PRSF,13.14,3.22,10.7,14.16,2.58,-8.55,-5.01
2026-04-16,PRSF,13.12,-0.15,8.34,11.75,-0.12,-10.52,-5.01
2026-04-17,PRSF,13.14,0.15,6.22,11.54,0.12,-12.4,-5.01
2026-04-20,PRSF,13.22,0.61,3.36,14.46,0.51,-15.13,-5.01
2026-04-21,PRSF,12.99,-1.74,2.04,12.27,-1.45,1.64,-5.01
2026-04-22,PRSF,13.1,0.85,-0.3,11.77,0.69,-0.25,-5.01
2026-04-23,PRSF,13.15,0.38,0.23,9.77,0.32,0.19,-5.01
2026-04-24,PRSF,13.22,0.53,0.61,10.91,0.44,0.51,-5.01
2026-04-27,PRSF,13.2,-0.15,-0.15,9.45,-0.13,-0.13,-5.01
2026-04-28,PRSF,12.98,-1.67,-0.08,7.27,-1.39,-0.07,-5.01
2026-04-29,PRSF,13.05,0.54,-0.38,8.39,0.44,-0.32,-5.01
2026-04-30,PRSF,12.98,-0.54,-1.29,8.44,-0.44,-1.08,-5.01
2026-05-04,PRSF,12.95,-0.23,-2.04,8.55,-0.19,-1.71,-5.01
2026-05-05,PRSF,12.97,0.15,-1.74,8.72,0.13,-1.45,-5.01
2026-05-06,PRSF,12.9,-0.54,-0.62,7.86,-0.44,-0.5,-5.01
2026-05-07,PRSF,12.94,0.31,-0.84,8.74,0.25,-0.69,-5.01
2026-05-08,PRSF,12.97,0.23,-0.08,8.9,0.19,-0.06,-5.01
2026-05-11,PRSF,13.14,1.31,1.47,10.7,1.07,1.2,-5.01
2026-05-12,PRSF,13.1,-0.3,1.0,8.18,-0.25,0.82,-5.01
2026-05-13,PRSF,12.9,-1.53,0.0,4.28,-1.26,0.0,-5.01
2026-05-14,PRSF,12.89,-0.08,-0.39,0.78,5.47,5.22,-5.01
2026-05-15,PRSF,12.99,0.78,0.15,2.04,0.67,5.7,-5.01
2026-05-18,PRSF,12.98,-0.08,-1.22,-1.22,-0.06,4.57,-5.01
2026-05-19,PRSF,12.98,0.0,-0.92,-1.07,0.0,4.82,-5.01
2026-05-20,PRSF,13.1,0.92,1.55,-0.3,0.8,6.88,-5.01
2026-05-21,PRSF,12.9,-1.53,0.08,-2.42,-1.34,0.07,-5.01
2026-05-22,PRSF,12.95,0.39,-0.31,-0.31,0.33,-0.27,-5.01
2026-05-25,PRSF,12.95,0.0,-0.23,-1.15,0.0,-0.21,-5.01
2026-05-26,PRSF,12.92,-0.23,-0.46,-1.75,-0.2,-0.41,-5.01
2026-05-27,PRSF,13.05,1.01,-0.38,-1.29,0.88,-0.33,-5.01
2026-06-01,PRSF,12.97,-0.61,0.54,-1.74,-0.54,0.47,-5.01
2026-06-02,PRSF,12.99,0.15,0.31,0.08,0.13,0.27,-5.01
2026-06-03,PRSF,13.09,0.77,1.08,0.31,0.68,0.95,-5.01
2026-06-04,PRSF,13.0,-0.69,0.62,0.15,-0.61,0.54,-5.01
2026-06-05,PRSF,12.99,-0.08,-0.46,0.31,-0.07,-0.41,-5.01
2026-06-08,PRSF,13.0,0.08,0.23,0.23,0.07,0.2,-5.01
2026-06-09,PRSF,12.92,-0.62,-0.54,0.16,-0.54,-0.47,-5.01
2026-06-10,PRSF,13.1,1.39,0.08,1.24,1.21,0.06,-5.01
2026-06-11,PRSF,12.9,-1.53,-0.77,-0.54,-1.34,-0.67,-5.01
2026-06-12,PRSF,12.83,-0.54,-1.23,-2.36,-0.47,-1.07,-5.01
2026-06-15,PRSF,12.95,0.94,-0.38,-1.15,1.22,0.08,-5.01
2026-06-16,PRSF,12.81,-1.08,-0.85,-0.7,-0.95,-0.33,-5.01
2026-06-17,PRSF,12.77,-0.31,-2.52,-0.93,-0.27,-1.81,-5.01
2026-06-18,PRSF,12.8,0.23,-0.78,-1.46,0.2,-0.27,-5.01
2026-06-19,PRSF,12.61,-1.48,-1.71,-2.85,-1.28,-1.08,-5.01
2026-06-22,PRSF,12.61,0.0,-2.63,-2.85,0.0,-2.3,-5.01
2026-06-23,PRSF,12.78,1.35,-0.23,-2.44,1.15,-0.2,-5.01
2026-06-24,PRSF,12.6,-1.41,-1.33,-2.33,-1.22,-1.15,-5.01
2026-06-25,PRSF,12.65,0.4,-1.17,-2.32,0.34,-1.01,-5.01
2026-06-26,PRSF,12.5,-1.19,-0.87,-3.47,-1.02,-0.75,-5.01
2026-06-29,PRSF,12.52,0.16,-0.71,-3.1,0.14,-0.61,-5.01
2026-06-30,PRSF,12.47,-0.4,-2.43,-4.44,-0.34,-2.1,-5.01
2026-07-01,PRSF,12.75,2.25,1.19,-1.7,1.89,1.01,-5.01
2026-07-02,PRSF,12.9,1.18,1.98,-0.69,1.02,1.69,-5.01
2026-07-03,PRSF,12.61,-2.25,0.88,-3.67,-1.96,0.75,-5.01
2026-07-06,PRSF,12.54,-0.56,0.16,-3.54,-0.48,0.13,-5.01
2026-07-07,PRSF,12.58,0.32,0.88,-3.16,0.27,0.74,-5.01
2026-07-08,PRSF,12.59,0.08,-1.25,-3.15,0.07,-1.08,-5.01
2026-07-10,PRSF,12.7,0.87,-1.55,-1.7,0.75,-1.35,-5.01
2026-07-13,PRSF,12.6,-0.79,-0.08,-3.82,-0.68,-0.07,-5.01
2026-07-14,PRSF,12.6,0.0,0.48,-2.33,0.0,0.41,-5.01
2026-07-15,PRSF,12.37,-1.83,-1.67,-3.59,-1.56,-1.42,-5.01
2026-07-16,PRSF,12.35,-0.16,-1.91,-4.63,4.28,2.79,-5.01
2026-07-17,PRSF,12.79,3.56,0.71,-0.16,3.13,5.17,-5.01
2026-07-20,PRSF,12.75,-0.31,1.19,-0.16,-0.28,5.57,-5.01
2026-07-21,PRSF,12.89,1.1,2.3,0.7,0.99,6.56,-5.01
2026-07-22,PRSF,12.68,-1.63,2.51,0.56,-1.49,6.63,-5.01
2026-07-23,PRSF,12.98,2.37,5.1,2.93,2.14,4.49,-5.01
2026-07-24,PRSF,12.77,-1.62,-0.16,-0.08,-1.5,-0.14,-5.01
2026-07-27,PRSF,12.9,1.02,1.18,2.38,0.93,1.07,-5.01
2026-07-28,PRSF,12.85,-0.39,-0.31,1.58,-0.36,-0.28,-5.01
2026-07-29,PRSF,12.95,0.78,2.13,3.6,0.71,1.92,-5.01
2026-07-30,PRSF,12.77,-1.39,-1.62,2.0,-1.28,-1.5,-5.01
2026-07-31,PRSF,12.93,1.25,1.25,3.69,1.14,1.14,-5.01
2026-08-03,PRSF,12.88,-0.39,-0.16,1.02,-0.36,-0.15,-5.01
2026-08-04,PRSF,12.92,0.31,0.54,0.16,0.29,0.5,-5.01
2026-08-06,PRSF,12.89,-0.23,-0.46,2.22,-0.22,-0.43,-5.01
2026-08-07,PRSF,12.91,0.16,1.1,2.95,0.15,1.0,-5.01
2026-08-10,PRSF,12.85,-0.46,-0.62,2.15,-0.43,-0.57,-5.01
2026-08-11,PRSF,12.83,-0.16,-0.39,1.91,-0.14,-0.35,-5.01
2026-08-12,PRSF,12.79,-0.31,-1.01,0.71,-0.29,-0.93,-5.01
2026-08-13,PRSF,12.82,0.23,-0.54,1.75,0.22,-0.49,-5.01
2026-08-14,PRSF,12.72,-0.78,-1.47,0.95,-0.72,-1.36,-5.01
2026-08-17,PRSF,12.75,0.24,-0.78,3.07,0.22,-0.71,-5.01
2026-02-09,PSF,11.07,,,,,,-4.26
2026-02-10,PSF,11.18,0.99,,,0.91,,-4.26
2026-02-11,PSF,11.1,-0.72,,,-0.66,,-4.26
2026-02-12,PSF,11.3,1.8,,,1.51,,-4.26
2026-02-16,PSF,11.08,-1.95,,,-1.83,,-4.26
2026-02-17,PSF,11.2,1.08,1.17,,1.0,0.93,-4.26
2026-02-22,PSF,11.08,-1.07,-0.89,,-1.0,-0.98,-4.26
2026-02-23,PSF,11.1,0.18,0.0,,0.17,-0.15,-4.26
2026-02-24,PSF,11.01,-0.81,-2.57,,-0.75,-2.41,-4.26
2026-02-25,PSF,11.05,0.36,-0.27,,0.33,-0.25,-4.26
2026-02-26,PSF,11.02,-0.27,-1.61,,-0.25,-1.5,-4.26
2026-03-01,PSF,10.87,-1.36,-1.9,,-1.24,-1.74,-4.26
2026-03-03,PSF,11.2,3.04,0.9,,2.74,0.83,-4.26
2026-03-09,PSF,11.2,0.0,1.73,,0.0,1.58,-4.26
2026-03-10,PSF,11.39,1.7,3.08,,1.57,2.82,-4.26
2026-03-11,PSF,11.51,1.05,4.45,,1.0,4.07,-4.26
2026-03-12,PSF,11.6,0.78,6.72,,0.75,6.06,-4.26
2026-03-15,PSF,11.74,1.21,4.82,,-4.19,-0.87,-4.26
2026-03-16,PSF,11.54,-1.7,3.04,,-1.57,-2.44,-4.26
2026-03-17,PSF,11.6,0.52,1.84,,0.47,-3.54,-4.26
2026-03-19,PSF,11.57,-0.26,0.52,,-0.23,-4.77,-4.26
2026-03-22,PSF,12.0,3.72,3.45,,3.37,-2.15,-4.26
2026-03-23,PSF,12.01,0.08,2.3,8.49,0.08,2.12,-4.26
2026-03-24,PSF,11.97,-0.33,3.73,7.07,-0.32,3.37,-4.26
2026-03-25,PSF,11.86,-0.92,2.24,6.85,-0.86,2.04,-4.26
2026-03-26,PSF,12.05,1.6,4.15,6.64,1.49,3.76,-4.26
2026-03-29,PSF,11.91,-1.16,-0.75,7.49,-1.1,-0.71,-4.26
2026-03-30,PSF,11.85,-0.5,-1.33,5.8,-0.47,-1.26,-4.26
2026-03-31,PSF,12.2,2.95,1.92,10.11,2.75,1.81,-4.26
2026-04-01,PSF,11.9,-2.46,0.34,7.21,-2.36,0.31,-4.26
2026-04-02,PSF,11.8,-0.84,-2.07,7.18,-0.78,-1.96,-4.26
2026-04-05,PSF,12.03,1.95,1.01,8.87,1.8,0.94,-4.26
2026-04-06,PSF,11.85,-1.5,0.0,7.53,-1.41,0.0,-4.26
2026-04-07,PSF,11.7,-1.27,-4.1,7.64,-1.18,-3.93,-4.26
2026-04-08,PSF,11.81,0.94,-0.76,5.45,0.87,-0.7,-4.26
2026-04-09,PSF,12.06,2.12,2.2,7.68,1.96,2.04,-4.26
2026-04-10,PSF,12.2,1.16,1.41,7.11,1.1,1.34,-4.26
2026-04-13,PSF,12.18,-0.16,2.78,5.82,-10.81,-8.06,-4.26
2026-04-15,PSF,12.36,1.48,5.64,6.55,1.25,-5.63,-4.26
2026-04-16,PSF,12.41,0.4,5.08,5.71,0.35,-6.15,-4.26
2026-04-17,PSF,12.35,-0.48,2.4,7.02,-0.42,-8.53,-4.26
2026-04-20,PSF,12.49,1.13,2.38,7.67,0.98,-8.65,-4.26
2026-04-21,PSF,12.45,-0.32,2.22,7.61,-0.28,1.88,-4.26
2026-04-22,PSF,12.44,-0.08,0.65,3.67,-0.07,0.56,-4.26
2026-04-23,PSF,12.27,-1.37,-1.13,2.16,-1.18,-0.97,-4.26
2026-04-24,PSF,12.3,0.24,-0.4,2.76,0.2,-0.35,-4.26
2026-04-27,PSF,12.3,0.0,-1.52,3.71,0.0,-1.33,-4.26
2026-04-28,PSF,12.17,-1.06,-2.25,1.0,-0.9,-1.95,-4.26
2026-04-29,PSF,12.2,0.25,-1.93,2.43,0.21,-1.67,-4.26
2026-04-30,PSF,12.3,0.82,0.24,3.8,0.69,0.2,-4.26
2026-05-04,PSF,12.15,-1.22,-1.22,-0.41,-1.04,-1.04,-4.26
2026-05-05,PSF,11.93,-1.81,-3.01,0.25,-1.53,-2.57,-4.26
2026-05-06,PSF,12.28,2.93,0.9,4.07,2.43,0.76,-4.26
2026-05-07,PSF,12.01,-2.2,-1.56,-0.17,-1.88,-1.33,-4.26
2026-05-08,PSF,12.35,2.83,0.41,4.22,2.37,0.35,-4.26
2026-05-11,PSF,12.51,1.3,2.96,6.92,1.12,2.51,-4.26
2026-05-12,PSF,12.03,-3.84,0.84,1.86,-3.35,0.69,-4.26
2026-05-13,PSF,11.98,-0.42,-2.44,-0.66,-0.35,-2.09,-4.26
2026-05-14,PSF,12.12,1.17,0.92,-0.66,5.05,4.84,-4.26
2026-05-15,PSF,11.93,-1.57,-3.4,-2.05,-1.39,1.08,-4.26
2026-05-18,PSF,12.07,1.17,-3.52,-2.35,1.03,0.99,-4.26
2026-05-19,PSF,12.01,-0.5,-0.17,-3.22,-0.44,3.9,-4.26
2026-05-20,PSF,12.1,0.75,1.0,-2.02,0.66,4.91,-4.26
2026-05-21,PSF,12.35,2.07,1.9,-1.12,1.82,1.68,-4.26
2026-05-22,PSF,12.21,-1.13,2.35,-1.93,-1.02,2.05,-4.26
2026-05-25,PSF,12.3,0.74,1.91,-1.13,0.66,1.68,-4.26
2026-05-26,PSF,12.3,0.0,2.41,0.24,0.0,2.12,-4.26
2026-05-27,PSF,12.54,1.95,3.64,1.95,1.75,3.21,-4.26
2026-06-01,PSF,12.01,-4.23,-2.75,-2.36,-3.87,-2.48,-4.26
2026-06-02,PSF,12.3,2.41,0.74,1.07,2.12,0.66,-4.26
2026-06-03,PSF,12.2,-0.81,-0.81,0.0,-0.73,-0.73,-4.26
2026-06-04,PSF,12.3,0.82,0.0,0.0,0.73,0.0,-4.26
2026-06-05,PSF,12.5,1.63,-0.32,2.88,1.46,-0.29,-4.26
2026-06-08,PSF,12.3,-1.6,2.41,3.1,-1.46,2.12,-4.26
2026-06-09,PSF,12.25,-0.41,-0.41,-0.24,-0.37,-0.37,-4.26
2026-06-10,PSF,12.1,-1.22,-0.82,0.75,-1.09,-0.73,-4.26
2026-06-11,PSF,12.2,0.83,-0.81,-1.21,0.73,-0.73,-4.26
2026-06-12,PSF,12.25,0.41,-2.0,-2.08,0.36,-1.83,-4.26
2026-06-15,PSF,12.3,0.41,0.0,2.24,0.83,0.46,-4.26
2026-06-16,PSF,12.22,-0.65,-0.24,2.0,-0.59,0.24,-4.26
2026-06-17,PSF,12.19,-0.25,0.74,0.58,-0.22,1.11,-4.26
2026-06-18,PSF,12.14,-0.41,-0.49,1.76,-0.37,0.01,-4.26
2026-06-19,PSF,12.2,0.49,-0.41,1.08,0.44,0.09,-4.26
2026-06-22,PSF,11.99,-1.72,-2.52,-0.17,-1.54,-2.28,-4.26
2026-06-23,PSF,12.15,1.33,-0.57,0.41,1.18,-0.51,-4.26
2026-06-24,PSF,11.81,-2.8,-3.12,-4.37,-2.5,-2.79,-4.26
2026-06-25,PSF,11.75,-0.51,-3.21,-3.77,-0.44,-2.86,-4.26
2026-06-26,PSF,11.75,0.0,-3.69,-4.47,0.0,-3.3,-4.26
2026-06-29,PSF,11.76,0.09,-1.92,-4.39,0.07,-1.69,-4.26
2026-06-30,PSF,11.7,-0.51,-3.7,-6.7,-0.44,-3.31,-4.26
2026-07-01,PSF,11.9,1.71,0.76,-0.92,1.47,0.66,-4.26
2026-07-02,PSF,11.88,-0.17,1.11,-3.41,-0.15,0.95,-4.26
2026-07-03,PSF,11.82,-0.51,0.6,-3.11,-0.44,0.51,-4.26
2026-07-06,PSF,11.76,-0.51,0.0,-4.39,-0.44,0.0,-4.26
2026-07-07,PSF,11.76,0.0,0.51,-5.92,0.0,0.44,-4.26
2026-07-08,PSF,11.95,1.62,0.42,-2.85,1.4,0.37,-4.26
2026-07-10,PSF,11.85,-0.84,-0.25,-3.27,-0.74,-0.22,-4.26
2026-07-13,PSF,11.6,-2.11,-1.86,-4.13,-1.83,-1.61,-4.26
2026-07-14,PSF,11.8,1.72,0.34,-3.28,1.47,0.3,-4.26
2026-07-15,PSF,11.7,-0.85,-0.51,-4.49,-0.74,-0.44,-4.26
2026-07-16,PSF,11.8,0.85,-1.26,-4.07,4.59,2.75,-4.26
2026-07-17,PSF,11.92,1.02,0.59,-2.45,0.92,4.41,-4.26
2026-07-20,PSF,12.0,0.67,3.45,-1.56,0.61,6.85,-4.26
2026-07-21,PSF,12.0,0.0,1.69,-1.15,0.0,5.38,-4.26
2026-07-22,PSF,12.0,0.0,2.56,-1.64,0.0,6.12,-4.26
2026-07-23,PSF,12.0,0.0,1.69,0.08,0.0,1.53,-4.26
2026-07-24,PSF,12.1,0.83,1.51,-0.41,0.77,1.38,-4.26
2026-07-27,PSF,12.1,0.0,0.83,2.46,0.0,0.77,-4.26
2026-07-28,PSF,11.85,-2.07,-1.25,0.85,-1.92,-1.15,-4.26
2026-07-29,PSF,11.85,0.0,-1.25,0.85,0.0,-1.15,-4.26
2026-07-30,PSF,11.8,-0.42,-1.67,0.34,-0.38,-1.53,-4.26
2026-07-31,PSF,11.74,-0.51,-2.98,0.34,-0.46,-2.76,-4.26
2026-08-03,PSF,12.0,2.21,-0.83,0.84,1.99,-0.77,-4.26
2026-08-04,PSF,11.74,-2.17,-0.93,-1.18,-1.99,-0.84,-4.26
2026-08-06,PSF,11.8,0.51,-0.42,-0.17,0.46,-0.38,-4.26
2026-08-07,PSF,12.0,1.69,1.69,2.04,1.53,1.53,-4.26
2026-08-10,PSF,11.9,-0.83,1.36,1.19,-0.76,1.23,-4.26
2026-08-11,PSF,11.84,-0.5,-1.33,-0.92,-0.46,-1.22,-4.26
2026-08-12,PSF,12.0,1.35,2.21,1.27,1.22,1.99,-4.26
2026-08-13,PSF,12.0,0.0,1.69,3.45,0.0,1.53,-4.26
2026-08-14,PSF,12.01,0.08,0.08,1.78,0.08,0.08,-4.26
2026-08-17,PSF,12.05,0.33,1.26,2.99,0.31,1.15,-4.26
2026-02-09,RBBF40,9.5,,,,,,-1.97
2026-02-10,RBBF40,9.88,4.0,,,3.81,,-1.97
2026-02-11,RBBF40,9.61,-2.73,,,-2.71,,-1.97
2026-02-12,RBBF40,9.38,-2.39,,,-2.31,,-1.97
2026-02-16,RBBF40,9.16,-2.35,,,-1.55,,-1.97
2026-02-17,RBBF40,9.52,3.93,0.21,,3.63,0.87,-1.97
2026-02-22,RBBF40,9.77,2.63,-1.11,,2.53,-0.41,-1.97
2026-02-23,RBBF40,9.6,-1.74,-0.1,,-1.72,0.58,-1.97
2026-02-24,RBBF40,9.6,0.0,2.35,,0.0,2.89,-1.97
2026-02-25,RBBF40,9.26,-3.54,1.09,,-3.43,1.01,-1.97
2026-02-26,RBBF40,9.46,2.16,-0.63,,2.02,-0.6,-1.97
2026-03-01,RBBF40,9.48,0.21,-2.97,,0.2,-2.93,-1.97
2026-03-03,RBBF40,9.45,-0.32,-1.56,,-0.31,-1.52,-1.97
2026-03-09,RBBF40,9.45,0.0,-1.56,,0.0,-1.52,-1.97
2026-03-10,RBBF40,9.28,-1.8,0.22,,-1.71,0.2,-1.97
2026-03-11,RBBF40,9.55,2.91,0.95,,2.72,0.9,-1.97
2026-03-12,RBBF40,9.52,-0.31,0.42,,-0.3,0.4,-1.97
2026-03-15,RBBF40,9.83,3.26,4.02,,-1.37,-0.66,-1.97
2026-03-16,RBBF40,9.89,0.61,4.66,,0.58,-0.08,-1.97
2026-03-17,RBBF40,9.66,-2.33,4.09,,-2.22,-0.59,-1.97
2026-03-19,RBBF40,9.6,-0.62,0.52,,-0.58,-3.89,-1.97
2026-03-22,RBBF40,9.82,2.29,3.15,,2.13,-1.46,-1.97
2026-03-23,RBBF40,9.95,1.32,1.22,4.74,1.25,1.16,-1.97
2026-03-24,RBBF40,10.0,0.5,1.11,1.21,0.48,1.06,-1.97
2026-03-25,RBBF40,9.65,-3.5,-0.1,0.42,-3.37,-0.09,-1.97
2026-03-26,RBBF40,9.85,2.07,2.6,5.01,1.93,2.42,-1.97
2026-03-29,RBBF40,9.68,-1.73,-1.43,5.68,-1.64,-1.35,-1.97
2026-03-30,RBBF40,9.65,-0.31,-3.02,1.37,-0.29,-2.89,-1.97
2026-03-31,RBBF40,9.55,-1.04,-4.5,-2.25,-0.97,-4.34,-1.97
2026-04-01,RBBF40,9.5,-0.52,-1.55,-1.04,-0.48,-1.45,-1.97
2026-04-02,RBBF40,9.51,0.11,-3.45,-0.94,0.1,-3.28,-1.97
2026-04-05,RBBF40,9.6,0.95,-0.83,3.67,0.86,-0.78,-1.97
2026-04-06,RBBF40,9.5,-1.04,-1.55,0.42,-0.96,-1.45,-1.97
2026-04-07,RBBF40,9.4,-1.05,-1.57,-0.84,-0.96,-1.44,-1.97
2026-04-08,RBBF40,9.55,1.6,0.53,1.06,1.44,0.48,-1.97
2026-04-09,RBBF40,9.6,0.52,0.95,1.59,0.48,0.86,-1.97
2026-04-10,RBBF40,9.6,0.0,0.0,3.45,0.0,0.0,-1.97
2026-04-13,RBBF40,9.6,0.0,1.05,0.52,0.0,0.96,-1.97
2026-04-15,RBBF40,9.51,-0.94,1.17,-0.11,0.03,1.95,-1.97
2026-04-16,RBBF40,9.43,-0.84,-1.26,-4.07,-0.78,-0.27,-1.97
2026-04-17,RBBF40,9.55,1.27,-0.52,-3.44,1.17,0.42,-1.97
2026-04-20,RBBF40,9.5,-0.52,-1.04,-1.66,-0.49,-0.07,-1.97
2026-04-21,RBBF40,9.6,1.05,0.0,0.0,0.98,0.91,-1.97
2026-04-22,RBBF40,9.35,-2.6,-1.68,-4.79,-2.44,-1.56,-1.97
2026-04-23,RBBF40,9.38,0.32,-0.53,-5.73,0.29,-0.49,-1.97
2026-04-24,RBBF40,9.36,-0.21,-1.99,-6.4,-0.19,-1.85,-1.97
2026-04-27,RBBF40,9.48,1.28,-0.21,-1.76,1.17,-0.19,-1.97
2026-04-28,RBBF40,9.31,-1.79,-3.02,-5.48,-1.66,-2.83,-1.97
2026-04-29,RBBF40,9.31,0.0,-0.43,-3.82,0.0,-0.39,-1.97
2026-04-30,RBBF40,9.21,-1.07,-1.81,-4.56,-0.97,-1.65,-1.97
2026-05-04,RBBF40,9.4,2.06,0.43,-1.57,1.85,0.39,-1.97
2026-05-05,RBBF40,9.5,1.06,0.21,0.0,0.97,0.19,-1.97
2026-05-06,RBBF40,9.77,2.84,4.94,2.73,2.63,4.48,-1.97
2026-05-07,RBBF40,9.55,-2.25,2.58,-0.52,-2.14,2.34,-1.97
2026-05-08,RBBF40,9.33,-2.3,1.3,-1.79,-2.14,1.17,-1.97
2026-05-11,RBBF40,9.6,2.89,2.13,2.13,2.63,1.95,-1.97
2026-05-12,RBBF40,9.88,2.92,4.0,3.46,2.72,3.7,-1.97
2026-05-13,RBBF40,9.51,-3.74,-2.66,-0.94,-3.6,-2.53,-1.97
2026-05-14,RBBF40,9.41,-1.05,-1.47,-1.98,-0.97,-1.36,-1.97
2026-05-15,RBBF40,9.5,0.96,1.82,-1.04,2.24,3.02,-1.97
2026-05-18,RBBF40,9.36,-1.47,-2.5,-1.58,-1.38,-0.99,-1.97
2026-05-19,RBBF40,9.55,2.03,-3.34,1.27,1.88,-1.83,-1.97
2026-05-20,RBBF40,9.7,1.57,2.0,1.57,1.48,3.25,-1.97
2026-05-21,RBBF40,9.52,-1.86,1.17,0.21,-1.78,2.44,-1.97
2026-05-22,RBBF40,9.45,-0.74,-0.53,-1.56,-0.69,-0.49,-1.97
2026-05-25,RBBF40,9.41,-0.42,0.53,0.64,-0.4,0.49,-1.97
2026-05-26,RBBF40,9.31,-1.06,-2.51,-0.75,-0.98,-2.37,-1.97
2026-05-27,RBBF40,9.61,3.22,-0.93,2.67,2.96,-0.89,-1.97
2026-06-01,RBBF40,9.35,-2.71,-1.79,-1.37,-2.57,-1.68,-1.97
2026-06-02,RBBF40,9.45,1.07,0.0,1.5,0.99,0.0,-1.97
2026-06-03,RBBF40,9.29,-1.69,-1.28,-0.21,-1.58,-1.18,-1.97
2026-06-04,RBBF40,9.36,0.75,0.54,1.63,0.69,0.49,-1.97
2026-06-05,RBBF40,9.42,0.64,-1.98,0.21,0.59,-1.88,-1.97
2026-06-08,RBBF40,9.5,0.85,1.6,0.0,0.79,1.48,-1.97
2026-06-09,RBBF40,9.3,-2.11,-1.59,-4.81,-1.97,-1.48,-1.97
2026-06-10,RBBF40,9.3,0.0,0.11,-2.62,0.0,0.1,-1.97
2026-06-11,RBBF40,9.25,-0.54,-1.18,-0.86,-0.5,-1.09,-1.97
2026-06-12,RBBF40,9.47,2.38,0.53,-1.35,2.18,0.5,-1.97
2026-06-15,RBBF40,9.25,-2.32,-2.63,-6.38,-2.45,-2.74,-1.97
2026-06-16,RBBF40,9.5,2.7,2.15,-0.11,2.47,1.7,-1.97
2026-06-17,RBBF40,9.36,-1.47,0.65,-0.53,-1.38,0.32,-1.97
2026-06-18,RBBF40,9.52,1.71,2.92,0.21,1.57,2.39,-1.97
2026-06-19,RBBF40,9.45,-0.74,-0.21,0.96,-0.69,-0.48,-1.97
2026-06-22,RBBF40,9.34,-1.16,0.97,-2.2,-1.08,0.89,-1.97
2026-06-23,RBBF40,9.21,-1.39,-3.05,-5.05,-1.28,-2.86,-1.97
2026-06-24,RBBF40,9.2,-0.11,-1.71,-3.36,-0.1,-1.58,-1.97
2026-06-25,RBBF40,9.25,0.54,-2.84,-2.12,0.49,-2.66,-1.97
2026-06-26,RBBF40,9.18,-0.76,-2.86,-2.44,-0.69,-2.66,-1.97
2026-06-29,RBBF40,9.25,0.76,-0.96,-0.64,0.69,-0.89,-1.97
2026-06-30,RBBF40,9.3,0.54,0.98,-3.23,0.5,0.89,-1.97
2026-07-01,RBBF40,9.13,-1.83,-0.76,-2.35,-1.68,-0.69,-1.97
2026-07-02,RBBF40,9.2,0.77,-0.54,-2.65,0.69,-0.49,-1.97
2026-07-03,RBBF40,9.25,0.54,0.76,-0.43,0.49,0.69,-1.97
2026-07-06,RBBF40,9.1,-1.62,-1.62,-2.78,-1.47,-1.47,-1.97
2026-07-07,RBBF40,10.36,13.85,11.4,9.98,12.41,10.44,-1.97
2026-07-08,RBBF40,9.83,-5.12,7.67,3.47,-5.22,6.9,-1.97
2026-07-10,RBBF40,9.26,-5.8,0.65,-0.43,-5.62,0.59,-1.97
2026-07-13,RBBF40,9.15,-1.19,-1.08,-1.61,-1.08,-0.98,-1.97
2026-07-14,RBBF40,9.3,1.64,2.2,0.54,1.48,1.97,-1.97
2026-07-15,RBBF40,9.25,-0.54,-10.71,-2.32,-0.5,-10.94,-1.97
2026-07-16,RBBF40,9.99,8.0,1.63,8.0,7.29,1.57,-1.97
2026-07-17,RBBF40,9.38,-6.11,1.3,-1.26,-6.01,1.18,-1.97
2026-07-20,RBBF40,9.18,-2.13,0.33,-1.92,-1.97,0.29,-1.97
2026-07-21,RBBF40,9.18,0.0,-1.29,-3.57,0.0,-1.19,-1.97
2026-07-22,RBBF40,9.34,1.74,0.97,-1.16,1.58,0.89,-1.97
2026-07-23,RBBF40,9.19,-1.61,-8.01,-1.61,-1.48,-7.88,-1.97
2026-07-24,RBBF40,9.32,1.41,-0.64,1.19,1.28,-0.59,-1.97
2026-07-27,RBBF40,9.29,-0.32,1.2,0.98,-0.29,1.09,-1.97
2026-07-28,RBBF40,9.0,-3.12,-1.96,-2.7,-2.86,-1.77,-1.97
2026-07-29,RBBF40,9.27,3.0,-0.75,0.98,2.66,-0.69,-1.97
2026-07-30,RBBF40,9.02,-2.7,-1.85,-2.49,-2.46,-1.67,-1.97
2026-07-31,RBBF40,9.03,0.11,-3.11,-2.9,1.88,-1.07,-1.97
2026-08-03,RBBF40,9.22,2.1,-0.75,0.99,1.91,1.13,-1.97
2026-08-04,RBBF40,8.97,-2.71,-0.33,-2.5,-2.51,1.48,-1.97
2026-08-06,RBBF40,9.04,0.78,-2.48,-2.27,0.7,-0.48,-1.97
2026-08-07,RBBF40,9.01,-0.33,-0.11,-0.99,-0.3,1.68,-1.97
2026-08-10,RBBF40,9.12,1.22,1.0,-11.97,1.11,0.91,-1.97
2026-08-11,RBBF40,9.01,-1.21,-2.28,-8.34,-1.11,-2.11,-1.97
2026-08-12,RBBF40,9.1,1.0,1.45,-1.73,0.91,1.31,-1.97
2026-08-13,RBBF40,9.19,0.99,1.66,0.44,0.9,1.51,-1.97
2026-08-14,RBBF40,9.01,-1.96,0.0,-3.12,-1.81,0.0,-1.97
2026-08-17,RBBF40,9.01,0.0,-1.21,-2.59,0.0,-1.11,-1.97
2026-02-09,RMF1,9.48,,,,,,-1.63
2026-02-10,RMF1,9.35,-1.37,,,-1.3,,-1.63
2026-02-11,RMF1,9.65,3.21,,,3.0,,-1.63
2026-02-12,RMF1,9.6,-0.52,,,-0.5,,-1.63
2026-02-16,RMF1,9.78,1.88,,,1.7,,-1.63
2026-02-17,RMF1,9.77,-0.1,3.06,,-0.1,2.8,-1.63
2026-02-22,RMF1,9.65,-1.23,3.21,,-1.2,2.9,-1.63
2026-02-23,RMF1,9.65,0.0,0.0,,0.0,-0.1,-1.63
2026-02-24,RMF1,9.45,-2.07,-1.56,,-1.99,-1.59,-1.63
2026-02-25,RMF1,9.62,1.8,-1.64,,1.69,-1.6,-1.63
2026-02-26,RMF1,9.62,0.0,-1.54,,0.0,-1.5,-1.63
2026-03-01,RMF1,9.75,1.35,1.04,,1.3,1.0,-1.63
2026-03-03,RMF1,9.58,-1.74,-0.73,,-1.7,-0.7,-1.63
2026-03-09,RMF1,9.77,1.98,3.39,,1.9,3.19,-1.63
2026-03-10,RMF1,9.65,-1.23,0.31,,-1.2,0.3,-1.63
2026-03-11,RMF1,9.8,1.55,1.87,,1.5,1.8,-1.63
2026-03-12,RMF1,9.74,-0.61,-0.1,,-0.6,-0.1,-1.63
2026-03-15,RMF1,9.68,-0.62,1.04,,-5.44,-3.84,-1.63
2026-03-16,RMF1,9.8,1.24,0.31,,1.13,-4.61,-1.63
2026-03-17,RMF1,9.8,0.0,1.55,,0.0,-3.41,-1.63
2026-03-19,RMF1,9.82,0.2,0.2,,0.19,-4.72,-1.63
2026-03-22,RMF1,10.01,1.93,2.77,,1.8,-2.32,-1.63
2026-03-23,RMF1,9.84,-1.7,1.65,3.8,-1.61,1.51,-1.63
2026-03-24,RMF1,9.98,1.42,1.84,6.74,1.33,1.71,-1.63
2026-03-25,RMF1,10.0,0.2,2.04,3.63,0.19,1.9,-1.63
2026-03-26,RMF1,9.9,-1.0,0.81,3.12,-0.95,0.76,-1.63
2026-03-29,RMF1,9.87,-0.3,-1.4,0.92,-0.28,-1.32,-1.63
2026-03-30,RMF1,9.68,-1.93,-1.63,-0.92,-1.8,-1.51,-1.63
2026-03-31,RMF1,9.82,1.45,-1.6,1.76,1.32,-1.52,-1.63
2026-04-01,RMF1,9.66,-1.63,-3.4,0.1,-1.51,-3.22,-1.63
2026-04-02,RMF1,9.75,0.93,-1.52,3.17,0.85,-1.42,-1.63
2026-04-05,RMF1,9.61,-1.44,-2.63,-0.1,-1.33,-2.47,-1.63
2026-04-06,RMF1,9.63,0.21,-0.52,0.1,0.19,-0.48,-1.63
2026-04-07,RMF1,9.55,-0.83,-2.75,-2.05,-0.75,-2.55,-1.63
2026-04-08,RMF1,9.85,3.14,1.97,2.82,2.84,1.8,-1.63
2026-04-09,RMF1,9.87,0.2,1.23,1.02,0.19,1.14,-1.63
2026-04-10,RMF1,9.71,-1.62,1.04,0.62,-1.52,0.95,-1.63
2026-04-13,RMF1,9.67,-0.41,0.42,-1.33,-0.38,0.38,-1.63
2026-04-15,RMF1,9.8,1.34,2.62,0.62,0.54,1.67,-1.63
2026-04-16,RMF1,9.9,1.02,0.51,2.27,0.94,-0.23,-1.63
2026-04-17,RMF1,9.89,-0.1,0.2,0.92,-0.1,-0.52,-1.63
2026-04-20,RMF1,9.6,-2.93,-1.13,-2.04,-2.72,-1.72,-1.63
2026-04-21,RMF1,9.66,0.63,-0.1,-1.63,0.56,-0.78,-1.63
2026-04-22,RMF1,9.7,0.41,-1.02,-3.1,0.38,-0.94,-1.63
2026-04-23,RMF1,9.65,-0.52,-2.53,-1.93,-0.47,-2.35,-1.63
2026-04-24,RMF1,9.58,-0.73,-3.13,-4.01,-0.66,-2.91,-1.63
2026-04-27,RMF1,9.59,0.1,-0.1,-4.1,0.09,-0.1,-1.63
2026-04-28,RMF1,9.88,3.02,2.28,-0.2,2.73,2.07,-1.63
2026-04-29,RMF1,9.62,-2.63,-0.82,-2.53,-2.45,-0.76,-1.63
2026-04-30,RMF1,9.76,1.46,1.14,0.83,1.32,1.03,-1.63
2026-05-04,RMF1,10.0,2.46,4.38,1.83,2.25,3.94,-1.63
2026-05-05,RMF1,9.73,-2.7,1.46,0.72,-2.53,1.32,-1.63
2026-05-06,RMF1,9.88,1.54,0.0,1.33,1.41,0.0,-1.63
2026-05-07,RMF1,9.8,-0.81,1.87,1.98,-0.75,1.7,-1.63
2026-05-08,RMF1,10.11,3.16,3.59,4.98,2.91,3.29,-1.63
2026-05-11,RMF1,10.0,-1.09,0.0,4.71,-1.04,0.0,-1.63
2026-05-12,RMF1,10.09,0.9,3.7,2.44,0.85,3.38,-1.63
2026-05-13,RMF1,9.81,-2.78,-0.71,-0.61,-2.63,-0.66,-1.63
2026-05-14,RMF1,10.0,1.94,2.04,2.99,1.78,1.87,-1.63
2026-05-15,RMF1,9.82,-1.8,-2.87,1.55,0.35,-0.69,-1.63
2026-05-18,RMF1,9.8,-0.2,-2.0,0.0,-0.19,0.16,-1.63
2026-05-19,RMF1,9.92,1.22,-1.68,0.2,1.15,0.46,-1.63
2026-05-20,RMF1,9.94,0.2,1.33,0.51,0.2,3.29,-1.63
2026-05-21,RMF1,9.99,0.5,-0.1,4.06,0.48,1.99,-1.63
2026-05-22,RMF1,10.0,0.1,1.83,3.52,0.09,1.73,-1.63
2026-05-25,RMF1,10.05,0.5,2.55,3.61,0.48,2.4,-1.63
2026-05-26,RMF1,10.05,0.0,1.31,4.15,0.0,1.25,-1.63
2026-05-27,RMF1,9.85,-1.99,-0.91,2.82,-1.92,-0.87,-1.63
2026-06-01,RMF1,9.85,0.0,-1.4,2.71,0.0,-1.35,-1.63
2026-06-02,RMF1,9.8,-0.51,-2.0,-0.81,-0.48,-1.92,-1.63
2026-06-03,RMF1,9.8,0.0,-2.49,1.87,0.0,-2.4,-1.63
2026-06-04,RMF1,9.8,0.0,-2.49,0.41,0.0,-2.4,-1.63
2026-06-05,RMF1,9.66,-1.43,-1.93,-3.4,-1.34,-1.82,-1.63
2026-06-08,RMF1,9.71,0.52,-1.42,-0.21,0.48,-1.34,-1.63
2026-06-09,RMF1,9.9,1.96,1.02,0.2,1.82,0.96,-1.63
2026-06-10,RMF1,9.85,-0.51,0.51,0.51,-0.48,0.48,-1.63
2026-06-11,RMF1,9.77,-0.81,-0.31,-3.36,-0.77,-0.29,-1.63
2026-06-12,RMF1,9.8,0.31,1.45,-2.0,0.29,1.34,-1.63
2026-06-15,RMF1,9.86,0.61,1.54,-2.28,0.21,1.07,-1.63
2026-06-16,RMF1,9.8,-0.61,-1.01,-0.1,-0.57,-1.32,-1.63
2026-06-17,RMF1,9.81,0.1,-0.41,-1.9,0.1,-0.74,-1.63
2026-06-18,RMF1,10.05,2.45,2.87,2.34,2.29,2.32,-1.63
2026-06-19,RMF1,9.81,-2.39,0.1,0.1,-2.29,-0.26,-1.63
2026-06-22,RMF1,10.05,2.45,1.93,1.31,2.29,1.82,-1.63
2026-06-23,RMF1,10.02,-0.3,2.24,0.8,-0.28,2.11,-1.63
2026-06-24,RMF1,10.0,-0.2,1.94,0.1,-0.2,1.81,-1.63
2026-06-25,RMF1,9.78,-2.2,-2.69,-2.2,-2.1,-2.58,-1.63
2026-06-26,RMF1,10.05,2.76,2.45,0.0,2.58,2.29,-1.63
2026-06-29,RMF1,9.75,-2.99,-2.99,-2.99,-2.87,-2.87,-1.63
2026-06-30,RMF1,9.8,0.51,-2.2,-0.51,0.48,-2.11,-1.63
2026-07-01,RMF1,10.0,2.04,0.0,1.52,1.91,0.0,-1.63
2026-07-02,RMF1,9.86,-1.4,0.82,0.61,-1.34,0.76,-1.63
2026-07-03,RMF1,9.8,-0.61,-2.49,0.0,-0.57,-2.39,-1.63
2026-07-06,RMF1,9.94,1.43,1.95,1.43,1.34,1.82,-1.63
2026-07-07,RMF1,9.81,-1.31,0.1,1.55,-1.24,0.1,-1.63
2026-07-08,RMF1,9.78,-0.31,-2.2,0.72,-0.29,-2.1,-1.63
2026-07-10,RMF1,9.8,0.2,-0.61,-1.01,0.19,-0.57,-1.63
2026-07-13,RMF1,9.79,-0.1,-0.1,-0.61,-0.1,-0.1,-1.63
2026-07-14,RMF1,9.69,-1.02,-2.52,-0.82,-0.95,-2.39,-1.63
2026-07-15,RMF1,9.9,2.17,0.92,1.02,2.01,0.86,-1.63
2026-07-16,RMF1,10.05,1.52,2.76,1.93,1.43,2.58,-1.63
2026-07-17,RMF1,9.76,-2.89,-0.41,-0.41,-2.77,-0.38,-1.63
2026-07-20,RMF1,9.75,-0.1,-0.41,-0.61,-0.1,-0.38,-1.63
2026-07-21,RMF1,9.9,1.54,2.17,-1.49,1.44,2.01,-1.63
2026-07-22,RMF1,9.67,-2.32,-2.32,-1.43,-2.2,-2.2,-1.63
2026-07-23,RMF1,9.9,2.38,-1.49,-1.49,2.2,-1.43,-1.63
2026-07-24,RMF1,9.7,-2.02,-0.61,-3.19,-1.92,-0.58,-1.63
2026-07-27,RMF1,9.68,-0.21,-0.72,-3.2,-0.19,-0.67,-1.63
2026-07-28,RMF1,9.68,0.0,-2.22,-1.02,0.0,-2.11,-1.63
2026-07-29,RMF1,9.88,2.07,2.17,-1.69,1.92,2.01,-1.63
2026-07-30,RMF1,9.68,-2.02,-2.22,-0.72,-1.92,-2.11,-1.63
2026-07-31,RMF1,9.78,1.03,0.82,-0.2,2.51,2.32,-1.63
2026-08-03,RMF1,9.62,-1.64,-0.62,-3.8,-1.56,0.95,-1.63
2026-08-04,RMF1,9.61,-0.1,-0.72,-2.54,-0.1,0.85,-1.63
2026-08-06,RMF1,9.68,0.73,-2.02,-1.22,0.68,-0.39,-1.63
2026-08-07,RMF1,9.67,-0.1,-0.1,-2.72,-0.09,1.44,-1.63
2026-08-10,RMF1,9.7,0.31,-0.82,-1.12,0.29,-0.78,-1.63
2026-08-11,RMF1,9.82,1.24,2.08,0.41,1.17,1.95,-1.63
2026-08-12,RMF1,9.84,0.2,2.39,0.41,0.19,2.24,-1.63
2026-08-13,RMF1,9.57,-2.74,-1.14,-2.25,-2.63,-1.07,-1.63
2026-08-14,RMF1,9.6,0.31,-0.72,-0.93,0.3,-0.68,-1.63
2026-08-17,RMF1,10.0,4.17,3.09,1.01,3.89,2.92,-1.63
2026-02-09,RMF2,10.0,,,,,,-1.81
2026-02-10,RMF2,9.99,-0.1,,,-0.09,,-1.81
2026-02-11,RMF2,9.9,-0.9,,,-0.84,,-1.81
2026-02-12,RMF2,10.18,2.83,,,2.61,,-1.81
2026-02-16,RMF2,9.81,-3.63,,,-3.54,,-1.81
2026-02-17,RMF2,9.95,1.43,-0.5,,1.31,-0.55,-1.81
2026-02-22,RMF2,9.87,-0.8,-1.2,,-0.75,-1.21,-1.81
2026-02-23,RMF2,10.0,1.32,1.01,,1.21,0.84,-1.81
2026-02-24,RMF2,9.66,-3.4,-5.11,,-3.17,-4.94,-1.81
2026-02-25,RMF2,9.84,1.86,0.31,,1.68,0.28,-1.81
2026-02-26,RMF2,9.81,-0.3,-1.41,,-0.28,-1.31,-1.81
2026-03-01,RMF2,9.82,0.1,-0.51,,0.09,-0.47,-1.81
2026-03-03,RMF2,10.0,1.83,0.0,,1.68,0.0,-1.81
2026-03-09,RMF2,10.0,0.0,3.52,,0.0,3.17,-1.81
2026-03-10,RMF2,10.03,0.3,1.93,,0.28,1.77,-1.81
2026-03-11,RMF2,10.02,-0.1,2.14,,-0.09,1.96,-1.81
2026-03-12,RMF2,10.01,-0.1,1.93,,-0.09,1.78,-1.81
2026-03-15,RMF2,10.06,0.5,0.6,,-4.12,-4.02,-1.81
2026-03-16,RMF2,10.06,0.0,0.6,,0.0,-4.02,-1.81
2026-03-17,RMF2,10.25,1.89,2.19,,1.69,-2.61,-1.81
2026-03-19,RMF2,10.13,-1.17,1.1,,-1.07,-3.59,-1.81
2026-03-22,RMF2,10.35,2.17,3.4,,1.96,-1.54,-1.81
2026-03-23,RMF2,10.23,-1.16,1.69,2.3,-1.07,1.51,-1.81
2026-03-24,RMF2,10.34,1.08,2.78,3.5,0.98,2.49,-1.81
2026-03-25,RMF2,10.4,0.58,1.46,5.05,0.53,1.33,-1.81
2026-03-26,RMF2,10.29,-1.06,1.58,1.08,-0.98,1.42,-1.81
2026-03-29,RMF2,10.4,1.07,0.48,6.01,0.98,0.44,-1.81
2026-03-30,RMF2,10.21,-1.83,-0.2,2.61,-1.69,-0.18,-1.81
2026-03-31,RMF2,10.15,-0.59,-1.84,2.84,-0.53,-1.69,-1.81
2026-04-01,RMF2,10.2,0.49,-1.92,2.0,0.45,-1.77,-1.81
2026-04-02,RMF2,10.3,0.98,0.1,6.63,0.88,0.09,-1.81
2026-04-05,RMF2,9.91,-3.79,-4.71,0.71,-3.46,-4.35,-1.81
2026-04-06,RMF2,10.3,3.94,0.88,4.99,3.46,0.8,-1.81
2026-04-07,RMF2,10.15,-1.46,0.0,3.36,-1.33,0.0,-1.81
2026-04-08,RMF2,10.22,0.69,0.2,2.2,0.62,0.17,-1.81
2026-04-09,RMF2,10.05,-1.66,-2.43,0.5,-1.51,-2.22,-1.81
2026-04-10,RMF2,10.22,1.69,3.13,1.89,1.51,2.75,-1.81
2026-04-13,RMF2,10.4,1.76,0.97,3.79,1.6,0.89,-1.81
2026-04-15,RMF2,10.4,0.0,2.46,3.9,0.08,2.3,-1.81
2026-04-16,RMF2,10.2,-1.92,-0.2,1.39,-1.77,-0.09,-1.81
2026-04-17,RMF2,10.25,0.49,1.99,1.89,0.44,1.86,-1.81
2026-04-20,RMF2,10.2,-0.49,-0.2,-0.49,-0.44,-0.09,-1.81
2026-04-21,RMF2,10.0,-1.96,-3.85,-1.28,-1.78,-3.47,-1.81
2026-04-22,RMF2,10.0,0.0,-3.85,-3.38,0.0,-3.55,-1.81
2026-04-23,RMF2,10.3,3.0,0.98,0.68,2.66,0.88,-1.81
2026-04-24,RMF2,10.01,-2.82,-2.34,-3.19,-2.57,-2.13,-1.81
2026-04-27,RMF2,10.4,3.9,1.96,0.0,3.46,1.77,-1.81
2026-04-28,RMF2,10.2,-1.92,2.0,-0.87,-1.77,1.78,-1.81
2026-04-29,RMF2,10.0,-1.96,0.0,-3.85,-1.78,0.0,-1.81
2026-04-30,RMF2,10.1,1.0,-1.94,-1.08,0.89,-1.77,-1.81
2026-05-04,RMF2,10.01,-0.89,0.0,-1.38,-0.8,0.0,-1.81
2026-05-05,RMF2,10.1,0.9,-2.88,-0.98,0.8,-2.66,-1.81
2026-05-06,RMF2,10.2,0.99,0.0,-0.97,0.89,0.0,-1.81
2026-05-07,RMF2,10.2,0.0,2.0,2.93,0.0,1.78,-1.81
2026-05-08,RMF2,10.2,0.0,0.99,-0.97,0.0,0.89,-1.81
2026-05-11,RMF2,10.2,0.0,1.9,0.49,0.0,1.69,-1.81
2026-05-12,RMF2,10.15,-0.49,0.5,-0.68,-0.45,0.44,-1.81
2026-05-13,RMF2,10.11,-0.39,-0.88,0.6,-0.35,-0.8,-1.81
2026-05-14,RMF2,10.2,0.89,0.0,-0.2,0.8,0.0,-1.81
2026-05-15,RMF2,10.2,0.0,0.0,-1.92,1.89,1.89,-1.81
2026-05-18,RMF2,10.1,-0.98,-0.98,-2.88,-0.91,0.98,-1.81
2026-05-19,RMF2,10.1,0.0,-0.49,-0.98,0.0,1.43,-1.81
2026-05-20,RMF2,10.5,3.96,3.86,2.44,3.62,5.4,-1.81
2026-05-21,RMF2,10.5,0.0,2.94,2.94,0.0,4.6,-1.81
2026-05-22,RMF2,10.5,0.0,2.94,5.0,0.0,2.71,-1.81
2026-05-25,RMF2,10.2,-2.86,0.99,2.0,-2.71,0.91,-1.81
2026-05-26,RMF2,10.1,-0.98,0.0,-1.94,-0.91,0.0,-1.81
2026-05-27,RMF2,10.4,2.97,-0.95,3.9,2.72,-0.9,-1.81
2026-06-01,RMF2,10.11,-2.79,-3.71,-2.79,-2.63,-3.53,-1.81
2026-06-02,RMF2,10.41,2.97,-0.86,2.06,2.72,-0.81,-1.81
2026-06-03,RMF2,10.14,-2.59,-0.59,1.4,-2.45,-0.55,-1.81
2026-06-04,RMF2,10.14,0.0,0.4,0.4,0.0,0.36,-1.81
2026-06-05,RMF2,10.35,2.07,-0.48,3.4,1.9,-0.46,-1.81
2026-06-08,RMF2,10.14,-2.03,0.3,0.4,-1.9,0.27,-1.81
2026-06-09,RMF2,10.14,0.0,-2.59,-0.59,0.0,-2.45,-1.81
2026-06-10,RMF2,10.14,0.0,0.0,-0.59,0.0,0.0,-1.81
2026-06-11,RMF2,9.99,-1.48,-1.48,-2.06,-1.36,-1.36,-1.81
2026-06-12,RMF2,9.99,0.0,-3.48,-2.06,0.0,-3.26,-1.81
2026-06-15,RMF2,9.99,0.0,-1.48,-1.58,-0.24,-1.6,-1.81
2026-06-16,RMF2,10.19,2.0,0.49,0.79,1.8,0.2,-1.81
2026-06-17,RMF2,10.2,0.1,0.59,0.0,0.09,0.29,-1.81
2026-06-18,RMF2,10.3,0.98,3.1,0.98,0.91,2.56,-1.81
2026-06-19,RMF2,10.2,-0.97,2.1,0.99,-0.91,1.65,-1.81
2026-06-22,RMF2,10.0,-1.96,0.1,-0.99,-1.8,0.09,-1.81
2026-06-23,RMF2,10.0,0.0,-1.86,-4.76,0.0,-1.71,-1.81
2026-06-24,RMF2,9.82,-1.8,-3.73,-6.48,-1.63,-3.43,-1.81
2026-06-25,RMF2,10.11,2.95,-1.84,-3.71,2.62,-1.72,-1.81
2026-06-26,RMF2,10.41,2.97,2.06,2.06,2.71,1.9,-1.81
2026-06-29,RMF2,10.1,-2.98,1.0,0.0,-2.8,0.9,-1.81
2026-06-30,RMF2,10.0,-0.99,0.0,-3.85,-0.9,0.0,-1.81
2026-07-01,RMF2,10.25,2.5,4.38,1.38,2.26,3.89,-1.81
2026-07-02,RMF2,10.0,-2.44,-1.09,-3.94,-2.26,-0.99,-1.81
2026-07-03,RMF2,10.0,0.0,-3.94,-1.38,0.0,-3.7,-1.81
2026-07-06,RMF2,10.1,1.0,0.0,-0.39,0.9,0.0,-1.81
2026-07-07,RMF2,10.1,0.0,1.0,-2.42,0.0,0.9,-1.81
2026-07-08,RMF2,10.1,0.0,-1.46,-0.39,0.0,-1.36,-1.81
2026-07-10,RMF2,9.95,-1.49,-0.5,-1.87,-1.36,-0.46,-1.81
2026-07-13,RMF2,9.71,-2.41,-2.9,-4.24,-2.17,-2.63,-1.81
2026-07-14,RMF2,9.7,-0.1,-3.96,-2.9,-0.09,-3.62,-1.81
2026-07-15,RMF2,9.93,2.37,-1.68,-0.6,2.08,-1.54,-1.81
2026-07-16,RMF2,10.0,0.7,-0.99,0.1,0.64,-0.9,-1.81
2026-07-17,RMF2,9.92,-0.8,-0.3,-2.65,-0.73,-0.27,-1.81
2026-07-20,RMF2,9.99,0.71,2.88,-2.06,0.64,2.54,-1.81
2026-07-21,RMF2,10.3,3.1,6.19,0.0,2.8,5.43,-1.81
2026-07-22,RMF2,10.12,-1.75,1.91,-0.78,-1.63,1.72,-1.81
2026-07-23,RMF2,10.12,0.0,1.2,1.2,0.0,1.08,-1.81
2026-07-24,RMF2,10.12,0.0,2.02,1.2,0.0,1.81,-1.81
2026-07-27,RMF2,10.12,0.0,1.3,3.05,0.0,1.17,-1.81
2026-07-28,RMF2,10.0,-1.19,-2.91,-1.09,-1.08,-2.71,-1.81
2026-07-29,RMF2,9.97,-0.3,-1.48,-4.23,-0.28,-1.36,-1.81
2026-07-30,RMF2,10.07,1.0,-0.49,-0.3,2.59,1.23,-1.81
2026-07-31,RMF2,10.07,0.0,-0.49,0.7,0.0,1.23,-1.81
2026-08-03,RMF2,9.8,-2.68,-3.16,-4.39,-2.49,-1.26,-1.81
2026-08-04,RMF2,9.72,-0.82,-2.8,-2.8,-0.74,-0.92,-1.81
2026-08-06,RMF2,9.85,1.34,-1.2,-1.5,1.2,0.56,-1.81
2026-08-07,RMF2,9.79,-0.61,-2.78,-3.07,-0.55,-2.58,-1.81
2026-08-10,RMF2,9.73,-0.61,-3.38,-3.66,-0.56,-3.14,-1.81
2026-08-11,RMF2,9.82,0.92,0.2,-2.77,0.83,0.18,-1.81
2026-08-12,RMF2,9.81,-0.1,0.93,-1.41,-0.09,0.83,-1.81
2026-08-13,RMF2,10.1,2.96,2.54,4.02,2.67,2.3,-1.81
2026-08-14,RMF2,10.1,0.0,3.17,4.12,0.0,2.85,-1.81
2026-08-17,RMF2,10.1,0.0,3.8,1.71,0.0,3.41,-1.81
2026-02-09,RSY,9.91,,,,,,-1.67
2026-02-10,RSY,9.8,-1.11,,,-1.03,,-1.67
2026-02-11,RSY,9.8,0.0,,,0.0,,-1.67
2026-02-12,RSY,9.78,-0.2,,,-0.19,,-1.67
2026-02-16,RSY,10.0,2.25,,,1.02,,-1.67
2026-02-17,RSY,10.09,0.9,1.82,,0.84,0.64,-1.67
2026-02-22,RSY,10.0,-0.89,2.04,,-0.84,0.83,-1.67
2026-02-23,RSY,9.8,-2.0,0.0,,-1.86,-1.03,-1.67
2026-02-24,RSY,9.9,1.02,1.23,,0.93,0.09,-1.67
2026-02-25,RSY,10.01,1.11,0.1,,1.02,0.09,-1.67
2026-02-26,RSY,10.0,-0.1,-0.89,,-0.09,-0.84,-1.67
2026-03-01,RSY,9.9,-1.0,-1.0,,-0.93,-0.93,-1.67
2026-03-03,RSY,10.0,1.01,2.04,,0.93,1.86,-1.67
2026-03-09,RSY,10.0,0.0,1.01,,0.0,0.93,-1.67
2026-03-10,RSY,10.2,2.0,1.9,,1.86,1.77,-1.67
2026-03-11,RSY,10.08,-1.18,0.8,,-1.12,0.74,-1.67
2026-03-12,RSY,10.19,1.09,2.93,,1.02,2.69,-1.67
2026-03-15,RSY,10.25,0.59,2.5,,-3.82,-2.06,-1.67
2026-03-16,RSY,10.11,-1.37,1.1,,-1.24,-3.3,-1.67
2026-03-17,RSY,10.45,3.36,2.45,,3.01,-2.15,-1.67
2026-03-19,RSY,10.45,0.0,3.67,,0.0,-1.03,-1.67
2026-03-22,RSY,10.55,0.96,3.53,,0.89,-1.16,-1.67
2026-03-23,RSY,10.45,-0.95,1.95,5.45,-0.89,1.77,-1.67
2026-03-24,RSY,10.45,0.0,3.36,6.63,0.0,3.01,-1.67
2026-03-25,RSY,10.33,-1.15,-1.15,5.41,-1.06,-1.06,-1.67
2026-03-26,RSY,10.25,-0.77,-1.91,4.81,-0.71,-1.77,-1.67
2026-03-29,RSY,10.5,2.44,-0.47,5.0,2.21,-0.45,-1.67
2026-03-30,RSY,10.27,-2.19,-1.72,1.78,-2.03,-1.59,-1.67
2026-03-31,RSY,10.2,-0.68,-2.39,2.0,-0.62,-2.21,-1.67
2026-04-01,RSY,10.1,-0.98,-2.23,3.06,-0.89,-2.04,-1.67
2026-04-02,RSY,10.15,0.5,-0.98,2.53,0.44,-0.89,-1.67
2026-04-05,RSY,10.05,-0.99,-4.29,0.4,-0.88,-3.98,-1.67
2026-04-06,RSY,10.2,1.49,-0.68,2.0,1.33,-0.62,-1.67
2026-04-07,RSY,10.22,0.2,0.2,3.23,0.17,0.17,-1.67
2026-04-08,RSY,10.23,0.1,1.29,2.3,0.09,1.15,-1.67
2026-04-09,RSY,10.23,0.0,0.79,2.3,0.0,0.71,-1.67
2026-04-10,RSY,10.3,0.68,2.49,0.98,0.62,2.21,-1.67
2026-04-13,RSY,10.24,-0.58,0.39,1.59,-0.53,0.35,-1.67
2026-04-15,RSY,10.26,0.2,0.39,0.69,-1.71,-1.53,-1.67
2026-04-16,RSY,10.32,0.58,0.88,0.68,0.52,-1.1,-1.67
2026-04-17,RSY,10.45,1.26,2.15,3.36,1.12,0.02,-1.67
2026-04-20,RSY,10.2,-2.39,-0.97,-2.39,-2.17,-2.77,-1.67
2026-04-21,RSY,10.2,0.0,-0.39,-2.39,0.0,-2.24,-1.67
2026-04-22,RSY,10.2,0.0,-0.58,-3.32,0.0,-0.53,-1.67
2026-04-23,RSY,10.3,0.98,-0.19,-1.44,0.87,-0.18,-1.67
2026-04-24,RSY,10.18,-1.17,-2.58,-2.58,-1.04,-2.34,-1.67
2026-04-27,RSY,10.0,-1.77,-1.96,-3.19,-1.56,-1.73,-1.67
2026-04-28,RSY,9.97,-0.3,-2.25,-2.73,-0.26,-1.99,-1.67
2026-04-29,RSY,10.06,0.9,-1.37,-4.19,0.78,-1.21,-1.67
2026-04-30,RSY,10.3,2.39,0.0,0.29,2.08,0.0,-1.67
2026-05-04,RSY,10.0,-2.91,-1.77,-1.96,-2.6,-1.56,-1.67
2026-05-05,RSY,10.1,1.0,1.0,0.0,0.87,0.87,-1.67
2026-05-06,RSY,10.19,0.89,2.21,0.39,0.78,1.91,-1.67
2026-05-07,RSY,10.13,-0.59,0.7,0.8,-0.52,0.61,-1.67
2026-05-08,RSY,10.13,0.0,-1.65,-0.69,0.0,-1.47,-1.67
2026-05-11,RSY,10.13,0.0,1.3,-0.88,0.0,1.13,-1.67
2026-05-12,RSY,10.15,0.2,0.5,-0.78,0.17,0.43,-1.67
2026-05-13,RSY,10.14,-0.1,-0.49,-0.88,-0.09,-0.44,-1.67
2026-05-14,RSY,10.36,2.17,2.27,0.58,1.91,1.99,-1.67
2026-05-15,RSY,10.25,-1.06,1.18,0.1,0.7,2.69,-1.67
2026-05-18,RSY,10.12,-1.27,-0.1,-1.36,-1.15,1.54,-1.67
2026-05-19,RSY,10.15,0.3,0.0,-1.65,0.26,1.63,-1.67
2026-05-20,RSY,10.12,-0.3,-0.2,-3.16,-0.26,1.46,-1.67
2026-05-21,RSY,10.16,0.4,-1.93,-0.39,0.35,-0.1,-1.67
2026-05-22,RSY,10.35,1.87,0.98,1.47,1.68,0.88,-1.67
2026-05-25,RSY,10.3,-0.48,1.78,0.98,-0.44,1.59,-1.67
2026-05-26,RSY,10.4,0.97,2.46,0.97,0.88,2.21,-1.67
2026-05-27,RSY,10.22,-1.73,0.99,0.39,-1.59,0.88,-1.67
2026-06-01,RSY,10.17,-0.49,0.1,1.7,-0.44,0.09,-1.67
2026-06-02,RSY,10.26,0.88,-0.87,2.91,0.8,-0.79,-1.67
2026-06-03,RSY,10.21,-0.49,-0.87,1.49,-0.45,-0.8,-1.67
2026-06-04,RSY,10.25,0.39,-1.44,-0.49,0.36,-1.32,-1.67
2026-06-05,RSY,10.33,0.78,1.08,3.3,0.7,0.97,-1.67
2026-06-08,RSY,10.21,-1.16,0.39,1.09,-1.06,0.35,-1.67
2026-06-09,RSY,10.2,-0.1,-0.58,0.1,-0.08,-0.53,-1.67
2026-06-10,RSY,10.36,1.57,1.47,2.27,1.41,1.33,-1.67
2026-06-11,RSY,10.25,-1.06,0.0,1.18,-0.97,0.0,-1.67
2026-06-12,RSY,10.33,0.78,0.0,1.97,0.7,0.0,-1.67
2026-06-15,RSY,10.26,-0.68,0.49,1.08,-0.85,0.21,-1.67
2026-06-16,RSY,10.23,-0.29,0.29,0.89,-0.27,0.02,-1.67
2026-06-17,RSY,10.22,-0.1,-1.35,-1.35,-0.09,-1.48,-1.67
2026-06-18,RSY,10.22,0.0,-0.29,-0.29,0.0,-0.51,-1.67
2026-06-19,RSY,10.25,0.29,-0.77,1.28,0.27,-0.94,-1.67
2026-06-22,RSY,10.2,-0.49,-0.58,0.49,-0.44,-0.53,-1.67
2026-06-23,RSY,10.15,-0.49,-0.78,0.3,-0.44,-0.7,-1.67
2026-06-24,RSY,10.16,0.1,-0.59,0.0,0.09,-0.52,-1.67
2026-06-25,RSY,10.16,0.0,-0.59,-1.84,0.0,-0.52,-1.67
2026-06-26,RSY,10.13,-0.3,-1.17,-1.65,-0.27,-1.06,-1.67
2026-06-29,RSY,10.01,-1.18,-1.86,-3.75,-1.06,-1.68,-1.67
2026-06-30,RSY,10.0,-0.1,-1.48,-2.15,-0.08,-1.32,-1.67
2026-07-01,RSY,10.14,1.4,-0.2,-0.29,1.23,-0.18,-1.67
2026-07-02,RSY,10.3,1.58,1.38,0.39,1.41,1.23,-1.67
2026-07-03,RSY,10.01,-2.82,-1.18,-1.96,-2.56,-1.06,-1.67
2026-07-06,RSY,10.0,-0.1,-0.1,-2.44,-0.08,-0.08,-1.67
2026-07-07,RSY,10.19,1.9,1.9,-1.36,1.67,1.67,-1.67
2026-07-08,RSY,10.1,-0.88,-0.39,-1.08,-0.79,-0.35,-1.67
2026-07-10,RSY,10.1,0.0,-1.94,-0.98,0.0,-1.76,-1.67
2026-07-13,RSY,10.0,-0.99,-0.1,-3.47,-0.88,-0.08,-1.67
2026-07-14,RSY,10.0,0.0,0.0,-2.44,0.0,0.0,-1.67
2026-07-15,RSY,10.01,0.1,-1.77,-3.1,0.08,-1.59,-1.67
2026-07-16,RSY,10.24,2.3,1.39,-0.19,2.03,1.23,-1.67
2026-07-17,RSY,10.0,-2.34,-0.99,-2.25,-2.11,-0.88,-1.67
2026-07-20,RSY,10.1,1.0,1.0,-1.17,0.88,0.88,-1.67
2026-07-21,RSY,10.1,0.0,1.0,-1.17,0.0,0.88,-1.67
2026-07-22,RSY,10.29,1.88,2.8,0.39,1.67,2.47,-1.67
2026-07-23,RSY,10.35,0.58,1.07,1.47,0.53,0.97,-1.67
2026-07-24,RSY,10.35,0.0,3.5,1.97,0.0,3.08,-1.67
2026-07-27,RSY,10.2,-1.45,0.99,0.39,-1.32,0.88,-1.67
2026-07-28,RSY,10.2,0.0,0.99,0.39,0.0,0.88,-1.67
2026-07-29,RSY,10.22,0.2,-0.68,0.89,0.17,-0.62,-1.67
2026-07-30,RSY,10.25,0.29,-0.97,2.4,0.27,-0.88,-1.67
2026-07-31,RSY,10.3,0.49,-0.48,3.0,0.44,-0.44,-1.67
2026-08-03,RSY,10.31,0.1,1.08,1.68,1.63,2.51,-1.67
2026-08-04,RSY,10.49,1.75,2.84,1.84,1.62,4.13,-1.67
2026-08-06,RSY,10.25,-2.29,0.29,2.4,-2.15,1.81,-1.67
2026-08-07,RSY,10.26,0.1,0.1,2.6,0.09,1.63,-1.67
2026-08-10,RSY,10.4,1.36,0.97,2.06,1.25,2.44,-1.67
2026-08-11,RSY,10.27,-1.25,-0.39,1.68,-1.16,-0.35,-1.67
2026-08-12,RSY,10.4,1.27,-0.86,2.97,1.16,-0.81,-1.67
2026-08-13,RSY,10.5,0.96,2.44,5.0,0.9,2.24,-1.67
2026-08-14,RSY,10.5,0.0,2.34,5.0,0.0,2.15,-1.67
2026-08-17,RSY,10.45,-0.48,0.48,4.4,-0.45,0.45,-1.67
2026-02-09,SAGF,9.71,,,,,,-2.59
2026-02-10,SAGF,9.75,0.41,,,0.38,,-2.59
2026-02-11,SAGF,9.87,1.23,,,1.15,,-2.59
2026-02-12,SAGF,9.87,0.0,,,-0.45,,-2.59
2026-02-16,SAGF,9.99,1.22,,,1.14,,-2.59
2026-02-17,SAGF,9.87,-1.2,1.65,,-1.14,1.08,-2.59
2026-02-22,SAGF,10.06,1.93,3.18,,1.81,2.51,-2.59
2026-02-23,SAGF,9.9,-1.59,0.3,,-1.52,-0.16,-2.59
2026-02-24,SAGF,9.9,0.0,0.3,,0.0,0.29,-2.59
2026-02-25,SAGF,10.09,1.92,1.0,,1.8,0.95,-2.59
2026-02-26,SAGF,9.9,-1.88,0.3,,-1.8,0.29,-2.59
2026-03-01,SAGF,9.9,0.0,-1.59,,0.0,-1.52,-2.59
2026-03-03,SAGF,9.9,0.0,0.0,,0.0,0.0,-2.59
2026-03-09,SAGF,9.9,0.0,0.0,,0.0,0.0,-2.59
2026-03-10,SAGF,10.05,1.52,-0.4,,1.42,-0.38,-2.59
2026-03-11,SAGF,10.06,0.1,1.62,,0.1,1.52,-2.59
2026-03-12,SAGF,10.2,1.39,3.03,,1.33,2.85,-2.59
2026-03-15,SAGF,10.0,-1.96,1.01,,-5.63,-2.78,-2.59
2026-03-16,SAGF,10.02,0.2,1.21,,0.18,-2.6,-2.59
2026-03-17,SAGF,10.02,0.0,-0.3,,0.0,-4.02,-2.59
2026-03-19,SAGF,10.02,0.0,-0.4,,0.0,-4.12,-2.59
2026-03-22,SAGF,10.22,2.0,0.2,,1.83,-3.62,-2.59
2026-03-23,SAGF,10.35,1.27,3.5,6.59,1.18,3.19,-2.59
2026-03-24,SAGF,10.25,-0.97,2.3,5.13,-0.91,2.1,-2.59
2026-03-25,SAGF,10.16,-0.88,1.4,2.94,-0.82,1.28,-2.59
2026-03-26,SAGF,10.4,2.36,3.79,5.37,2.19,3.47,-2.59
2026-03-29,SAGF,10.2,-1.92,-0.2,2.1,-1.82,-0.18,-2.59
2026-03-30,SAGF,10.25,0.49,-0.97,3.85,0.45,-0.91,-2.59
2026-03-31,SAGF,10.2,-0.49,-0.49,1.39,-0.45,-0.45,-2.59
2026-04-01,SAGF,10.1,-0.98,-0.59,2.02,-0.92,-0.55,-2.59
2026-04-02,SAGF,10.15,0.5,-2.4,2.53,0.46,-2.28,-2.59
2026-04-05,SAGF,10.1,-0.49,-0.98,0.1,-0.46,-0.92,-2.59
2026-04-06,SAGF,10.1,0.0,-1.46,2.02,0.0,-1.37,-2.59
2026-04-07,SAGF,10.12,0.2,-0.78,2.22,0.19,-0.73,-2.59
2026-04-08,SAGF,10.17,0.49,0.69,2.73,0.45,0.64,-2.59
2026-04-09,SAGF,10.22,0.49,0.69,3.23,0.46,0.64,-2.59
2026-04-10,SAGF,10.3,0.78,1.98,2.49,0.73,1.83,-2.59
2026-04-13,SAGF,10.36,0.58,2.57,2.98,0.29,2.12,-2.59
2026-04-15,SAGF,10.24,-1.16,1.19,0.39,-1.09,0.84,-2.59
2026-04-16,SAGF,10.2,-0.39,0.29,2.0,-0.37,0.02,-2.59
2026-04-17,SAGF,10.25,0.49,0.29,2.3,0.46,0.02,-2.59
2026-04-20,SAGF,10.2,-0.49,-0.97,1.8,-0.46,-1.17,-2.59
2026-04-21,SAGF,10.18,-0.2,-1.74,1.6,-0.18,-1.64,-2.59
2026-04-22,SAGF,10.03,-1.47,-2.05,-1.86,-1.37,-1.92,-2.59
2026-04-23,SAGF,10.11,0.8,-0.88,-2.32,0.73,-0.82,-2.59
2026-04-24,SAGF,10.15,0.4,-0.98,-0.98,0.37,-0.91,-2.59
2026-04-27,SAGF,10.15,0.0,-0.49,-0.1,0.0,-0.45,-2.59
2026-04-28,SAGF,10.11,-0.39,-0.69,-2.79,-0.37,-0.64,-2.59
2026-04-29,SAGF,10.06,-0.49,0.3,-1.37,-0.45,0.28,-2.59
2026-04-30,SAGF,10.1,0.4,-0.1,-1.46,0.36,-0.09,-2.59
2026-05-04,SAGF,10.11,0.1,-0.39,-0.88,0.09,-0.37,-2.59
2026-05-05,SAGF,10.15,0.4,0.0,0.5,0.37,0.0,-2.59
2026-05-06,SAGF,10.0,-1.48,-1.09,-1.48,-1.37,-1.0,-2.59
2026-05-07,SAGF,10.1,1.0,0.4,0.0,0.91,0.36,-2.59
2026-05-08,SAGF,10.15,0.5,0.5,0.5,0.46,0.46,-2.59
2026-05-11,SAGF,10.2,0.49,0.89,0.79,0.45,0.82,-2.59
2026-05-12,SAGF,10.21,0.1,0.59,0.39,0.09,0.54,-2.59
2026-05-13,SAGF,10.51,2.94,5.1,2.84,2.73,4.64,-2.59
2026-05-14,SAGF,10.21,-2.85,1.09,-0.87,-0.83,2.9,-2.59
2026-05-15,SAGF,10.4,1.86,2.46,0.39,1.76,4.2,-2.59
2026-05-18,SAGF,10.3,-0.96,0.98,0.59,-0.92,2.83,-2.59
2026-05-19,SAGF,10.15,-1.46,-0.59,-0.49,-1.4,1.34,-2.59
2026-05-20,SAGF,10.4,2.46,-1.05,1.46,2.32,0.93,-2.59
2026-05-21,SAGF,10.2,-1.92,-0.1,0.0,-1.85,-0.09,-2.59
2026-05-22,SAGF,10.2,0.0,-1.92,0.2,0.0,-1.85,-2.59
2026-05-25,SAGF,10.2,0.0,-0.97,1.69,0.0,-0.93,-2.59
2026-05-26,SAGF,10.2,0.0,0.49,0.89,0.0,0.47,-2.59
2026-05-27,SAGF,10.2,0.0,-1.92,0.49,0.0,-1.85,-2.59
2026-06-01,SAGF,10.15,-0.49,-0.49,0.0,-0.47,-0.47,-2.59
2026-06-02,SAGF,10.15,0.0,-0.49,0.4,0.0,-0.47,-2.59
2026-06-03,SAGF,10.2,0.49,0.0,1.39,0.47,0.0,-2.59
2026-06-04,SAGF,10.11,-0.88,-0.88,0.1,-0.84,-0.84,-2.59
2026-06-05,SAGF,10.1,-0.1,-0.98,-0.1,-0.09,-0.93,-2.59
2026-06-08,SAGF,10.12,0.2,-0.3,-0.3,0.18,-0.28,-2.59
2026-06-09,SAGF,10.2,0.79,0.49,2.0,0.75,0.47,-2.59
2026-06-10,SAGF,10.13,-0.69,-0.69,0.3,-0.65,-0.65,-2.59
2026-06-11,SAGF,10.2,0.69,0.89,0.49,0.65,0.84,-2.59
2026-06-12,SAGF,10.1,-0.98,0.0,-0.98,-0.93,0.0,-2.59
2026-06-15,SAGF,10.2,0.99,0.79,-0.1,0.49,0.31,-2.59
2026-06-16,SAGF,10.17,-0.29,-0.29,-3.24,-0.28,-0.72,-2.59
2026-06-17,SAGF,10.1,-0.69,-0.3,-1.08,-0.64,-0.71,-2.59
2026-06-18,SAGF,10.2,0.99,0.0,-1.92,0.92,-0.44,-2.59
2026-06-19,SAGF,10.0,-1.96,-0.99,-2.91,-1.85,-1.36,-2.59
2026-06-22,SAGF,10.2,2.0,0.0,0.49,1.85,0.0,-2.59
2026-06-23,SAGF,10.11,-0.88,-0.59,-2.79,-0.83,-0.55,-2.59
2026-06-24,SAGF,10.01,-0.99,-0.89,-1.86,-0.93,-0.84,-2.59
2026-06-25,SAGF,10.08,0.7,-1.18,-1.18,0.65,-1.11,-2.59
2026-06-26,SAGF,10.01,-0.69,0.1,-1.86,-0.65,0.09,-2.59
2026-06-29,SAGF,10.0,-0.1,-1.96,-1.96,-0.09,-1.85,-2.59
2026-06-30,SAGF,10.07,0.7,-0.4,-1.27,0.65,-0.37,-2.59
2026-07-01,SAGF,10.2,1.29,1.9,0.49,1.2,1.76,-2.59
2026-07-02,SAGF,10.49,2.84,4.07,3.35,2.68,3.79,-2.59
2026-07-03,SAGF,10.49,0.0,4.8,2.84,0.0,4.44,-2.59
2026-07-06,SAGF,10.29,-1.91,2.9,1.78,-1.85,2.68,-2.59
2026-07-07,SAGF,10.2,-0.87,1.29,0.99,-0.83,1.2,-2.59
2026-07-08,SAGF,9.95,-2.45,-2.45,-1.68,-2.31,-2.31,-2.59
2026-07-10,SAGF,10.25,3.02,-2.29,0.49,2.77,-2.22,-2.59
2026-07-13,SAGF,9.95,-2.93,-5.15,-1.78,-2.77,-4.99,-2.59
2026-07-14,SAGF,10.05,1.01,-2.33,-1.47,0.92,-2.22,-2.59
2026-07-15,SAGF,10.3,2.49,0.98,1.98,2.31,0.92,-2.59
2026-07-16,SAGF,10.45,1.46,5.03,2.45,3.96,7.19,-2.59
2026-07-17,SAGF,10.49,0.38,2.34,3.15,0.38,4.8,-2.59
2026-07-20,SAGF,10.49,0.0,5.43,3.86,0.0,7.57,-2.59
2026-07-21,SAGF,10.49,0.0,4.38,2.84,0.0,6.65,-2.59
2026-07-22,SAGF,10.12,-3.53,-1.75,1.2,-3.51,0.83,-2.59
2026-07-23,SAGF,10.2,0.79,-2.39,0.0,0.75,-2.38,-2.59
2026-07-24,SAGF,10.1,-0.98,-3.72,-0.1,-0.94,-3.7,-2.59
2026-07-27,SAGF,10.06,-0.4,-4.1,0.5,-0.38,-4.08,-2.59
2026-07-28,SAGF,10.05,-0.1,-4.19,-0.3,-0.1,-4.18,-2.59
2026-07-29,SAGF,10.35,2.99,2.27,3.4,2.85,2.18,-2.59
2026-07-30,SAGF,10.1,-2.42,-0.98,1.0,-2.37,-0.94,-2.59
2026-07-31,SAGF,10.05,-0.5,-0.5,-0.2,-0.48,-0.48,-2.59
2026-08-03,SAGF,10.4,3.48,3.38,1.96,3.32,3.22,-2.59
2026-08-04,SAGF,10.57,1.63,5.17,0.76,1.61,4.93,-2.59
2026-08-06,SAGF,10.57,0.0,2.13,0.76,0.0,2.08,-2.59
2026-08-07,SAGF,10.26,-2.93,1.58,-0.29,-2.94,1.51,-2.59
2026-08-10,SAGF,10.11,-1.46,0.6,-0.88,-1.42,0.57,-2.59
2026-08-11,SAGF,10.0,-1.09,-3.85,0.5,-1.04,-3.79,-2.59
2026-08-12,SAGF,10.2,2.0,-3.5,-0.49,1.89,-3.51,-2.59
2026-08-13,SAGF,9.8,-3.92,-7.28,-1.51,-3.79,-7.3,-2.59
2026-08-14,SAGF,10.0,2.04,-2.53,-0.5,1.9,-2.46,-2.59
2026-08-17,SAGF,9.92,-0.8,-1.88,-3.69,-0.76,-1.8,-2.59
2026-02-09,SBCF,9.53,,,,,,-1.94
2026-02-10,SBCF,9.5,-0.31,,,-0.27,,-1.94
2026-02-11,SBCF,9.5,0.0,,,0.0,,-1.94
2026-02-12,SBCF,9.4,-1.05,,,-0.88,,-1.94
2026-02-16,SBCF,9.58,1.91,,,1.59,,-1.94
2026-02-17,SBCF,9.4,-1.88,-1.36,,-1.59,-1.15,-1.94
2026-02-22,SBCF,9.58,1.91,0.84,,1.59,0.71,-1.94
2026-02-23,SBCF,9.66,0.84,1.68,,0.71,1.42,-1.94
2026-02-24,SBCF,9.75,0.93,3.72,,0.79,3.09,-1.94
2026-02-25,SBCF,9.51,-2.46,-0.73,,-2.12,-0.62,-1.94
2026-02-26,SBCF,9.35,-1.68,-0.53,,-1.41,-0.44,-1.94
2026-03-01,SBCF,9.45,1.07,-1.36,,0.88,-1.15,-1.94
2026-03-03,SBCF,9.62,1.8,-0.41,,1.5,-0.36,-1.94
2026-03-09,SBCF,9.62,0.0,-1.33,,0.0,-1.15,-1.94
2026-03-10,SBCF,9.9,2.91,4.1,,2.47,3.44,-1.94
2026-03-11,SBCF,9.61,-2.93,2.78,,-2.56,2.29,-1.94
2026-03-12,SBCF,9.89,2.91,4.66,,2.47,3.88,-1.94
2026-03-15,SBCF,9.7,-1.92,0.83,,-1.67,0.71,-1.94
2026-03-16,SBCF,9.6,-1.03,-0.21,,-0.88,-0.17,-1.94
2026-03-17,SBCF,9.64,0.42,-2.63,,0.35,-2.29,-1.94
2026-03-19,SBCF,9.66,0.21,0.52,,0.18,0.45,-1.94
2026-03-22,SBCF,9.72,0.62,-1.72,,0.52,-1.5,-1.94
2026-03-23,SBCF,10.0,2.88,3.09,4.93,2.47,2.64,-1.94
2026-03-24,SBCF,10.16,1.6,5.83,6.95,1.41,4.93,-1.94
2026-03-25,SBCF,10.15,-0.1,5.29,6.84,-0.08,4.5,-1.94
2026-03-26,SBCF,10.13,-0.2,4.87,7.77,-0.18,4.14,-1.94
2026-03-29,SBCF,9.85,-2.76,1.34,2.82,-2.47,1.15,-1.94
2026-03-30,SBCF,9.57,-2.84,-4.3,1.81,-2.47,-3.79,-1.94
2026-03-31,SBCF,9.62,0.52,-5.31,0.42,0.44,-4.76,-1.94
2026-04-01,SBCF,9.46,-1.66,-6.8,-2.07,-1.41,-6.09,-1.94
2026-04-02,SBCF,9.54,0.85,-5.82,-2.15,0.71,-5.2,-1.94
2026-04-05,SBCF,9.47,-0.73,-3.86,-0.42,-0.62,-3.35,-1.94
2026-04-06,SBCF,9.6,1.37,0.31,2.67,1.15,0.27,-1.94
2026-04-07,SBCF,9.59,-0.1,-0.31,1.48,-0.09,-0.26,-1.94
2026-04-08,SBCF,9.77,1.88,3.28,1.56,1.59,2.74,-1.94
2026-04-09,SBCF,9.99,2.25,4.72,3.85,1.94,3.97,-1.94
2026-04-10,SBCF,9.74,-2.5,2.85,-1.62,-2.21,2.38,-1.94
2026-04-13,SBCF,10.1,3.7,5.21,5.1,3.18,4.41,-1.94
2026-04-15,SBCF,9.82,-2.77,2.4,-0.71,-2.47,2.03,-1.94
2026-04-16,SBCF,9.85,0.31,0.82,1.55,0.26,0.7,-1.94
2026-04-17,SBCF,9.99,1.42,0.0,4.06,1.24,0.0,-1.94
2026-04-20,SBCF,9.99,0.0,2.57,3.63,0.0,2.21,-1.94
2026-04-21,SBCF,9.8,-1.9,-2.97,1.45,-1.68,-2.65,-1.94
2026-04-22,SBCF,9.79,-0.1,-0.31,0.72,-0.09,-0.27,-1.94
2026-04-23,SBCF,9.88,0.92,0.3,-1.2,0.8,0.27,-1.94
2026-04-24,SBCF,9.65,-2.33,-3.4,-5.02,-2.03,-3.0,-1.94
2026-04-27,SBCF,9.6,-0.52,-3.9,-5.42,-0.44,-3.44,-1.94
2026-04-28,SBCF,9.6,0.0,-2.04,-5.23,0.0,-1.76,-1.94
2026-04-29,SBCF,9.54,-0.63,-2.55,-3.15,-0.53,-2.2,-1.94
2026-04-30,SBCF,9.52,-0.21,-3.64,-0.52,-0.18,-3.18,-1.94
2026-05-04,SBCF,9.44,-0.84,-2.18,-1.87,-0.7,-1.85,-1.94
2026-05-05,SBCF,9.75,3.28,1.56,3.07,2.73,1.32,-1.94
2026-05-06,SBCF,9.75,0.0,1.56,2.2,0.0,1.32,-1.94
2026-05-07,SBCF,9.8,0.51,2.73,3.48,0.44,2.29,-1.94
2026-05-08,SBCF,9.8,0.0,2.94,2.08,0.0,2.47,-1.94
2026-05-11,SBCF,9.71,-0.92,2.86,1.25,-0.79,2.38,-1.94
2026-05-12,SBCF,9.99,2.88,2.46,2.25,2.47,2.12,-1.94
2026-05-13,SBCF,10.04,0.5,2.97,0.5,0.44,2.56,-1.94
2026-05-14,SBCF,9.79,-2.49,-0.1,0.51,-2.21,-0.09,-1.94
2026-05-15,SBCF,9.85,0.61,0.51,-2.48,0.53,0.44,-1.94
2026-05-18,SBCF,9.71,-1.42,0.0,-1.12,-1.23,0.0,-1.94
2026-05-19,SBCF,9.7,-0.1,-2.9,-1.52,-0.09,-2.56,-1.94
2026-05-20,SBCF,9.76,0.62,-2.79,-2.3,0.53,-2.47,-1.94
2026-05-21,SBCF,10.0,2.46,2.15,0.1,2.11,1.85,-1.94
2026-05-22,SBCF,9.9,-1.0,0.51,1.02,-0.88,0.44,-1.94
2026-05-25,SBCF,9.98,0.81,2.78,1.94,0.71,2.38,-1.94
2026-05-26,SBCF,9.98,0.0,2.89,1.01,0.0,2.47,-1.94
2026-05-27,SBCF,9.83,-1.5,0.72,1.87,-1.33,0.61,-1.94
2026-06-01,SBCF,9.8,-0.31,-2.0,2.08,-0.26,-1.76,-1.94
2026-06-02,SBCF,9.78,-0.2,-1.21,1.88,-0.18,-1.06,-1.94
2026-06-03,SBCF,9.8,0.2,-1.8,2.73,0.18,-1.59,-1.94
2026-06-04,SBCF,9.85,0.51,-1.3,3.47,0.44,-1.15,-1.94
2026-06-05,SBCF,9.59,-2.64,-2.44,1.59,-2.29,-2.11,-1.94
2026-06-08,SBCF,9.62,0.31,-1.84,-1.33,0.26,-1.59,-1.94
2026-06-09,SBCF,9.67,0.52,-1.12,-0.82,0.44,-0.97,-1.94
2026-06-10,SBCF,9.85,1.86,0.51,0.51,1.59,0.44,-1.94
2026-06-11,SBCF,9.7,-1.52,-1.52,-1.02,-1.32,-1.32,-1.94
2026-06-12,SBCF,9.89,1.96,3.13,1.85,1.67,2.64,-1.94
2026-06-15,SBCF,9.76,-1.31,1.46,-2.3,-1.14,1.24,-1.94
2026-06-16,SBCF,9.61,-1.54,-0.62,-4.28,-1.33,-0.53,-1.94
2026-06-17,SBCF,10.0,4.06,1.52,2.15,3.44,1.32,-1.94
2026-06-18,SBCF,9.95,-0.5,2.58,1.02,-0.44,2.2,-1.94
2026-06-19,SBCF,9.77,-1.81,-1.21,0.62,-1.58,-1.05,-1.94
2026-06-22,SBCF,9.6,-1.74,-1.64,-1.03,-1.5,-1.41,-1.94
2026-06-23,SBCF,10.09,5.1,4.99,3.38,4.32,4.24,-1.94
2026-06-24,SBCF,10.0,-0.89,0.0,0.0,-0.8,0.0,-1.94
2026-06-25,SBCF,9.7,-3.0,-2.51,-2.02,-2.64,-2.2,-1.94
2026-06-26,SBCF,9.9,2.06,1.33,-0.8,1.76,1.14,-1.94
2026-06-29,SBCF,10.0,1.01,4.17,0.2,0.88,3.52,-1.94
2026-06-30,SBCF,10.0,0.0,-0.89,1.73,0.0,-0.8,-1.94
2026-07-01,SBCF,9.8,-2.0,-2.0,0.0,-1.76,-1.76,-1.94
2026-07-02,SBCF,9.9,1.02,2.06,1.23,0.88,1.76,-1.94
2026-07-03,SBCF,9.8,-1.01,-1.01,0.0,-0.88,-0.88,-1.94
2026-07-06,SBCF,9.66,-1.43,-3.4,-1.93,-1.23,-2.99,-1.94
2026-07-07,SBCF,9.75,0.93,-2.5,1.67,0.79,-2.2,-1.94
2026-07-08,SBCF,9.6,-1.54,-2.04,-0.21,-1.32,-1.76,-1.94
2026-07-10,SBCF,9.66,0.63,-2.42,-0.1,0.53,-2.11,-1.94
2026-07-13,SBCF,9.6,-0.62,-2.04,-2.54,-0.53,-1.76,-1.94
2026-07-14,SBCF,9.65,0.52,-0.1,-0.52,0.44,-0.09,-1.94
2026-07-15,SBCF,9.65,0.0,-1.03,-2.43,0.0,-0.88,-1.94
2026-07-16,SBCF,9.75,1.04,1.56,-0.1,0.88,1.32,-1.94
2026-07-17,SBCF,10.19,4.51,5.49,6.04,3.88,4.67,-1.94
2026-07-20,SBCF,10.15,-0.39,5.73,1.5,-0.35,4.85,-1.94
2026-07-21,SBCF,10.0,-1.48,3.63,0.5,-1.33,3.08,-1.94
2026-07-22,SBCF,9.65,-3.5,0.0,-1.23,-3.08,0.0,-1.94
2026-07-23,SBCF,10.18,5.49,4.41,6.04,4.67,3.79,-1.94
2026-07-24,SBCF,9.61,-5.6,-5.69,-4.76,-5.03,-5.12,-1.94
2026-07-27,SBCF,9.95,3.54,-1.97,-0.5,3.0,-1.77,-1.94
2026-07-28,SBCF,9.68,-2.71,-3.2,-0.21,-2.38,-2.82,-1.94
2026-07-29,SBCF,9.66,-0.21,0.1,-2.42,-0.17,0.09,-1.94
2026-07-30,SBCF,9.5,-1.66,-6.68,-5.0,-1.42,-6.0,-1.94
2026-07-31,SBCF,9.6,1.05,-0.1,-4.0,0.89,-0.08,-1.94
2026-08-03,SBCF,9.5,-1.04,-4.52,-3.06,-0.89,-3.97,-1.94
2026-08-04,SBCF,9.68,1.89,0.0,-2.22,1.59,0.0,-1.94
2026-08-06,SBCF,9.5,-1.86,-1.66,-3.06,-1.59,-1.42,-1.94
2026-08-07,SBCF,9.45,-0.53,-0.53,-2.17,-0.44,-0.44,-1.94
2026-08-10,SBCF,9.4,-0.53,-2.08,-3.59,-0.44,-1.77,-1.94
2026-08-11,SBCF,9.6,2.13,1.05,0.0,1.77,0.89,-1.94
2026-08-12,SBCF,9.36,-2.5,-3.31,-3.11,-2.12,-2.82,-1.94
2026-08-13,SBCF,9.39,0.32,-1.16,-2.19,0.26,-0.97,-1.94
2026-08-14,SBCF,9.41,0.21,-0.42,-2.49,0.18,-0.35,-1.94
2026-08-17,SBCF,10.15,7.86,7.98,5.18,6.53,6.62,-1.94
2026-02-09,SEF,9.79,,,,,,-2.72
2026-02-10,SEF,9.7,-0.92,,,-0.89,,-2.72
2026-02-11,SEF,9.79,0.93,,,0.89,,-2.72
2026-02-12,SEF,9.79,0.0,,,0.0,,-2.72
2026-02-16,SEF,9.65,-1.43,,,-1.68,,-2.72
2026-02-17,SEF,9.73,0.83,-0.61,,0.8,-0.88,-2.72
2026-02-22,SEF,9.43,-3.08,-2.78,,-2.99,-2.98,-2.72
2026-02-23,SEF,9.61,1.91,-1.84,,1.79,-2.08,-2.72
2026-02-24,SEF,9.62,0.1,-1.74,,0.1,-1.98,-2.72
2026-02-25,SEF,9.55,-0.73,-1.04,,-0.7,-1.0,-2.72
2026-02-26,SEF,9.57,0.21,-1.64,,0.2,-1.6,-2.72
2026-03-01,SEF,9.6,0.31,1.8,,0.3,1.69,-2.72
2026-03-03,SEF,9.7,1.04,0.94,,1.0,0.9,-2.72
2026-03-09,SEF,9.7,0.0,0.83,,0.0,0.8,-2.72
2026-03-10,SEF,9.9,2.06,3.66,,1.99,3.49,-2.72
2026-03-11,SEF,9.56,-3.43,-0.1,,-3.39,-0.1,-2.72
2026-03-12,SEF,10.09,5.54,5.1,,5.28,4.88,-2.72
2026-03-15,SEF,10.49,3.96,8.14,,-0.97,2.91,-2.72
2026-03-16,SEF,10.03,-4.39,3.4,,-4.36,-1.45,-2.72
2026-03-17,SEF,10.14,1.1,2.42,,1.04,-2.4,-2.72
2026-03-19,SEF,10.1,-0.39,5.65,,-0.38,0.61,-2.72
2026-03-22,SEF,10.16,0.59,0.69,,0.57,-4.1,-2.72
2026-03-23,SEF,10.21,0.49,-2.67,4.29,0.48,-2.65,-2.72
2026-03-24,SEF,10.29,0.78,2.59,6.08,0.76,2.47,-2.72
2026-03-25,SEF,10.12,-1.65,-0.2,3.37,-1.62,-0.19,-2.72
2026-03-26,SEF,10.32,1.98,2.18,5.41,1.9,2.09,-2.72
2026-03-29,SEF,10.1,-2.13,-0.59,4.66,-2.09,-0.57,-2.72
2026-03-30,SEF,9.98,-1.19,-2.25,2.57,-1.13,-2.18,-2.72
2026-03-31,SEF,10.2,2.2,-0.87,8.17,2.08,-0.86,-2.72
2026-04-01,SEF,9.9,-2.94,-2.17,3.02,-2.84,-2.08,-2.72
2026-04-02,SEF,10.01,1.11,-3.0,4.05,1.04,-2.94,-2.72
2026-04-05,SEF,9.72,-2.9,-3.76,1.78,-2.75,-3.6,-2.72
2026-04-06,SEF,9.85,1.34,-1.3,2.93,1.23,-1.24,-2.72
2026-04-07,SEF,9.9,0.51,-2.94,3.12,0.48,-2.84,-2.72
2026-04-08,SEF,10.06,1.62,1.62,3.71,1.52,1.52,-2.72
2026-04-09,SEF,9.9,-1.59,-1.1,2.06,-1.52,-1.04,-2.72
2026-04-10,SEF,9.9,0.0,1.85,0.0,0.0,1.71,-2.72
2026-04-13,SEF,9.72,-1.82,-1.32,1.67,-1.71,-1.23,-2.72
2026-04-15,SEF,10.15,4.42,2.53,0.59,0.56,-1.15,-2.72
2026-04-16,SEF,10.06,-0.89,0.0,-4.1,-0.82,-3.49,-2.72
2026-04-17,SEF,9.98,-0.8,0.81,-0.5,-0.73,-2.7,-2.72
2026-04-20,SEF,10.12,1.4,2.22,-0.2,1.28,-1.42,-2.72
2026-04-21,SEF,10.0,-1.19,2.88,-0.99,-1.1,-0.81,-2.72
2026-04-22,SEF,9.9,-1.0,-2.46,-2.56,-0.91,-2.28,-2.72
2026-04-23,SEF,9.9,0.0,-1.59,-3.04,0.0,-1.46,-2.72
2026-04-24,SEF,9.9,0.0,-0.8,-3.79,0.0,-0.73,-2.72
2026-04-27,SEF,9.9,0.0,-2.17,-2.17,0.0,-2.01,-2.72
2026-04-28,SEF,9.77,-1.31,-2.3,-5.33,-1.19,-2.1,-2.72
2026-04-29,SEF,9.99,2.25,0.91,-1.09,2.01,0.82,-2.72
2026-04-30,SEF,9.82,-1.7,-0.81,-1.6,-1.55,-0.73,-2.72
2026-05-04,SEF,9.82,0.0,-0.81,-3.73,0.0,-0.73,-2.72
2026-05-05,SEF,9.9,0.81,0.0,0.0,0.73,0.0,-2.72
2026-05-06,SEF,10.0,1.01,2.35,-0.1,0.91,2.1,-2.72
2026-05-07,SEF,9.9,-1.0,-0.9,1.85,-0.91,-0.82,-2.72
2026-05-08,SEF,9.9,0.0,0.81,0.51,0.0,0.73,-2.72
2026-05-11,SEF,10.14,2.42,3.26,2.42,2.19,2.92,-2.72
2026-05-12,SEF,10.05,-0.89,1.52,-0.1,-0.82,1.37,-2.72
2026-05-13,SEF,10.0,-0.5,0.0,1.01,-0.46,0.0,-2.72
2026-05-14,SEF,9.9,-1.0,0.0,0.0,-0.91,0.0,-2.72
2026-05-15,SEF,9.95,0.51,0.51,2.37,3.02,3.02,-2.72
2026-05-18,SEF,9.95,0.0,-1.87,-1.97,0.0,0.83,-2.72
2026-05-19,SEF,9.95,0.0,-1.0,-1.09,0.0,1.65,-2.72
2026-05-20,SEF,10.0,0.5,0.0,0.2,0.47,2.58,-2.72
2026-05-21,SEF,10.0,0.0,1.01,-1.19,0.0,3.49,-2.72
2026-05-22,SEF,10.4,4.0,4.52,4.0,3.75,4.22,-2.72
2026-05-25,SEF,10.09,-2.98,1.41,1.92,-2.91,1.31,-2.72
2026-05-26,SEF,10.19,0.99,2.41,2.93,0.94,2.25,-2.72
2026-05-27,SEF,10.2,0.1,2.0,3.03,0.09,1.87,-2.72
2026-06-01,SEF,10.2,0.0,2.0,3.03,0.0,1.87,-2.72
2026-06-02,SEF,10.0,-1.96,-3.85,2.35,-1.87,-3.75,-2.72
2026-06-03,SEF,9.96,-0.4,-1.29,-0.3,-0.38,-1.22,-2.72
2026-06-04,SEF,10.1,1.41,-0.88,2.85,1.32,-0.84,-2.72
2026-06-05,SEF,9.97,-1.29,-2.25,1.53,-1.22,-2.15,-2.72
2026-06-08,SEF,9.93,-0.4,-2.65,0.3,-0.38,-2.53,-2.72
2026-06-09,SEF,10.0,0.7,0.0,0.0,0.66,0.0,-2.72
2026-06-10,SEF,10.1,1.0,1.41,2.02,0.94,1.32,-2.72
2026-06-11,SEF,10.0,-0.99,-0.99,1.01,-0.94,-0.94,-2.72
2026-06-12,SEF,10.18,1.8,2.11,0.39,1.69,1.97,-2.72
2026-06-15,SEF,10.19,0.1,2.62,1.39,0.09,2.44,-2.72
2026-06-16,SEF,10.16,-0.29,1.6,1.6,-0.28,1.5,-2.72
2026-06-17,SEF,10.41,2.46,3.07,5.15,2.35,2.91,-2.72
2026-06-18,SEF,10.41,0.0,4.1,4.62,0.0,3.85,-2.72
2026-06-19,SEF,10.3,-1.06,1.18,3.52,-1.04,1.12,-2.72
2026-06-22,SEF,10.3,0.0,1.08,3.52,0.0,1.03,-2.72
2026-06-23,SEF,10.39,0.87,2.26,3.9,0.85,2.16,-2.72
2026-06-24,SEF,10.3,-0.87,-1.06,3.0,-0.85,-1.04,-2.72
2026-06-25,SEF,10.16,-1.36,-2.4,-2.31,-1.31,-2.35,-2.72
2026-06-26,SEF,10.35,1.87,0.49,2.58,1.78,0.47,-2.72
2026-06-29,SEF,10.47,1.16,1.65,2.75,1.13,1.6,-2.72
2026-06-30,SEF,10.2,-2.58,-1.83,0.0,-2.54,-1.79,-2.72
2026-07-01,SEF,10.25,0.49,-0.49,0.49,0.47,-0.47,-2.72
2026-07-02,SEF,9.95,-2.93,-2.07,-0.5,-2.81,-1.97,-2.72
2026-07-03,SEF,9.95,0.0,-3.86,-0.1,0.0,-3.75,-2.72
2026-07-06,SEF,10.0,0.5,-4.49,-0.99,0.47,-4.41,-2.72
2026-07-07,SEF,10.0,0.0,-1.96,0.3,0.0,-1.87,-2.72
2026-07-08,SEF,9.91,-0.9,-3.32,-0.2,-0.85,-3.19,-2.72
2026-07-10,SEF,10.22,3.13,2.71,2.2,2.91,2.53,-2.72
2026-07-13,SEF,10.0,-2.15,0.5,-0.99,-2.06,0.47,-2.72
2026-07-14,SEF,10.0,0.0,0.0,0.0,0.0,0.0,-2.72
2026-07-15,SEF,9.96,-0.4,-0.4,-2.16,-0.38,-0.38,-2.72
2026-07-16,SEF,10.02,0.6,1.11,-1.67,0.56,1.03,-2.72
2026-07-17,SEF,9.98,-0.4,-2.35,-1.77,-0.37,-2.25,-2.72
2026-07-20,SEF,10.2,2.2,2.0,-2.02,2.06,1.87,-2.72
2026-07-21,SEF,10.1,-0.98,1.0,-2.98,-0.93,0.94,-2.72
2026-07-22,SEF,10.18,0.79,2.21,-1.17,0.75,2.07,-2.72
2026-07-23,SEF,10.38,1.96,3.59,0.78,1.87,3.38,-2.72
2026-07-24,SEF,10.11,-2.6,1.3,-2.69,-2.53,1.22,-2.72
2026-07-27,SEF,10.4,2.87,1.96,0.97,2.72,1.88,-2.72
2026-07-28,SEF,9.79,-5.87,-3.07,-3.64,-5.73,-2.92,-2.72
2026-07-29,SEF,9.75,-0.41,-4.22,-5.8,-0.37,-4.04,-2.72
2026-07-30,SEF,9.81,0.62,-5.49,-6.3,0.56,-5.35,-2.72
2026-07-31,SEF,9.8,-0.1,-3.07,-3.92,2.48,-0.34,-2.72
2026-08-03,SEF,9.79,-0.1,-5.87,-4.49,-0.09,-3.15,-2.72
2026-08-04,SEF,9.9,1.12,1.12,-0.5,1.06,3.64,-2.72
2026-08-06,SEF,9.81,-0.91,0.62,-1.41,-0.87,3.14,-2.72
2026-08-07,SEF,9.91,1.02,1.02,-0.9,0.97,3.55,-2.72
2026-08-10,SEF,9.9,-0.1,1.02,-1.0,-0.1,0.97,-2.72
2026-08-11,SEF,10.25,3.54,4.7,3.43,3.38,4.44,-2.72
2026-08-12,SEF,10.05,-1.95,1.52,-1.66,-1.93,1.45,-2.72
2026-08-13,SEF,10.05,0.0,2.45,0.5,0.0,2.32,-2.72
2026-08-14,SEF,10.05,0.0,1.41,0.5,0.0,1.35,-2.72
2026-08-17,SEF,10.23,1.79,3.33,2.71,1.74,3.19,-2.72
2026-02-09,SFEF,9.75,,,,,,-4.1
2026-02-10,SFEF,9.59,-1.64,,,-1.4,,-4.1
2026-02-11,SFEF,9.94,3.65,,,3.06,,-4.1
2026-02-12,SFEF,9.8,-1.41,,,-1.22,,-4.1
2026-02-16,SFEF,9.71,-0.92,,,-0.79,,-4.1
2026-02-17,SFEF,9.66,-0.51,-0.92,,-0.44,-0.79,-4.1
2026-02-22,SFEF,9.63,-0.31,0.42,,-0.26,0.35,-4.1
2026-02-23,SFEF,9.6,-0.31,-3.42,,-0.26,-2.97,-4.1
2026-02-24,SFEF,9.54,-0.63,-2.65,,-0.53,-2.28,-4.1
2026-02-25,SFEF,9.61,0.73,-1.03,,0.62,-0.87,-4.1
2026-02-26,SFEF,9.79,1.87,1.35,,1.57,1.14,-4.1
2026-03-01,SFEF,9.75,-0.41,1.25,,-0.35,1.05,-4.1
2026-03-03,SFEF,9.93,1.85,3.44,,1.58,2.89,-4.1
2026-03-09,SFEF,10.12,1.91,6.08,,1.66,5.08,-4.1
2026-03-10,SFEF,10.1,-0.2,5.1,,-0.18,4.28,-4.1
2026-03-11,SFEF,10.1,0.0,3.17,,0.0,2.71,-4.1
2026-03-12,SFEF,10.3,1.98,5.64,,1.75,4.81,-4.1
2026-03-15,SFEF,10.1,-1.94,1.71,,-1.75,1.48,-4.1
2026-03-16,SFEF,10.02,-0.79,-0.99,,-0.7,-0.88,-4.1
2026-03-17,SFEF,10.42,3.99,3.17,,3.5,2.8,-4.1
2026-03-19,SFEF,10.48,0.58,3.76,,0.53,3.33,-4.1
2026-03-22,SFEF,10.31,-1.62,0.1,,-1.49,0.09,-4.1
2026-03-23,SFEF,10.31,0.0,2.08,5.74,0.0,1.84,-4.1
2026-03-24,SFEF,10.5,1.84,4.79,9.49,1.66,4.2,-4.1
2026-03-25,SFEF,10.36,-1.33,-0.58,4.23,-1.22,-0.52,-4.1
2026-03-26,SFEF,10.47,1.06,-0.1,6.84,0.96,-0.09,-4.1
2026-03-29,SFEF,10.6,1.24,2.81,9.17,1.14,2.54,-4.1
2026-03-30,SFEF,10.33,-2.55,0.19,6.94,-2.36,0.18,-4.1
2026-03-31,SFEF,10.23,-0.97,-2.57,6.23,-0.88,-2.36,-4.1
2026-04-01,SFEF,10.11,-1.17,-2.41,5.31,-1.05,-2.19,-4.1
2026-04-02,SFEF,10.2,0.89,-2.58,6.92,0.79,-2.36,-4.1
2026-04-05,SFEF,9.88,-3.14,-6.79,2.81,-2.8,-6.3,-4.1
2026-04-06,SFEF,10.1,2.23,-2.23,3.17,1.92,-2.02,-4.1
2026-04-07,SFEF,10.1,0.0,-1.27,3.59,0.0,-1.14,-4.1
2026-04-08,SFEF,10.05,-0.5,-0.59,1.21,-0.43,-0.52,-4.1
2026-04-09,SFEF,10.11,0.6,-0.88,-0.1,0.52,-0.79,-4.1
2026-04-10,SFEF,10.05,-0.59,1.72,-0.5,-0.52,1.49,-4.1
2026-04-13,SFEF,10.1,0.5,0.0,0.0,0.43,0.0,-4.1
2026-04-15,SFEF,10.13,0.3,0.3,-1.65,0.27,0.27,-4.1
2026-04-16,SFEF,10.14,0.1,0.9,0.4,0.08,0.78,-4.1
2026-04-17,SFEF,10.12,-0.2,0.1,1.0,-0.17,0.09,-4.1
2026-04-20,SFEF,10.12,0.0,0.7,-2.88,0.0,0.61,-4.1
2026-04-21,SFEF,10.15,0.3,0.5,-3.15,0.26,0.44,-4.1
2026-04-22,SFEF,10.06,-0.89,-0.69,-2.42,-0.79,-0.62,-4.1
2026-04-23,SFEF,10.05,-0.1,-0.89,-2.52,-0.08,-0.78,-4.1
2026-04-24,SFEF,10.1,0.5,-0.2,-3.81,0.43,-0.18,-4.1
2026-04-27,SFEF,9.95,-1.49,-1.68,-3.96,-1.31,-1.49,-4.1
2026-04-28,SFEF,10.1,1.51,-0.49,-3.53,1.31,-0.44,-4.1
2026-04-29,SFEF,9.99,-1.09,-0.7,-5.75,-0.96,-0.61,-4.1
2026-04-30,SFEF,9.99,0.0,-0.6,-3.29,0.0,-0.53,-4.1
2026-05-04,SFEF,9.77,-2.2,-3.27,-4.5,-1.92,-2.88,-4.1
2026-05-05,SFEF,10.0,2.35,0.5,-1.09,2.01,0.44,-4.1
2026-05-06,SFEF,9.85,-1.5,-2.48,-3.43,-1.31,-2.18,-4.1
2026-05-07,SFEF,9.99,1.42,0.0,1.11,1.22,0.0,-4.1
2026-05-08,SFEF,10.0,0.1,0.1,-0.99,0.09,0.09,-4.1
2026-05-11,SFEF,10.2,2.0,4.4,0.99,1.75,3.76,-4.1
2026-05-12,SFEF,10.07,-1.27,0.7,0.2,-1.14,0.61,-4.1
2026-05-13,SFEF,9.91,-1.59,0.61,-1.98,-1.4,0.52,-4.1
2026-05-14,SFEF,10.14,2.32,1.5,0.9,2.01,1.31,-4.1
2026-05-15,SFEF,10.16,0.2,1.6,0.59,0.18,1.4,-4.1
2026-05-18,SFEF,10.14,-0.2,-0.59,0.1,-0.18,-0.53,-4.1
2026-05-19,SFEF,10.11,-0.3,0.4,-0.3,-0.26,0.35,-4.1
2026-05-20,SFEF,10.15,0.4,2.42,0.3,0.35,2.1,-4.1
2026-05-21,SFEF,10.27,1.18,1.28,1.48,1.05,1.14,-4.1
2026-05-22,SFEF,10.13,-1.36,-0.3,-0.2,-1.22,-0.26,-4.1
2026-05-25,SFEF,10.3,1.68,1.58,2.39,1.48,1.4,-4.1
2026-05-26,SFEF,10.38,0.78,2.67,3.28,0.7,2.36,-4.1
2026-05-27,SFEF,10.1,-2.7,-0.49,0.0,-2.45,-0.44,-4.1
2026-06-01,SFEF,10.12,0.2,-1.46,1.71,0.18,-1.31,-4.1
2026-06-02,SFEF,10.01,-1.09,-1.18,-0.89,-0.96,-1.05,-4.1
2026-06-03,SFEF,10.05,0.4,-2.43,0.6,0.35,-2.18,-4.1
2026-06-04,SFEF,10.19,1.39,-1.83,2.0,1.22,-1.66,-4.1
2026-06-05,SFEF,10.14,-0.49,0.4,3.79,-0.44,0.35,-4.1
2026-06-08,SFEF,10.03,-1.08,-0.89,0.3,-0.96,-0.79,-4.1
2026-06-09,SFEF,10.05,0.2,0.4,2.03,0.18,0.35,-4.1
2026-06-10,SFEF,10.1,0.5,0.5,1.1,0.43,0.43,-4.1
2026-06-11,SFEF,10.08,-0.2,-1.08,0.8,-0.17,-0.96,-4.1
2026-06-12,SFEF,10.08,0.0,-0.59,-1.18,0.0,-0.52,-4.1
2026-06-15,SFEF,10.11,0.3,0.8,0.4,0.26,0.7,-4.1
2026-06-16,SFEF,10.06,-0.49,0.1,1.51,-0.44,0.08,-4.1
2026-06-17,SFEF,10.08,0.2,-0.2,-0.59,0.18,-0.17,-4.1
2026-06-18,SFEF,10.1,0.2,0.2,-0.59,0.17,0.17,-4.1
2026-06-19,SFEF,10.1,0.0,0.2,-0.39,0.0,0.17,-4.1
2026-06-22,SFEF,10.08,-0.2,-0.3,-0.3,-0.17,-0.26,-4.1
2026-06-23,SFEF,10.0,-0.79,-0.6,-1.48,-0.7,-0.52,-4.1
2026-06-24,SFEF,10.1,1.0,0.2,-1.66,0.87,0.17,-4.1
2026-06-25,SFEF,10.01,-0.89,-0.89,-1.18,-0.78,-0.78,-4.1
2026-06-26,SFEF,10.0,-0.1,-0.99,-2.91,-0.09,-0.87,-4.1
2026-06-29,SFEF,10.0,0.0,-0.79,-3.66,0.0,-0.7,-4.1
2026-06-30,SFEF,9.9,-1.0,-1.0,-1.98,-0.88,-0.88,-4.1
2026-07-01,SFEF,10.19,2.93,0.89,0.69,2.54,0.79,-4.1
2026-07-02,SFEF,10.02,-1.67,0.1,0.1,-1.49,0.08,-4.1
2026-07-03,SFEF,10.02,0.0,0.2,-0.3,0.0,0.17,-4.1
2026-07-06,SFEF,10.0,-0.2,0.0,-1.86,-0.17,0.0,-4.1
2026-07-07,SFEF,9.95,-0.5,0.51,-1.87,-0.44,0.44,-4.1
2026-07-08,SFEF,9.95,0.0,-2.36,-0.8,0.0,-2.1,-4.1
2026-07-10,SFEF,10.0,0.5,-0.2,-0.5,0.44,-0.17,-4.1
2026-07-13,SFEF,10.0,0.0,-0.2,-0.99,0.0,-0.17,-4.1
2026-07-14,SFEF,10.0,0.0,0.0,-0.79,0.0,0.0,-4.1
2026-07-15,SFEF,10.0,0.0,0.5,-0.79,0.0,0.44,-4.1
2026-07-16,SFEF,10.19,1.9,2.41,0.79,1.66,2.1,-4.1
2026-07-17,SFEF,9.95,-2.36,-0.5,-1.09,-2.1,-0.44,-4.1
2026-07-20,SFEF,10.0,0.5,0.0,-0.79,0.44,0.0,-4.1
2026-07-21,SFEF,10.1,1.0,1.0,0.0,0.87,0.87,-4.1
2026-07-22,SFEF,10.0,-0.99,0.0,-0.99,-0.87,0.0,-4.1
2026-07-23,SFEF,10.0,0.0,-1.86,-0.79,0.0,-1.66,-4.1
2026-07-24,SFEF,9.95,-0.5,0.0,-0.5,-0.44,0.0,-4.1
2026-07-27,SFEF,10.16,2.11,1.6,0.59,1.84,1.4,-4.1
2026-07-28,SFEF,10.0,-1.57,-0.99,-0.1,-1.4,-0.87,-4.1
2026-07-29,SFEF,10.02,0.2,0.2,0.2,0.17,0.17,-4.1
2026-07-30,SFEF,10.0,-0.2,0.0,0.0,-0.17,0.0,-4.1
2026-07-31,SFEF,10.0,0.0,0.5,1.01,0.0,0.44,-4.1
2026-08-03,SFEF,10.1,1.0,-0.59,-0.88,0.87,-0.53,-4.1
2026-08-04,SFEF,9.85,-2.48,-1.5,-1.7,-2.18,-1.31,-4.1
2026-08-06,SFEF,9.85,0.0,-1.7,-1.7,0.0,-1.48,-4.1
2026-08-07,SFEF,9.98,1.32,-0.2,-0.2,1.13,-0.18,-4.1
2026-08-10,SFEF,9.91,-0.7,-0.9,-0.4,-0.61,-0.79,-4.1
2026-08-11,SFEF,9.8,-1.11,-2.97,-1.51,-0.96,-2.62,-4.1
2026-08-12,SFEF,9.8,0.0,-0.51,-2.0,0.0,-0.44,-4.1
2026-08-13,SFEF,9.81,0.1,-0.41,-1.9,0.09,-0.35,-4.1
2026-08-14,SFEF,10.1,2.96,1.2,1.0,2.53,1.05,-4.1
2026-08-17,SFEF,9.85,-2.48,-0.61,-1.5,-2.18,-0.52,-4.1
2026-02-09,SFMF,10.38,,,,,,-2.04
2026-02-10,SFMF,10.21,-1.64,,,-1.51,,-2.04
2026-02-11,SFMF,10.21,0.0,,,0.0,,-2.04
2026-02-12,SFMF,10.23,0.2,,,0.18,,-2.04
2026-02-16,SFMF,10.27,0.39,,,0.35,,-2.04
2026-02-17,SFMF,10.26,-0.1,-1.16,,-0.08,-1.06,-2.04
2026-02-22,SFMF,10.26,0.0,0.49,,0.0,0.45,-2.04
2026-02-23,SFMF,10.07,-1.85,-1.37,,-1.68,-1.23,-2.04
2026-02-24,SFMF,10.27,1.99,0.39,,1.76,0.35,-2.04
2026-02-25,SFMF,10.26,-0.1,-0.1,,-0.08,-0.08,-2.04
2026-02-26,SFMF,10.26,0.0,0.0,,0.0,0.0,-2.04
2026-03-01,SFMF,10.06,-1.95,-1.95,,-1.77,-1.77,-2.04
2026-03-03,SFMF,10.06,0.0,-0.1,,0.0,-0.09,-2.04
2026-03-09,SFMF,10.06,0.0,-2.04,,0.0,-1.85,-2.04
2026-03-10,SFMF,10.26,1.99,0.0,,1.77,0.0,-2.04
2026-03-11,SFMF,10.5,2.34,2.34,,2.12,2.12,-2.04
2026-03-12,SFMF,10.5,0.0,4.37,,0.0,3.89,-2.04
2026-03-15,SFMF,10.71,2.0,6.46,,1.86,5.75,-2.04
2026-03-16,SFMF,10.71,0.0,6.46,,0.0,5.75,-2.04
2026-03-17,SFMF,10.4,-2.89,1.36,,-2.74,1.24,-2.04
2026-03-19,SFMF,10.6,1.92,0.95,,1.77,0.89,-2.04
2026-03-22,SFMF,10.79,1.79,2.76,,1.68,2.57,-2.04
2026-03-23,SFMF,10.39,-3.71,-2.99,0.1,-3.54,-2.83,-2.04
2026-03-24,SFMF,10.6,2.02,-1.03,3.82,1.86,-0.97,-2.04
2026-03-25,SFMF,10.4,-1.89,0.0,1.86,-1.77,0.0,-2.04
2026-03-26,SFMF,10.3,-0.96,-2.83,0.68,-0.89,-2.66,-2.04
2026-03-29,SFMF,10.53,2.23,-2.41,2.53,2.04,-2.3,-2.04
2026-03-30,SFMF,10.35,-1.71,-0.38,0.88,-1.6,-0.36,-2.04
2026-03-31,SFMF,10.2,-1.45,-3.77,-0.58,-1.32,-3.54,-2.04
2026-04-01,SFMF,10.5,2.94,0.96,4.27,2.65,0.88,-2.04
2026-04-02,SFMF,10.5,0.0,1.94,2.24,0.0,1.77,-2.04
2026-04-05,SFMF,10.49,-0.1,-0.38,2.24,-0.09,-0.36,-2.04
2026-04-06,SFMF,10.49,0.0,1.35,2.24,0.0,1.24,-2.04
2026-04-07,SFMF,10.49,0.0,2.84,4.27,0.0,2.56,-2.04
2026-04-08,SFMF,10.71,2.1,2.0,6.46,1.95,1.86,-2.04
2026-04-09,SFMF,10.71,0.0,2.0,6.46,0.0,1.86,-2.04
2026-04-10,SFMF,10.71,0.0,2.1,4.39,0.0,1.95,-2.04
2026-04-13,SFMF,10.72,0.09,2.19,2.1,0.09,2.04,-2.04
2026-04-15,SFMF,10.52,-1.87,0.29,0.19,-1.77,0.27,-2.04
2026-04-16,SFMF,10.45,-0.67,-2.43,-2.43,-0.62,-2.3,-2.04
2026-04-17,SFMF,10.35,-0.96,-3.36,-3.36,-0.89,-3.19,-2.04
2026-04-20,SFMF,10.66,3.0,-0.47,2.5,2.75,-0.44,-2.04
2026-04-21,SFMF,10.5,-1.5,-2.05,-0.94,-1.42,-1.95,-2.04
2026-04-22,SFMF,10.5,0.0,-0.19,-2.69,0.0,-0.18,-2.04
2026-04-23,SFMF,10.25,-2.38,-1.91,-1.35,-2.21,-1.77,-2.04
2026-04-24,SFMF,10.5,2.44,1.45,-0.94,2.21,1.33,-2.04
2026-04-27,SFMF,10.7,1.9,0.38,2.88,1.77,0.35,-2.04
2026-04-28,SFMF,10.7,0.0,1.9,3.88,0.0,1.77,-2.04
2026-04-29,SFMF,10.69,-0.09,1.81,1.52,-0.09,1.68,-2.04
2026-04-30,SFMF,10.38,-2.9,1.27,0.29,-2.74,1.15,-2.04
2026-05-04,SFMF,10.51,1.25,0.1,3.04,1.15,0.09,-2.04
2026-05-05,SFMF,10.4,-1.05,-2.8,-0.95,-0.97,-2.65,-2.04
2026-05-06,SFMF,10.4,0.0,-2.8,-0.95,0.0,-2.65,-2.04
2026-05-07,SFMF,10.31,-0.87,-3.55,-1.72,-0.8,-3.36,-2.04
2026-05-08,SFMF,10.4,0.87,0.19,-0.86,0.8,0.18,-2.04
2026-05-11,SFMF,10.4,0.0,-1.05,-0.86,0.0,-0.97,-2.04
2026-05-12,SFMF,10.55,1.44,1.44,-1.49,1.32,1.32,-2.04
2026-05-13,SFMF,10.5,-0.47,0.96,-1.96,-0.44,0.88,-2.04
2026-05-14,SFMF,10.36,-1.33,0.48,-3.27,-1.24,0.44,-2.04
2026-05-15,SFMF,10.36,0.0,-0.38,-3.36,0.0,-0.36,-2.04
2026-05-18,SFMF,10.35,-0.1,-0.48,-1.62,-0.09,-0.45,-2.04
2026-05-19,SFMF,10.4,0.48,-1.42,-0.48,0.45,-1.32,-2.04
2026-05-20,SFMF,10.2,-1.92,-2.86,-1.45,-1.77,-2.65,-2.04
2026-05-21,SFMF,10.1,-0.98,-2.51,-5.25,-0.89,-2.3,-2.04
2026-05-22,SFMF,10.01,-0.89,-3.38,-4.67,-0.8,-3.1,-2.04
2026-05-25,SFMF,10.01,0.0,-3.29,-4.67,0.0,-3.01,-2.04
2026-05-26,SFMF,10.2,1.9,-1.92,-0.49,1.69,-1.77,-2.04
2026-05-27,SFMF,10.2,0.0,0.0,-2.86,0.0,0.0,-2.04
2026-06-01,SFMF,10.2,0.0,0.99,-4.67,0.0,0.89,-2.04
2026-06-02,SFMF,10.2,0.0,1.9,-4.67,0.0,1.69,-2.04
2026-06-03,SFMF,10.21,0.1,2.0,-4.49,0.08,1.77,-2.04
2026-06-04,SFMF,10.21,0.0,0.1,-1.64,0.0,0.08,-2.04
2026-06-05,SFMF,10.21,0.0,0.1,-2.85,0.0,0.08,-2.04
2026-06-08,SFMF,10.21,0.0,0.1,-1.83,0.0,0.08,-2.04
2026-06-09,SFMF,10.51,2.94,3.04,1.06,2.66,2.74,-2.04
2026-06-10,SFMF,10.24,-2.57,0.29,-0.68,-2.39,0.27,-2.04
2026-06-11,SFMF,10.5,2.54,2.84,0.96,2.3,2.57,-2.04
2026-06-12,SFMF,10.81,2.95,5.88,3.94,2.74,5.31,-2.04
2026-06-15,SFMF,10.81,0.0,5.88,2.46,0.0,5.31,-2.04
2026-06-16,SFMF,10.9,0.83,3.71,3.81,0.8,3.45,-2.04
2026-06-17,SFMF,10.7,-1.83,4.49,3.28,-1.77,4.07,-2.04
2026-06-18,SFMF,10.7,0.0,1.9,3.28,0.0,1.77,-2.04
2026-06-19,SFMF,11.01,2.9,1.85,6.38,2.74,1.77,-2.04
2026-06-22,SFMF,10.7,-2.82,-1.02,2.88,-2.74,-0.97,-2.04
2026-06-23,SFMF,11.0,2.8,0.92,7.84,2.66,0.89,-2.04
2026-06-24,SFMF,11.0,0.0,2.8,8.91,0.0,2.66,-2.04
2026-06-25,SFMF,11.0,0.0,2.8,9.89,0.0,2.66,-2.04
2026-06-26,SFMF,10.67,-3.0,-3.09,6.59,-2.93,-3.01,-2.04
2026-06-29,SFMF,10.5,-1.59,-1.87,2.94,-1.5,-1.77,-2.04
2026-06-30,SFMF,10.8,2.86,-1.82,5.88,2.66,-1.77,-2.04
2026-07-01,SFMF,10.8,0.0,-1.82,5.88,0.0,-1.77,-2.04
2026-07-02,SFMF,10.8,0.0,-1.82,5.88,0.0,-1.77,-2.04
2026-07-03,SFMF,10.79,-0.09,1.12,5.68,-0.09,1.07,-2.04
2026-07-06,SFMF,10.79,0.0,2.76,5.68,0.0,2.57,-2.04
2026-07-07,SFMF,10.79,0.0,-0.09,5.68,0.0,-0.09,-2.04
2026-07-08,SFMF,10.47,-2.97,-3.06,2.55,-2.84,-2.93,-2.04
2026-07-10,SFMF,10.2,-2.58,-5.56,-2.95,-2.38,-5.31,-2.04
2026-07-13,SFMF,10.2,0.0,-5.47,-0.39,0.0,-5.22,-2.04
2026-07-14,SFMF,10.3,0.98,-4.54,-1.9,0.88,-4.34,-2.04
2026-07-15,SFMF,10.18,-1.17,-5.65,-5.83,-1.06,-5.4,-2.04
2026-07-16,SFMF,10.0,-1.77,-4.49,-7.49,-1.59,-4.15,-2.04
2026-07-17,SFMF,10.2,2.0,0.0,-6.42,1.77,0.0,-2.04
2026-07-20,SFMF,10.5,2.94,2.94,-1.87,2.65,2.65,-2.04
2026-07-21,SFMF,10.3,-1.9,0.0,-3.74,-1.77,0.0,-2.04
2026-07-22,SFMF,10.3,0.0,1.18,-6.45,0.0,1.06,-2.04
2026-07-23,SFMF,10.5,1.94,5.0,-1.87,1.77,4.42,-2.04
2026-07-24,SFMF,10.03,-4.48,-1.67,-8.82,-4.16,-1.51,-2.04
2026-07-27,SFMF,10.05,0.2,-4.29,-8.64,0.18,-3.98,-2.04
2026-07-28,SFMF,10.11,0.6,-1.84,-8.09,0.53,-1.68,-2.04
2026-07-29,SFMF,10.11,0.0,-1.84,-5.25,0.0,-1.68,-2.04
2026-07-30,SFMF,10.15,0.4,-3.33,-3.33,0.35,-3.1,-2.04
2026-07-31,SFMF,10.15,0.0,1.2,-6.02,0.0,1.06,-2.04
2026-08-03,SFMF,10.25,0.99,1.99,-5.09,0.89,1.77,-2.04
2026-08-04,SFMF,10.25,0.0,1.38,-5.09,0.0,1.24,-2.04
2026-08-06,SFMF,10.2,-0.49,0.89,-5.47,-0.44,0.8,-2.04
2026-08-07,SFMF,10.2,0.0,0.49,-5.47,0.0,0.45,-2.04
2026-08-10,SFMF,10.01,-1.86,-1.38,-7.23,-1.69,-1.24,-2.04
2026-08-11,SFMF,10.3,2.9,0.49,-1.62,2.57,0.44,-2.04
2026-08-12,SFMF,10.3,0.0,0.49,0.98,0.0,0.44,-2.04
2026-08-13,SFMF,10.2,-0.97,0.0,0.0,-0.88,0.0,-2.04
2026-08-14,SFMF,10.2,0.0,0.0,-0.97,0.0,0.0,-2.04
2026-08-17,SFMF,10.0,-1.96,-0.1,-1.77,-1.77,-0.08,-2.04
2026-02-09,SIGS2,9.81,,,,,,-3.3
2026-02-10,SIGS2,9.62,-1.94,,,-1.83,,-3.3
2026-02-11,SIGS2,9.8,1.87,,,1.73,,-3.3
2026-02-12,SIGS2,9.7,-1.02,,,-0.96,,-3.3
2026-02-16,SIGS2,9.88,1.86,,,1.46,,-3.3
2026-02-17,SIGS2,9.69,-1.92,-1.22,,-1.82,-1.42,-3.3
2026-02-22,SIGS2,9.88,1.96,2.7,,1.82,2.23,-3.3
2026-02-23,SIGS2,9.69,-1.92,-1.12,,-1.82,-1.32,-3.3
2026-02-24,SIGS2,9.69,0.0,-0.1,,0.0,-0.36,-3.3
2026-02-25,SIGS2,9.88,1.96,0.0,,1.82,0.0,-3.3
2026-02-26,SIGS2,9.69,-1.92,0.0,,-1.82,0.0,-3.3
2026-03-01,SIGS2,9.58,-1.14,-3.04,,-1.06,-2.88,-3.3
2026-03-03,SIGS2,9.5,-0.84,-1.96,,-0.76,-1.82,-3.3
2026-03-09,SIGS2,9.5,0.0,-1.96,,0.0,-1.82,-3.3
2026-03-10,SIGS2,9.7,2.11,-1.82,,1.91,-1.73,-3.3
2026-03-11,SIGS2,10.18,4.95,5.06,,4.6,4.69,-3.3
2026-03-12,SIGS2,10.38,1.96,8.35,,1.92,7.67,-3.3
2026-03-15,SIGS2,10.0,-3.66,5.26,,-8.36,0.07,-3.3
2026-03-16,SIGS2,9.98,-0.2,5.05,,-0.18,-0.11,-3.3
2026-03-17,SIGS2,9.8,-1.8,1.03,,-1.64,-3.66,-3.3
2026-03-19,SIGS2,10.01,2.14,-1.67,,1.92,-6.34,-3.3
2026-03-22,SIGS2,10.58,5.69,1.93,,5.19,-3.07,-3.3
2026-03-23,SIGS2,10.61,0.28,6.1,8.15,0.27,5.56,-3.3
2026-03-24,SIGS2,10.3,-2.92,3.21,7.07,-2.82,2.92,-3.3
2026-03-25,SIGS2,10.1,-1.94,3.06,3.06,-1.82,2.74,-3.3
2026-03-26,SIGS2,10.18,0.79,1.7,4.95,0.72,1.54,-3.3
2026-03-29,SIGS2,10.02,-1.57,-5.29,1.42,-1.45,-5.1,-3.3
2026-03-30,SIGS2,10.1,0.8,-4.81,4.23,0.73,-4.64,-3.3
2026-03-31,SIGS2,9.96,-1.39,-3.3,0.81,-1.28,-3.1,-3.3
2026-04-01,SIGS2,9.98,0.2,-1.19,2.99,0.18,-1.1,-3.3
2026-04-02,SIGS2,10.17,1.9,-0.1,4.95,1.73,-0.09,-3.3
2026-04-05,SIGS2,10.2,0.29,1.8,3.24,0.28,1.64,-3.3
2026-04-06,SIGS2,10.4,1.96,2.97,7.33,1.82,2.73,-3.3
2026-04-07,SIGS2,10.21,-1.83,2.51,6.58,-1.73,2.28,-3.3
2026-04-08,SIGS2,10.12,-0.88,1.4,6.53,-0.82,1.28,-3.3
2026-04-09,SIGS2,10.03,-0.89,-1.38,5.58,-0.82,-1.27,-3.3
2026-04-10,SIGS2,10.06,0.3,-1.37,3.71,0.27,-1.28,-3.3
2026-04-13,SIGS2,10.07,0.1,-3.17,-1.08,0.09,-3.01,-3.3
2026-04-15,SIGS2,10.28,2.09,0.69,-0.96,-2.55,-3.83,-3.3
2026-04-16,SIGS2,10.45,1.65,3.26,4.5,1.47,-1.54,-3.3
2026-04-17,SIGS2,10.31,-1.34,2.79,3.31,-1.21,-1.93,-3.3
2026-04-20,SIGS2,10.15,-1.55,0.89,3.57,-1.39,-3.59,-3.3
2026-04-21,SIGS2,10.23,0.79,1.59,2.2,0.7,-2.98,-3.3
2026-04-22,SIGS2,10.15,-0.78,-1.26,-4.06,-0.7,-1.13,-3.3
2026-04-23,SIGS2,10.3,1.48,-1.44,-2.92,1.3,-1.3,-3.3
2026-04-24,SIGS2,10.08,-2.14,-2.23,-2.14,-1.91,-2.0,-3.3
2026-04-27,SIGS2,10.3,2.18,1.48,1.98,1.91,1.3,-3.3
2026-04-28,SIGS2,10.5,1.94,2.64,3.14,1.74,2.34,-3.3
2026-04-29,SIGS2,10.2,-2.86,0.49,1.8,-2.61,0.43,-3.3
2026-04-30,SIGS2,9.99,-2.06,-3.01,-1.09,-1.82,-2.69,-3.3
2026-05-04,SIGS2,10.16,1.7,0.79,2.01,1.48,0.7,-3.3
2026-05-05,SIGS2,10.2,0.39,-0.97,2.2,0.34,-0.87,-3.3
2026-05-06,SIGS2,10.35,1.47,-1.43,1.77,1.31,-1.3,-3.3
2026-05-07,SIGS2,10.34,-0.1,1.37,1.37,-0.09,1.22,-3.3
2026-05-08,SIGS2,10.61,2.61,6.21,2.02,2.34,5.38,-3.3
2026-05-11,SIGS2,10.35,-2.45,1.87,1.37,-2.25,1.65,-3.3
2026-05-12,SIGS2,10.39,0.39,1.86,2.67,0.34,1.65,-3.3
2026-05-13,SIGS2,10.39,0.0,0.39,3.59,0.0,0.34,-3.3
2026-05-14,SIGS2,10.39,0.0,0.48,3.28,0.0,0.43,-3.3
2026-05-15,SIGS2,10.38,-0.1,-2.17,3.08,2.32,0.41,-3.3
2026-05-18,SIGS2,10.45,0.67,0.97,1.65,0.62,3.28,-3.3
2026-05-19,SIGS2,10.35,-0.96,-0.38,-0.96,-0.89,2.05,-3.3
2026-05-20,SIGS2,10.51,1.55,1.15,1.94,1.43,3.48,-3.3
2026-05-21,SIGS2,10.51,0.0,1.15,3.55,0.0,3.48,-3.3
2026-05-22,SIGS2,10.82,2.95,4.24,5.77,2.76,3.92,-3.3
2026-05-25,SIGS2,10.5,-2.96,0.48,3.45,-2.85,0.45,-3.3
2026-05-26,SIGS2,10.82,3.05,4.54,5.05,2.85,4.19,-3.3
2026-05-27,SIGS2,10.71,-1.02,1.9,6.25,-0.98,1.78,-3.3
2026-06-01,SIGS2,10.5,-1.96,-0.1,1.94,-1.87,-0.09,-3.3
2026-06-02,SIGS2,10.81,2.95,-0.09,2.95,2.76,-0.09,-3.3
2026-06-03,SIGS2,10.81,0.0,2.95,5.98,0.0,2.76,-3.3
2026-06-04,SIGS2,10.55,-2.41,-2.5,5.61,-2.32,-2.41,-3.3
2026-06-05,SIGS2,10.8,2.37,0.84,6.3,2.23,0.8,-3.3
2026-06-08,SIGS2,10.8,0.0,2.86,5.88,0.0,2.67,-3.3
2026-06-09,SIGS2,10.78,-0.19,-0.28,4.15,-0.18,-0.27,-3.3
2026-06-10,SIGS2,10.81,0.28,0.0,4.55,0.27,0.0,-3.3
2026-06-11,SIGS2,11.0,1.76,4.27,3.68,1.69,4.01,-3.3
2026-06-12,SIGS2,11.4,3.64,5.56,10.14,3.56,5.34,-3.3
2026-06-15,SIGS2,11.4,0.0,5.56,9.72,0.09,5.43,-3.3
2026-06-16,SIGS2,11.4,0.0,5.75,9.72,0.0,5.61,-3.3
2026-06-17,SIGS2,11.06,-2.98,2.31,6.45,-3.03,2.31,-3.3
2026-06-18,SIGS2,11.06,0.0,0.55,6.55,0.0,0.62,-3.3
2026-06-19,SIGS2,10.8,-2.35,-5.26,3.35,-2.31,-5.25,-3.3
2026-06-22,SIGS2,10.5,-2.78,-7.89,1.45,-2.68,-8.02,-3.3
2026-06-23,SIGS2,10.4,-0.95,-8.77,-1.05,-0.89,-8.91,-3.3
2026-06-24,SIGS2,10.22,-1.73,-7.59,-2.76,-1.6,-7.48,-3.3
2026-06-25,SIGS2,10.3,0.78,-6.87,-4.81,0.71,-6.77,-3.3
2026-06-26,SIGS2,10.25,-0.49,-5.09,-2.38,-0.45,-4.91,-3.3
2026-06-29,SIGS2,10.5,2.44,0.0,-2.96,2.23,0.0,-3.3
2026-06-30,SIGS2,10.5,0.0,0.96,-1.96,0.0,0.89,-3.3
2026-07-01,SIGS2,10.5,0.0,2.74,0.0,0.0,2.49,-3.3
2026-07-02,SIGS2,10.8,2.86,4.85,-0.09,2.68,4.46,-3.3
2026-07-03,SIGS2,10.95,1.39,6.83,1.3,1.33,6.24,-3.3
2026-07-06,SIGS2,10.5,-4.11,0.0,-0.47,-4.01,0.0,-3.3
2026-07-07,SIGS2,10.6,0.95,0.95,-1.85,0.89,0.89,-3.3
2026-07-08,SIGS2,10.31,-2.74,-1.81,-4.54,-2.58,-1.69,-3.3
2026-07-10,SIGS2,10.2,-1.07,-5.56,-5.38,-0.98,-5.35,-3.3
2026-07-13,SIGS2,10.2,0.0,-6.85,-5.64,0.0,-6.68,-3.3
2026-07-14,SIGS2,10.2,0.0,-2.86,-7.27,0.0,-2.67,-3.3
2026-07-15,SIGS2,10.1,-0.98,-4.72,-11.4,-0.89,-4.45,-3.3
2026-07-16,SIGS2,11.0,8.91,6.69,-3.51,8.02,6.15,-3.3
2026-07-17,SIGS2,10.67,-3.0,4.61,-6.4,-2.94,4.19,-3.3
2026-07-20,SIGS2,10.5,-1.59,2.94,-5.06,-1.52,2.67,-3.3
2026-07-21,SIGS2,10.35,-1.43,1.47,-6.42,-1.33,1.34,-3.3
2026-07-22,SIGS2,10.04,-3.0,-0.59,-7.04,-2.77,-0.54,-3.3
2026-07-23,SIGS2,10.04,0.0,-8.73,-4.38,0.0,-8.56,-3.3
2026-07-24,SIGS2,10.2,1.59,-4.4,-1.92,1.43,-4.19,-3.3
2026-07-27,SIGS2,10.5,2.94,0.0,2.74,2.67,0.0,-3.3
2026-07-28,SIGS2,10.5,0.0,1.45,1.94,0.0,1.33,-3.3
2026-07-29,SIGS2,10.5,0.0,4.58,2.44,3.19,7.29,-3.3
2026-07-30,SIGS2,10.5,0.0,4.58,0.0,0.0,7.29,-3.3
2026-07-31,SIGS2,10.5,0.0,2.94,0.0,0.0,5.86,-3.3
2026-08-03,SIGS2,10.81,2.95,2.95,2.95,2.86,6.05,-3.3
2026-08-04,SIGS2,10.81,0.0,2.95,0.09,0.0,6.05,-3.3
2026-08-06,SIGS2,10.8,-0.09,2.86,-1.37,-0.09,2.77,-3.3
2026-08-07,SIGS2,10.8,0.0,2.86,2.86,0.0,2.77,-3.3
2026-08-10,SIGS2,10.8,0.0,2.86,1.89,0.0,2.77,-3.3
2026-08-11,SIGS2,10.7,-0.93,-1.02,3.78,-0.92,-1.01,-3.3
2026-08-12,SIGS2,10.7,0.0,-1.02,4.9,0.0,-1.01,-3.3
2026-08-13,SIGS2,10.7,0.0,-0.93,4.9,0.0,-0.92,-3.3
2026-08-14,SIGS2,10.7,0.0,-0.93,4.9,0.0,-0.92,-3.3
2026-08-17,SIGS2,11.02,2.99,2.04,9.11,2.95,2.03,-3.3
2026-02-09,SIGS3,10.19,,,,,,-3.87
2026-02-10,SIGS3,10.3,1.08,,,1.03,,-3.87
2026-02-11,SIGS3,9.81,-4.76,,,-4.55,,-3.87
2026-02-12,SIGS3,10.35,5.5,,,5.01,,-3.87
2026-02-16,SIGS3,10.3,-0.48,,,-0.64,,-3.87
2026-02-17,SIGS3,10.21,-0.87,0.2,,-0.84,0.01,-3.87
2026-02-22,SIGS3,10.21,0.0,-0.87,,0.0,-1.02,-3.87
2026-02-23,SIGS3,10.11,-0.98,3.06,,-0.92,2.61,-3.87
2026-02-24,SIGS3,10.17,0.59,-1.74,,0.55,-1.85,-3.87
2026-02-25,SIGS3,9.97,-1.97,-3.2,,-1.85,-3.06,-3.87
2026-02-26,SIGS3,10.3,3.31,0.88,,3.06,0.84,-3.87
2026-03-01,SIGS3,10.3,0.0,0.88,,0.0,0.84,-3.87
2026-03-03,SIGS3,10.12,-1.75,0.1,,-1.67,0.09,-3.87
2026-03-09,SIGS3,10.12,0.0,-0.49,,0.0,-0.46,-3.87
2026-03-10,SIGS3,10.2,0.79,2.31,,0.74,2.13,-3.87
2026-03-11,SIGS3,10.4,1.96,0.97,,1.86,0.93,-3.87
2026-03-12,SIGS3,10.33,-0.67,0.29,,-0.65,0.28,-3.87
2026-03-15,SIGS3,10.32,-0.1,1.98,,-4.81,-2.86,-3.87
2026-03-16,SIGS3,10.31,-0.1,1.88,,-0.09,-2.95,-3.87
2026-03-17,SIGS3,10.32,0.1,1.18,,0.09,-3.6,-3.87
2026-03-19,SIGS3,10.29,-0.29,-1.06,,-0.27,-5.73,-3.87
2026-03-22,SIGS3,10.3,0.1,-0.29,,0.09,-4.99,-3.87
2026-03-23,SIGS3,10.68,3.69,3.49,4.81,3.35,3.17,-3.87
2026-03-24,SIGS3,10.6,-0.75,2.81,2.91,-0.71,2.55,-3.87
2026-03-25,SIGS3,10.7,0.94,3.68,9.07,0.88,3.34,-3.87
2026-03-26,SIGS3,10.55,-1.4,2.53,1.93,-1.32,2.29,-3.87
2026-03-29,SIGS3,10.6,0.47,2.91,2.91,0.44,2.64,-3.87
2026-03-30,SIGS3,10.55,-0.47,-1.22,3.33,-0.44,-1.15,-3.87
2026-03-31,SIGS3,10.5,-0.47,-0.94,2.84,-0.44,-0.88,-3.87
2026-04-01,SIGS3,10.41,-0.86,-2.71,2.97,-0.79,-2.55,-3.87
2026-04-02,SIGS3,10.35,-0.58,-1.9,1.77,-0.53,-1.76,-3.87
2026-04-05,SIGS3,10.19,-1.55,-3.87,2.21,-1.41,-3.61,-3.87
2026-04-06,SIGS3,10.2,0.1,-3.32,-0.97,0.09,-3.08,-3.87
2026-04-07,SIGS3,10.25,0.49,-2.38,-0.49,0.44,-2.2,-3.87
2026-04-08,SIGS3,10.33,0.78,-0.77,2.08,0.7,-0.71,-3.87
2026-04-09,SIGS3,10.49,1.55,1.35,3.66,1.41,1.23,-3.87
2026-04-10,SIGS3,10.38,-1.05,1.86,1.76,-0.97,1.67,-3.87
2026-04-13,SIGS3,10.5,1.16,2.94,0.96,1.06,2.64,-3.87
2026-04-15,SIGS3,10.69,1.81,4.29,3.48,-5.46,-3.26,-3.87
2026-04-16,SIGS3,10.89,1.87,5.42,5.52,1.63,-2.33,-3.87
2026-04-17,SIGS3,10.75,-1.29,2.48,4.27,-1.14,-4.88,-3.87
2026-04-20,SIGS3,10.97,2.05,5.68,6.3,1.79,-2.12,-3.87
2026-04-21,SIGS3,10.9,-0.64,3.81,5.93,-0.57,-3.75,-3.87
2026-04-22,SIGS3,10.8,-0.92,1.03,4.85,-0.81,0.9,-3.87
2026-04-23,SIGS3,10.77,-0.28,-1.1,0.84,-0.25,-0.98,-3.87
2026-04-24,SIGS3,10.8,0.28,0.47,1.89,0.25,0.41,-3.87
2026-04-27,SIGS3,10.78,-0.19,-1.73,0.75,-0.16,-1.54,-3.87
2026-04-28,SIGS3,10.77,-0.09,-1.19,2.09,-0.09,-1.06,-3.87
2026-04-29,SIGS3,10.5,-2.51,-2.78,-0.94,-2.2,-2.45,-3.87
2026-04-30,SIGS3,10.71,2.0,-0.56,1.52,1.71,-0.49,-3.87
2026-05-04,SIGS3,10.54,-1.59,-2.41,0.38,-1.38,-2.12,-3.87
2026-05-05,SIGS3,10.42,-1.14,-3.34,0.1,-0.98,-2.94,-3.87
2026-05-06,SIGS3,10.9,4.61,1.21,5.31,3.91,1.06,-3.87
2026-05-07,SIGS3,10.62,-2.57,1.14,4.22,-2.28,0.98,-3.87
2026-05-08,SIGS3,10.42,-1.88,-2.71,2.16,-1.63,-2.36,-3.87
2026-05-11,SIGS3,10.53,1.06,-0.09,2.73,0.9,-0.08,-3.87
2026-05-12,SIGS3,10.65,1.14,2.21,3.1,0.98,1.88,-3.87
2026-05-13,SIGS3,10.62,-0.28,-2.57,1.24,-0.25,-2.28,-3.87
2026-05-14,SIGS3,10.63,0.09,0.09,2.41,0.08,0.08,-3.87
2026-05-15,SIGS3,10.6,-0.28,1.73,0.95,2.59,4.3,-3.87
2026-05-18,SIGS3,10.79,1.79,2.47,0.94,1.6,5.0,-3.87
2026-05-19,SIGS3,10.65,-1.3,0.0,-2.2,-1.18,2.84,-3.87
2026-05-20,SIGS3,10.85,1.88,2.17,0.93,1.68,4.77,-3.87
2026-05-21,SIGS3,10.76,-0.83,1.22,-1.91,-0.75,3.94,-3.87
2026-05-22,SIGS3,10.86,0.93,2.45,-0.37,0.84,2.19,-3.87
2026-05-25,SIGS3,10.8,-0.55,0.09,0.0,-0.51,0.08,-3.87
2026-05-26,SIGS3,11.11,2.87,4.32,3.16,2.61,3.87,-3.87
2026-05-27,SIGS3,11.2,0.81,3.23,3.7,0.76,2.95,-3.87
2026-06-01,SIGS3,11.2,0.0,4.09,3.9,0.0,3.7,-3.87
2026-06-02,SIGS3,11.25,0.45,3.59,4.46,0.42,3.28,-3.87
2026-06-03,SIGS3,11.28,0.27,4.44,7.43,0.25,4.04,-3.87
2026-06-04,SIGS3,11.01,-2.39,-0.9,2.8,-2.27,-0.84,-3.87
2026-06-05,SIGS3,11.25,2.18,0.45,6.74,2.02,0.42,-3.87
2026-06-08,SIGS3,11.0,-2.22,-1.79,5.57,-2.11,-1.69,-3.87
2026-06-09,SIGS3,11.0,0.0,-2.22,0.92,0.0,-2.11,-3.87
2026-06-10,SIGS3,10.98,-0.18,-2.66,3.39,-0.16,-2.52,-3.87
2026-06-11,SIGS3,10.8,-1.64,-1.91,3.65,-1.52,-1.77,-3.87
2026-06-12,SIGS3,11.25,4.17,0.0,6.84,3.79,0.0,-3.87
2026-06-15,SIGS3,11.57,2.84,5.18,8.64,2.61,4.72,-3.87
2026-06-16,SIGS3,11.36,-1.82,3.27,6.97,-1.77,2.95,-3.87
2026-06-17,SIGS3,11.15,-1.85,1.55,4.89,-1.76,1.35,-3.87
2026-06-18,SIGS3,11.01,-1.26,1.94,3.87,-1.18,1.69,-3.87
2026-06-19,SIGS3,10.51,-4.54,-6.58,-2.59,-4.2,-6.3,-3.87
2026-06-22,SIGS3,10.53,0.19,-8.99,-1.13,0.17,-8.74,-3.87
2026-06-23,SIGS3,11.1,5.41,-2.29,2.3,4.79,-2.18,-3.87
2026-06-24,SIGS3,11.1,0.0,-0.45,3.16,0.0,-0.42,-3.87
2026-06-25,SIGS3,10.67,-3.87,-3.09,-1.75,-3.62,-2.86,-3.87
2026-06-26,SIGS3,10.84,1.59,3.14,0.37,1.43,2.77,-3.87
2026-06-29,SIGS3,10.6,-2.21,0.66,-4.59,-2.01,0.59,-3.87
2026-06-30,SIGS3,10.65,0.47,-4.05,-4.91,0.42,-3.78,-3.87
2026-07-01,SIGS3,10.55,-0.94,-4.95,-5.8,-0.84,-4.62,-3.87
2026-07-02,SIGS3,10.6,0.47,-0.66,-5.78,0.42,-0.58,-3.87
2026-07-03,SIGS3,10.6,0.0,-2.21,-6.03,0.0,-2.01,-3.87
2026-07-06,SIGS3,10.6,0.0,0.0,-3.72,0.0,0.0,-3.87
2026-07-07,SIGS3,10.6,0.0,-0.47,-5.78,0.0,-0.42,-3.87
2026-07-08,SIGS3,10.47,-1.23,-0.76,-4.82,-1.1,-0.68,-3.87
2026-07-10,SIGS3,10.6,1.24,0.0,-3.64,1.1,0.0,-3.87
2026-07-13,SIGS3,10.5,-0.94,-0.94,-4.37,-0.84,-0.84,-3.87
2026-07-14,SIGS3,10.49,-0.1,-1.04,-2.87,-0.09,-0.93,-3.87
2026-07-15,SIGS3,10.5,0.1,-0.94,-6.67,0.09,-0.84,-3.87
2026-07-16,SIGS3,10.5,0.0,0.29,-9.25,0.0,0.26,-3.87
2026-07-17,SIGS3,10.7,1.9,0.94,-5.81,1.68,0.84,-3.87
2026-07-20,SIGS3,10.37,-3.08,-1.24,-7.0,-2.78,-1.1,-3.87
2026-07-21,SIGS3,10.5,1.25,0.1,-4.63,1.1,0.09,-3.87
2026-07-22,SIGS3,10.5,0.0,0.0,-0.1,0.0,0.0,-3.87
2026-07-23,SIGS3,10.6,0.95,0.95,0.66,0.84,0.84,-3.87
2026-07-24,SIGS3,10.5,-0.94,-1.87,-5.41,-0.84,-1.68,-3.87
2026-07-27,SIGS3,10.5,0.0,1.25,-5.41,0.0,1.1,-3.87
2026-07-28,SIGS3,10.6,0.95,0.95,-0.66,0.84,0.84,-3.87
2026-07-29,SIGS3,10.77,1.6,2.57,-0.65,1.42,2.26,-3.87
2026-07-30,SIGS3,10.7,-0.65,0.94,0.94,-0.58,0.84,-3.87
2026-07-31,SIGS3,10.42,-2.62,-0.76,-2.16,1.16,2.84,-3.87
2026-08-03,SIGS3,10.55,1.25,0.48,0.0,1.14,3.98,-3.87
2026-08-04,SIGS3,10.58,0.28,-0.19,-0.19,0.26,3.4,-3.87
2026-08-06,SIGS3,10.5,-0.76,-2.51,-0.94,-0.7,1.28,-3.87
2026-08-07,SIGS3,10.55,0.48,-1.4,-0.47,0.44,2.3,-3.87
2026-08-10,SIGS3,10.89,3.22,4.51,2.74,2.97,4.11,-3.87
2026-08-11,SIGS3,10.85,-0.37,2.84,3.63,-0.35,2.62,-3.87
2026-08-12,SIGS3,10.6,-2.3,0.19,0.0,-2.18,0.18,-3.87
2026-08-13,SIGS3,10.65,0.47,1.43,1.43,0.43,1.31,-3.87
2026-08-14,SIGS3,10.57,-0.75,0.19,0.76,-0.69,0.18,-3.87
2026-08-17,SIGS3,10.87,2.84,-0.18,3.52,2.62,-0.17,-3.87
2026-02-09,SLCF,9.66,,,,,,-2.7
2026-02-10,SLCF,9.85,1.97,,,1.88,,-2.7
2026-02-11,SLCF,9.71,-1.42,,,-1.38,,-2.7
2026-02-12,SLCF,9.89,1.85,,,1.78,,-2.7
2026-02-16,SLCF,9.75,-1.42,,,-1.67,,-2.7
2026-02-17,SLCF,9.58,-1.74,-0.83,,-1.68,-1.07,-2.7
2026-02-22,SLCF,9.7,1.25,-1.52,,1.19,-1.76,-2.7
2026-02-23,SLCF,9.52,-1.86,-1.96,,-1.78,-2.16,-2.7
2026-02-24,SLCF,9.51,-0.11,-3.84,,-0.1,-4.04,-2.7
2026-02-25,SLCF,9.46,-0.53,-2.97,,-0.49,-2.86,-2.7
2026-02-26,SLCF,9.66,2.11,0.84,,1.97,0.79,-2.7
2026-03-01,SLCF,9.5,-1.66,-2.06,,-1.57,-1.97,-2.7
2026-03-03,SLCF,9.68,1.89,1.68,,1.77,1.58,-2.7
2026-03-09,SLCF,9.68,0.0,1.79,,0.0,1.68,-2.7
2026-03-10,SLCF,9.6,-0.83,1.48,,-0.79,1.38,-2.7
2026-03-11,SLCF,9.6,0.0,-0.62,,0.0,-0.59,-2.7
2026-03-12,SLCF,9.64,0.42,1.47,,0.4,1.38,-2.7
2026-03-15,SLCF,9.72,0.83,0.41,,-3.28,-3.67,-2.7
2026-03-16,SLCF,9.8,0.82,1.24,,0.75,-2.92,-2.7
2026-03-17,SLCF,9.9,1.02,3.12,,0.95,-1.18,-2.7
2026-03-19,SLCF,9.89,-0.1,3.02,,-0.1,-1.28,-2.7
2026-03-22,SLCF,9.93,0.4,3.01,,0.38,-1.3,-2.7
2026-03-23,SLCF,10.15,2.22,4.42,5.07,2.07,4.05,-2.7
2026-03-24,SLCF,10.01,-1.38,2.14,1.62,-1.32,1.98,-2.7
2026-03-25,SLCF,9.9,-1.1,0.0,1.96,-1.03,0.0,-2.7
2026-03-26,SLCF,9.94,0.4,0.51,0.51,0.37,0.47,-2.7
2026-03-29,SLCF,10.0,0.6,0.7,2.56,0.57,0.66,-2.7
2026-03-30,SLCF,9.95,-0.5,-1.97,3.86,-0.47,-1.88,-2.7
2026-03-31,SLCF,10.0,0.5,-0.1,3.09,0.47,-0.09,-2.7
2026-04-01,SLCF,9.9,-1.0,0.0,3.99,-0.94,0.0,-2.7
2026-04-02,SLCF,9.8,-1.01,-1.41,3.05,-0.95,-1.32,-2.7
2026-04-05,SLCF,9.7,-1.02,-3.0,2.54,-0.94,-2.83,-2.7
2026-04-06,SLCF,9.81,1.13,-1.41,1.55,1.04,-1.32,-2.7
2026-04-07,SLCF,9.9,0.92,-1.0,4.21,0.85,-0.94,-2.7
2026-04-08,SLCF,10.09,1.92,1.92,4.24,1.79,1.79,-2.7
2026-04-09,SLCF,9.91,-1.78,1.12,2.38,-1.7,1.04,-2.7
2026-04-10,SLCF,9.96,0.5,2.68,3.75,0.47,2.45,-2.7
2026-04-13,SLCF,10.05,0.9,2.45,4.69,0.85,2.26,-2.7
2026-04-15,SLCF,10.01,-0.4,1.11,3.84,-0.82,0.59,-2.7
2026-04-16,SLCF,9.99,-0.2,-0.99,2.78,-0.19,-1.39,-2.7
2026-04-17,SLCF,9.95,-0.4,0.4,1.53,-0.37,-0.06,-2.7
2026-04-20,SLCF,9.95,0.0,-0.1,0.51,0.0,-0.53,-2.7
2026-04-21,SLCF,9.83,-1.21,-2.19,-0.61,-1.13,-2.51,-2.7
2026-04-22,SLCF,10.0,1.73,-0.1,0.7,1.6,-0.09,-2.7
2026-04-23,SLCF,9.88,-1.2,-1.1,-2.66,-1.13,-1.03,-2.7
2026-04-24,SLCF,9.77,-1.11,-1.81,-2.4,-1.03,-1.69,-2.7
2026-04-27,SLCF,9.7,-0.72,-2.51,-2.02,-0.66,-2.35,-2.7
2026-04-28,SLCF,9.75,0.52,-0.81,-1.91,0.47,-0.75,-2.7
2026-04-29,SLCF,9.8,0.51,-2.0,-2.0,0.47,-1.88,-2.7
2026-04-30,SLCF,9.7,-1.02,-1.82,-2.51,-0.94,-1.69,-2.7
2026-05-04,SLCF,9.72,0.21,-0.51,-2.8,0.19,-0.47,-2.7
2026-05-05,SLCF,9.75,0.31,0.52,-1.52,0.28,0.47,-2.7
2026-05-06,SLCF,9.88,1.33,1.33,0.82,1.22,1.22,-2.7
2026-05-07,SLCF,9.62,-2.63,-1.84,-0.82,-2.44,-1.69,-2.7
2026-05-08,SLCF,9.9,2.91,2.06,0.92,2.63,1.88,-2.7
2026-05-11,SLCF,9.95,0.51,2.37,0.51,0.47,2.16,-2.7
2026-05-12,SLCF,10.0,0.5,2.56,-0.89,0.47,2.35,-2.7
2026-05-13,SLCF,9.99,-0.1,1.11,0.81,-0.1,1.03,-2.7
2026-05-14,SLCF,9.92,-0.7,3.12,-0.4,-0.65,2.82,-2.7
2026-05-15,SLCF,10.09,1.71,1.92,0.4,4.43,4.62,-2.7
2026-05-18,SLCF,9.95,-1.39,0.0,-0.6,-1.35,2.8,-2.7
2026-05-19,SLCF,9.96,0.1,-0.4,-0.3,0.09,2.42,-2.7
2026-05-20,SLCF,9.95,-0.1,-0.4,0.0,-0.09,2.43,-2.7
2026-05-21,SLCF,10.13,1.81,2.12,1.81,1.74,4.82,-2.7
2026-05-22,SLCF,10.0,-1.28,-0.89,1.73,-1.26,-0.87,-2.7
2026-05-25,SLCF,10.01,0.1,0.6,0.1,0.1,0.58,-2.7
2026-05-26,SLCF,10.05,0.4,0.9,1.72,0.39,0.88,-2.7
2026-05-27,SLCF,10.17,1.19,2.21,4.09,1.16,2.13,-2.7
2026-06-01,SLCF,10.0,-1.67,-1.28,3.09,-1.65,-1.26,-2.7
2026-06-02,SLCF,10.0,0.0,0.0,2.56,0.0,0.0,-2.7
2026-06-03,SLCF,10.0,0.0,-0.1,2.04,0.0,-0.1,-2.7
2026-06-04,SLCF,10.15,1.5,1.0,4.64,1.45,0.96,-2.7
2026-06-05,SLCF,10.0,-1.48,-1.67,2.88,-1.45,-1.65,-2.7
2026-06-08,SLCF,10.02,0.2,0.2,2.77,0.2,0.2,-2.7
2026-06-09,SLCF,10.1,0.8,1.0,2.23,0.77,0.97,-2.7
2026-06-10,SLCF,10.03,-0.69,0.3,4.26,-0.68,0.29,-2.7
2026-06-11,SLCF,10.0,-0.3,-1.48,1.01,-0.29,-1.45,-2.7
2026-06-12,SLCF,10.01,0.1,0.1,0.6,0.1,0.1,-2.7
2026-06-15,SLCF,9.95,-0.6,-0.7,-0.5,-0.77,-0.87,-2.7
2026-06-16,SLCF,9.92,-0.3,-1.78,-0.7,-0.29,-1.93,-2.7
2026-06-17,SLCF,10.07,1.51,0.4,1.51,1.45,0.2,-2.7
2026-06-18,SLCF,10.2,1.29,2.0,1.09,1.26,1.75,-2.7
2026-06-19,SLCF,10.1,-0.98,0.9,1.51,-0.97,0.68,-2.7
2026-06-22,SLCF,9.97,-1.29,0.2,0.1,-1.25,0.2,-2.7
2026-06-23,SLCF,10.01,0.4,0.91,0.6,0.38,0.87,-2.7
2026-06-24,SLCF,10.09,0.8,0.2,-0.39,0.77,0.19,-2.7
2026-06-25,SLCF,9.94,-1.49,-2.55,-0.6,-1.44,-2.51,-2.7
2026-06-26,SLCF,10.1,1.61,0.0,0.9,1.54,0.0,-2.7
2026-06-29,SLCF,10.3,1.98,3.31,2.49,1.93,3.18,-2.7
2026-06-30,SLCF,10.15,-1.46,1.4,-0.2,-1.45,1.35,-2.7
2026-07-01,SLCF,10.05,-0.99,-0.4,0.5,-0.96,-0.38,-2.7
2026-07-02,SLCF,10.03,-0.2,0.91,0.3,-0.2,0.86,-2.7
2026-07-03,SLCF,10.05,0.2,-0.5,0.5,0.2,-0.48,-2.7
2026-07-06,SLCF,10.01,-0.4,-2.82,-1.38,-0.39,-2.8,-2.7
2026-07-07,SLCF,10.1,0.9,-0.49,1.0,0.87,-0.48,-2.7
2026-07-08,SLCF,10.01,-0.89,-0.4,-0.1,-0.87,-0.39,-2.7
2026-07-10,SLCF,10.0,-0.1,-0.3,-0.99,-0.09,-0.28,-2.7
2026-07-13,SLCF,9.9,-1.0,-1.49,-1.3,-0.97,-1.45,-2.7
2026-07-14,SLCF,10.0,1.01,-0.1,0.0,0.97,-0.09,-2.7
2026-07-15,SLCF,10.0,0.0,-0.99,-0.1,0.0,-0.96,-2.7
2026-07-16,SLCF,10.55,5.5,5.39,6.03,5.3,5.21,-2.7
2026-07-17,SLCF,10.24,-2.94,2.4,3.23,-2.99,2.31,-2.7
2026-07-20,SLCF,10.0,-2.34,1.01,-0.7,-2.31,0.97,-2.7
2026-07-21,SLCF,9.95,-0.5,-0.5,-2.45,-0.49,-0.49,-2.7
2026-07-22,SLCF,10.1,1.51,1.0,0.0,1.45,0.96,-2.7
2026-07-23,SLCF,10.24,1.39,-2.94,2.71,1.35,-2.99,-2.7
2026-07-24,SLCF,10.2,-0.39,-0.39,1.9,-0.38,-0.38,-2.7
2026-07-27,SLCF,9.7,-4.9,-3.0,-3.87,-4.83,-2.9,-2.7
2026-07-28,SLCF,9.97,2.78,0.2,0.3,2.61,0.2,-2.7
2026-07-29,SLCF,10.05,0.8,-0.5,-0.5,0.77,-0.48,-2.7
2026-07-30,SLCF,9.99,-0.6,-2.44,-3.01,-0.58,-2.41,-2.7
2026-07-31,SLCF,9.89,-1.0,-3.04,-2.56,-0.97,-3.0,-2.7
2026-08-03,SLCF,9.61,-2.83,-0.93,-4.38,-0.12,1.71,-2.7
2026-08-04,SLCF,9.6,-0.1,-3.71,-4.29,-0.1,-1.0,-2.7
2026-08-06,SLCF,9.49,-1.15,-5.57,-5.57,-1.09,-2.86,-2.7
2026-08-07,SLCF,9.52,0.32,-4.7,-4.9,0.29,-1.99,-2.7
2026-08-10,SLCF,9.5,-0.21,-3.94,-5.94,-0.19,-1.21,-2.7
2026-08-11,SLCF,9.33,-1.79,-2.91,-6.79,-1.69,-2.78,-2.7
2026-08-12,SLCF,9.72,4.18,1.25,-2.8,3.87,1.19,-2.7
2026-08-13,SLCF,10.0,2.88,5.37,1.01,2.78,5.06,-2.7
2026-08-14,SLCF,9.7,-3.0,1.89,-3.0,-2.98,1.79,-2.7
2026-08-17,SLCF,10.4,7.22,9.47,4.0,6.94,8.92,-2.7
