date,symbol,ltp,open,high,low,volume,trades,source
2026-02-09,C30MF,9.65,9.71,9.71,9.65,600,4,nepse_playwright
2026-02-09,CMF2,10.1,10.25,10.25,10.1,2290,5,nepse_playwright
2026-02-09,GBIMESY2,9.08,9.13,9.38,9.03,2450,17,nepse_playwright
2026-02-09,GIBF1,10.6,10.8,10.85,10.6,101600,22,nepse_playwright
2026-02-09,GSY,9.42,9.41,9.45,9.41,4400,22,nepse_playwright
2026-02-09,H8020,11.5,11.25,11.5,11.25,5400,15,nepse_playwright
2026-02-09,HLICF,9.72,9.52,9.72,9.52,3140,11,nepse_playwright
2026-02-09,KDBY,10.02,9.92,10.14,9.92,23914,40,nepse_playwright
2026-02-09,KEF,9.34,9.31,9.5,9.31,3960,14,nepse_playwright
2026-02-09,KSY,9.34,9.3,9.4,9.3,400,3,nepse_playwright
2026-02-09,LUK,9.85,9.85,9.85,9.85,200,2,nepse_playwright
2026-02-09,LVF2,9.5,9.42,9.62,9.42,2705,11,nepse_playwright
2026-02-09,MBLEF,10.09,10.0,10.21,10.0,43400,23,nepse_playwright
2026-02-09,MMF1,8.92,8.78,9.25,8.78,7100,27,nepse_playwright
2026-02-09,MNMF1,9.36,9.7,9.73,9.32,3300,19,nepse_playwright
2026-02-09,NBF2,9.72,9.65,9.72,9.5,105890,16,nepse_playwright
2026-02-09,NBF3,9.4,9.4,9.5,9.32,12200,25,nepse_playwright
2026-02-09,NIBLGF,9.82,9.44,9.82,9.31,4177,11,nepse_playwright
2026-02-09,NIBLSTF,9.22,8.97,9.29,8.97,2500,11,nepse_playwright
2026-02-09,NIBSF2,9.29,9.1,9.29,9.07,2150,9,nepse_playwright
2026-02-09,NICBF,9.32,9.32,9.32,9.32,2100,3,nepse_playwright
2026-02-09,NICFC,9.16,9.1,9.17,9.1,2300,17,nepse_playwright
2026-02-09,NICGF2,9.27,9.22,9.35,9.22,2700,15,nepse_playwright
2026-02-09,NICSF,8.89,8.96,8.96,8.86,1900,7,nepse_playwright
2026-02-09,NMB50,10.31,10.5,10.5,10.31,6800,3,nepse_playwright
2026-02-09,NMBHF2,9.38,9.32,9.5,9.32,3150,21,nepse_playwright
2026-02-09,NSIF2,10.61,10.61,10.63,10.61,20500,16,nepse_playwright
2026-02-09,PRSF,11.25,11.2,11.25,11.2,700,5,nepse_playwright
2026-02-09,PSF,11.07,11.18,11.18,11.07,2000,13,nepse_playwright
2026-02-09,RBBF40,9.5,9.2,9.67,9.2,4100,21,nepse_playwright
2026-02-09,RMF1,9.48,9.73,9.73,9.27,11118,20,nepse_playwright
2026-02-09,RMF2,10.0,9.9,10.0,9.9,900,5,nepse_playwright
2026-02-09,RSY,9.91,9.76,10.02,9.76,357150,16,nepse_playwright
2026-02-09,SAGF,9.71,9.7,9.8,9.7,5500,7,nepse_playwright
2026-02-09,SBCF,9.53,9.36,9.55,9.36,8850,17,nepse_playwright
2026-02-09,SEF,9.79,9.52,9.85,9.51,8000,7,nepse_playwright
2026-02-09,SFEF,9.75,9.83,9.83,9.75,4900,9,nepse_playwright
2026-02-09,SFMF,10.38,10.38,10.38,10.38,1000,1,nepse_playwright
2026-02-09,SIGS2,9.81,9.6,9.81,9.6,1950,4,nepse_playwright
2026-02-09,SIGS3,10.19,10.18,10.19,10.18,400,2,nepse_playwright
2026-02-09,SLCF,9.66,9.65,9.71,9.65,2850,13,nepse_playwright
2026-02-10,C30MF,9.83,9.64,9.83,9.64,2700,5,nepse_playwright
2026-02-10,CMF2,10.01,9.92,10.11,9.92,8295,6,nepse_playwright
2026-02-10,GBIMESY2,9.12,8.92,9.2,8.92,1200,11,nepse_playwright
2026-02-10,GIBF1,10.64,10.6,10.64,10.45,1800,13,nepse_playwright
2026-02-10,GSY,9.5,9.5,9.78,9.24,25699,40,nepse_playwright
2026-02-10,H8020,11.7,11.73,11.73,11.51,5420,14,nepse_playwright
2026-02-10,HLICF,9.55,9.6,9.72,9.55,1100,11,nepse_playwright
2026-02-10,KDBY,10.02,9.87,10.07,9.87,14300,36,nepse_playwright
2026-02-10,KEF,9.58,9.34,9.58,9.31,12610,25,nepse_playwright
2026-02-10,KSY,9.4,9.52,9.52,9.33,3400,6,nepse_playwright
2026-02-10,LUK,9.95,9.85,9.95,9.85,600,3,nepse_playwright
2026-02-10,LVF2,9.45,9.5,9.5,9.42,1600,7,nepse_playwright
2026-02-10,MBLEF,10.07,9.98,10.1,9.98,38600,29,nepse_playwright
2026-02-10,MMF1,9.05,9.09,9.1,8.99,19570,27,nepse_playwright
2026-02-10,MNMF1,9.73,9.36,9.73,9.26,77652,43,nepse_playwright
2026-02-10,NBF2,9.58,9.8,9.8,9.58,56232,9,nepse_playwright
2026-02-10,NBF3,9.58,9.4,9.58,9.22,51940,33,nepse_playwright
2026-02-10,NIBLGF,10.21,9.63,10.21,9.4,12680,12,nepse_playwright
2026-02-10,NIBLSTF,9.28,9.4,9.4,9.05,6000,24,nepse_playwright
2026-02-10,NIBSF2,9.31,9.29,9.31,9.13,2000,10,nepse_playwright
2026-02-10,NICBF,9.3,9.3,9.3,9.3,7200,1,nepse_playwright
2026-02-10,NICFC,9.15,9.1,9.2,9.1,5500,14,nepse_playwright
2026-02-10,NICGF2,9.45,9.25,9.45,9.11,40610,24,nepse_playwright
2026-02-10,NICSF,8.91,8.86,9.06,8.86,18600,17,nepse_playwright
2026-02-10,NMB50,10.51,10.28,10.51,10.25,4208,6,nepse_playwright
2026-02-10,NMBHF2,9.35,9.31,9.4,9.31,6500,20,nepse_playwright
2026-02-10,NSIF2,10.61,10.61,10.75,10.61,2900,10,nepse_playwright
2026-02-10,PRSF,11.18,11.05,11.25,11.05,500,5,nepse_playwright
2026-02-10,PSF,11.18,11.0,11.18,11.0,5100,14,nepse_playwright
2026-02-10,RBBF40,9.88,9.69,9.9,9.31,39866,38,nepse_playwright
2026-02-10,RMF1,9.35,9.66,9.66,9.25,15300,30,nepse_playwright
2026-02-10,RMF2,9.99,9.9,9.99,9.8,9400,4,nepse_playwright
2026-02-10,RSY,9.8,9.72,10.01,9.72,83200,22,nepse_playwright
2026-02-10,SAGF,9.75,9.71,9.9,9.71,2800,9,nepse_playwright
2026-02-10,SBCF,9.5,9.4,9.53,9.4,9000,12,nepse_playwright
2026-02-10,SEF,9.7,9.7,9.7,9.7,15000,1,nepse_playwright
2026-02-10,SFEF,9.59,9.58,9.59,9.58,200,2,nepse_playwright
2026-02-10,SFMF,10.21,10.18,10.21,10.18,13964,5,nepse_playwright
2026-02-10,SIGS2,9.62,9.62,9.62,9.62,1000,1,nepse_playwright
2026-02-10,SIGS3,10.3,10.2,10.3,10.2,1500,6,nepse_playwright
2026-02-10,SLCF,9.85,9.63,9.85,9.48,121600,22,nepse_playwright
2026-02-11,C30MF,9.82,10.01,10.01,9.81,14804,9,nepse_playwright
2026-02-11,CMF2,9.83,9.83,9.83,9.83,100,1,nepse_playwright
2026-02-11,GBIMESY2,9.48,9.07,9.48,9.07,5315,11,nepse_playwright
2026-02-11,GIBF1,10.79,10.48,10.79,10.48,10700,10,nepse_playwright
2026-02-11,GSY,9.5,9.31,10.4,9.31,14000,57,nepse_playwright
2026-02-11,H8020,11.65,11.7,11.9,11.41,31500,17,nepse_playwright
2026-02-11,HLICF,9.4,9.55,9.55,9.4,1300,12,nepse_playwright
2026-02-11,KDBY,10.0,9.83,10.06,9.83,4510,32,nepse_playwright
2026-02-11,KEF,9.3,9.39,9.39,9.2,3710,14,nepse_playwright
2026-02-11,KSY,9.58,9.24,9.58,9.24,3650,12,nepse_playwright
2026-02-11,LUK,9.89,9.8,9.99,9.7,2300,8,nepse_playwright
2026-02-11,LVF2,9.5,9.44,9.63,9.44,13670,17,nepse_playwright
2026-02-11,MBLEF,10.1,9.95,10.12,9.95,48000,28,nepse_playwright
2026-02-11,MMF1,8.92,9.18,9.23,8.72,16830,32,nepse_playwright
2026-02-11,MNMF1,9.45,9.54,9.58,9.4,7200,18,nepse_playwright
2026-02-11,NBF2,9.68,9.55,9.77,9.55,5000,12,nepse_playwright
2026-02-11,NBF3,9.77,9.41,9.77,9.39,90149,34,nepse_playwright
2026-02-11,NIBLGF,9.8,10.21,11.03,9.8,50800,44,nepse_playwright
2026-02-11,NIBLSTF,9.09,9.46,9.46,9.0,3700,16,nepse_playwright
2026-02-11,NIBSF2,9.15,9.13,9.31,9.02,5240,17,nepse_playwright
2026-02-11,NICBF,9.19,9.12,9.2,9.12,7300,7,nepse_playwright
2026-02-11,NICFC,9.16,9.0,9.17,9.0,4200,21,nepse_playwright
2026-02-11,NICGF2,9.1,9.27,9.31,9.1,130600,23,nepse_playwright
2026-02-11,NICSF,8.82,8.8,8.91,8.76,4000,11,nepse_playwright
2026-02-11,NMB50,10.26,10.3,10.3,10.13,52700,8,nepse_playwright
2026-02-11,NMBHF2,9.4,9.26,9.41,9.26,9230,38,nepse_playwright
2026-02-11,NSIF2,10.7,10.61,10.82,10.61,50800,10,nepse_playwright
2026-02-11,PRSF,11.26,11.26,11.26,11.26,600,2,nepse_playwright
2026-02-11,PSF,11.1,10.96,11.18,10.96,12449,20,nepse_playwright
2026-02-11,RBBF40,9.61,9.8,9.8,9.61,350,3,nepse_playwright
2026-02-11,RMF1,9.65,9.53,10.28,9.3,227200,34,nepse_playwright
2026-02-11,RMF2,9.9,9.8,10.13,9.8,4650,5,nepse_playwright
2026-02-11,RSY,9.8,9.8,10.0,9.76,23700,36,nepse_playwright
2026-02-11,SAGF,9.87,9.75,10.04,9.75,43000,15,nepse_playwright
2026-02-11,SBCF,9.5,9.5,9.69,9.39,8975,13,nepse_playwright
2026-02-11,SEF,9.79,9.6,9.86,9.6,5300,12,nepse_playwright
2026-02-11,SFEF,9.94,9.78,9.94,9.6,58704,16,nepse_playwright
2026-02-11,SFMF,10.21,10.01,10.21,10.01,2070,5,nepse_playwright
2026-02-11,SIGS2,9.8,9.64,9.81,9.64,5000,7,nepse_playwright
2026-02-11,SIGS3,9.81,10.3,10.39,9.81,34300,10,nepse_playwright
2026-02-11,SLCF,9.71,9.7,9.9,9.7,1950,7,nepse_playwright
2026-02-12,C30MF,9.71,9.65,10.0,9.65,800,6,nepse_playwright
2026-02-12,CMF2,9.83,9.83,9.83,9.83,2500,4,nepse_playwright
2026-02-12,GBIMESY2,9.53,9.35,9.53,9.21,1600,15,nepse_playwright
2026-02-12,GIBF1,10.81,10.6,10.89,10.6,30200,30,nepse_playwright
2026-02-12,GSY,9.65,9.36,9.85,9.36,16100,38,nepse_playwright
2026-02-12,H8020,11.42,11.65,11.88,11.42,15100,20,nepse_playwright
2026-02-12,HLICF,9.25,9.23,9.41,9.23,2380,15,nepse_playwright
2026-02-12,KDBY,10.3,9.87,10.3,9.87,16500,47,nepse_playwright
2026-02-12,KEF,9.38,9.4,9.49,9.31,11600,19,nepse_playwright
2026-02-12,KSY,9.58,9.51,9.58,9.4,400,3,nepse_playwright
2026-02-12,LUK,9.9,9.9,9.9,9.9,1000,3,nepse_playwright
2026-02-12,LVF2,9.64,9.5,9.64,9.46,1300,4,nepse_playwright
2026-02-12,MBLEF,10.09,10.2,10.2,9.91,17400,37,nepse_playwright
2026-02-12,MMF1,9.08,9.05,9.2,8.81,50545,47,nepse_playwright
2026-02-12,MNMF1,9.7,9.32,9.91,9.32,13100,39,nepse_playwright
2026-02-12,NBF2,9.85,9.87,10.1,9.83,102500,14,nepse_playwright
2026-02-12,NBF3,9.65,9.96,9.97,9.61,26825,23,nepse_playwright
2026-02-12,NIBLGF,9.52,9.7,9.7,9.51,3050,12,nepse_playwright
2026-02-12,NIBLSTF,9.26,9.27,9.45,9.09,2900,7,nepse_playwright
2026-02-12,NIBSF2,9.15,9.2,9.3,9.12,10315,14,nepse_playwright
2026-02-12,NICBF,9.2,9.37,9.37,9.2,892,3,nepse_playwright
2026-02-12,NICFC,9.16,9.0,9.28,9.0,3600,26,nepse_playwright
2026-02-12,NICGF2,9.19,8.97,9.32,8.97,3180,19,nepse_playwright
2026-02-12,NICSF,8.92,8.67,9.1,8.67,6200,11,nepse_playwright
2026-02-12,NMB50,10.25,10.46,10.46,10.25,1990,7,nepse_playwright
2026-02-12,NMBHF2,9.45,9.3,9.58,9.3,5700,21,nepse_playwright
2026-02-12,NSIF2,10.66,10.61,10.75,10.6,175750,20,nepse_playwright
2026-02-12,PRSF,11.27,11.13,11.47,11.13,13100,8,nepse_playwright
2026-02-12,PSF,11.3,10.96,11.39,10.96,2901,14,nepse_playwright
2026-02-12,RBBF40,9.38,9.5,9.7,9.02,2440,15,nepse_playwright
2026-02-12,RMF1,9.6,9.84,9.99,9.45,22700,23,nepse_playwright
2026-02-12,RMF2,10.18,9.85,10.18,9.85,26800,7,nepse_playwright
2026-02-12,RSY,9.78,9.74,9.99,9.74,14250,26,nepse_playwright
2026-02-12,SAGF,9.87,9.81,9.87,9.81,1150,8,nepse_playwright
2026-02-12,SBCF,9.4,9.4,9.5,9.4,1300,5,nepse_playwright
2026-02-12,SEF,9.79,9.89,9.89,9.79,20800,6,nepse_playwright
2026-02-12,SFEF,9.8,9.8,9.8,9.8,1300,7,nepse_playwright
2026-02-12,SFMF,10.23,10.02,10.23,10.02,6000,3,nepse_playwright
2026-02-12,SIGS2,9.7,9.7,9.7,9.7,400,2,nepse_playwright
2026-02-12,SIGS3,10.35,10.0,10.35,10.0,6500,11,nepse_playwright
2026-02-12,SLCF,9.89,9.6,9.89,9.6,11440,10,nepse_playwright
2026-02-16,C30MF,9.68,9.54,9.68,9.54,3000,6,nepse_playwright
2026-02-16,CMF2,9.86,9.86,9.9,9.86,1300,3,nepse_playwright
2026-02-16,GBIMESY2,9.34,9.34,9.5,8.99,33310,18,nepse_playwright
2026-02-16,GIBF1,10.77,10.67,10.77,10.67,2600,14,nepse_playwright
2026-02-16,GSY,9.6,9.46,9.8,9.27,16350,51,nepse_playwright
2026-02-16,H8020,11.45,11.2,11.68,11.2,27900,23,nepse_playwright
2026-02-16,HLICF,9.26,9.07,9.26,9.07,1900,15,nepse_playwright
2026-02-16,KDBY,10.3,10.1,10.3,10.0,3900,35,nepse_playwright
2026-02-16,KEF,9.56,9.3,9.56,9.18,5300,18,nepse_playwright
2026-02-16,KSY,9.39,9.39,9.42,9.39,1200,9,nepse_playwright
2026-02-16,LUK,9.9,9.71,10.09,9.71,8945,9,nepse_playwright
2026-02-16,LVF2,9.71,9.5,9.71,9.5,13845,11,nepse_playwright
2026-02-16,MBLEF,10.07,10.08,10.09,9.96,21230,25,nepse_playwright
2026-02-16,MMF1,8.92,9.26,9.26,8.91,14750,26,nepse_playwright
2026-02-16,MNMF1,9.6,9.89,9.89,9.6,7200,29,nepse_playwright
2026-02-16,NBF2,9.61,9.8,9.99,9.61,60360,11,nepse_playwright
2026-02-16,NBF3,9.47,9.5,9.6,9.47,13900,21,nepse_playwright
2026-02-16,NIBLGF,9.33,9.33,9.33,9.33,900,5,nepse_playwright
2026-02-16,NIBLSTF,9.23,9.26,9.4,9.05,6300,15,nepse_playwright
2026-02-16,NIBSF2,9.08,9.02,9.17,9.02,4470,12,nepse_playwright
2026-02-16,NICBF,9.32,9.03,9.32,9.03,5900,6,nepse_playwright
2026-02-16,NICFC,9.2,9.0,9.2,9.0,3110,29,nepse_playwright
2026-02-16,NICGF2,9.16,9.18,9.3,9.05,2900,18,nepse_playwright
2026-02-16,NICSF,8.9,8.75,8.95,8.65,5600,14,nepse_playwright
2026-02-16,NMB50,10.45,10.11,10.45,10.11,5270,7,nepse_playwright
2026-02-16,NMBHF2,9.55,9.31,9.55,9.31,12909,41,nepse_playwright
2026-02-16,NSIF2,10.75,10.67,10.75,10.56,18370,14,nepse_playwright
2026-02-16,PRSF,11.32,11.1,11.32,11.1,4594,11,nepse_playwright
2026-02-16,PSF,11.08,11.08,11.08,11.08,1500,6,nepse_playwright
2026-02-16,RBBF40,9.16,9.2,9.3,9.0,3900,27,nepse_playwright
2026-02-16,RMF1,9.78,9.79,9.96,9.6,2650,12,nepse_playwright
2026-02-16,RMF2,9.81,9.98,10.0,9.81,1900,6,nepse_playwright
2026-02-16,RSY,10.0,9.75,10.0,9.64,18361,19,nepse_playwright
2026-02-16,SAGF,9.99,9.75,10.2,9.75,29900,19,nepse_playwright
2026-02-16,SBCF,9.58,9.4,9.77,9.39,124150,19,nepse_playwright
2026-02-16,SEF,9.65,9.65,9.88,9.65,15875,12,nepse_playwright
2026-02-16,SFEF,9.71,9.62,9.71,9.62,900,5,nepse_playwright
2026-02-16,SFMF,10.27,10.03,10.27,10.03,19280,8,nepse_playwright
2026-02-16,SIGS2,9.88,9.81,9.88,9.81,15700,4,nepse_playwright
2026-02-16,SIGS3,10.3,10.3,10.3,10.23,9800,12,nepse_playwright
2026-02-16,SLCF,9.75,9.7,9.75,9.6,3200,12,nepse_playwright
2026-02-17,C30MF,9.57,9.6,9.6,9.57,600,6,nepse_playwright
2026-02-17,CMF2,10.2,10.05,10.2,10.0,2810,6,nepse_playwright
2026-02-17,GBIMESY2,9.3,9.3,9.3,9.25,1310,10,nepse_playwright
2026-02-17,GIBF1,10.7,10.6,10.7,10.57,1600,15,nepse_playwright
2026-02-17,GSY,9.7,9.58,9.7,9.46,31200,53,nepse_playwright
2026-02-17,H8020,11.41,11.32,11.54,11.32,3410,13,nepse_playwright
2026-02-17,HLICF,9.61,9.08,9.61,9.08,5709,21,nepse_playwright
2026-02-17,KDBY,10.16,10.1,10.16,9.93,5100,34,nepse_playwright
2026-02-17,KEF,9.56,9.4,9.56,9.22,24965,25,nepse_playwright
2026-02-17,KSY,9.68,9.32,9.69,9.32,10800,21,nepse_playwright
2026-02-17,LUK,9.7,9.72,9.75,9.7,18060,8,nepse_playwright
2026-02-17,LVF2,9.54,9.62,9.73,9.54,19335,15,nepse_playwright
2026-02-17,MBLEF,10.01,10.02,10.26,10.01,25400,40,nepse_playwright
2026-02-17,MMF1,9.0,8.8,9.27,8.79,9100,34,nepse_playwright
2026-02-17,MNMF1,9.46,9.41,9.79,9.41,21209,38,nepse_playwright
2026-02-17,NBF2,9.62,9.61,9.8,9.61,9039,11,nepse_playwright
2026-02-17,NBF3,9.45,9.47,9.69,9.44,36330,33,nepse_playwright
2026-02-17,NIBLGF,9.5,9.15,9.5,8.46,71300,18,nepse_playwright
2026-02-17,NIBLSTF,9.12,9.41,9.41,8.94,5250,27,nepse_playwright
2026-02-17,NIBSF2,9.26,8.91,9.26,8.17,40600,23,nepse_playwright
2026-02-17,NICBF,9.65,9.21,9.69,9.21,38385,17,nepse_playwright
2026-02-17,NICFC,9.2,9.16,9.2,9.16,3300,23,nepse_playwright
2026-02-17,NICGF2,9.47,9.11,9.47,9.11,67994,29,nepse_playwright
2026-02-17,NICSF,9.12,8.8,9.12,8.8,8613,29,nepse_playwright
2026-02-17,NMB50,10.17,10.25,10.25,10.07,990,5,nepse_playwright
2026-02-17,NMBHF2,9.5,9.38,9.5,9.38,8700,27,nepse_playwright
2026-02-17,NSIF2,10.6,10.8,10.81,10.56,1711,9,nepse_playwright
2026-02-17,PRSF,11.19,11.3,11.49,11.18,74700,14,nepse_playwright
2026-02-17,PSF,11.2,10.86,11.2,10.86,7400,24,nepse_playwright
2026-02-17,RBBF40,9.52,9.1,9.52,9.1,3400,12,nepse_playwright
2026-02-17,RMF1,9.77,9.97,9.97,9.55,103700,19,nepse_playwright
2026-02-17,RMF2,9.95,9.68,9.95,9.68,1900,6,nepse_playwright
2026-02-17,RSY,10.09,9.85,10.18,9.85,46100,30,nepse_playwright
2026-02-17,SAGF,9.87,9.81,10.15,9.81,1850,12,nepse_playwright
2026-02-17,SBCF,9.4,9.68,9.68,9.4,36034,17,nepse_playwright
2026-02-17,SEF,9.73,9.65,9.73,9.55,6360,6,nepse_playwright
2026-02-17,SFEF,9.66,9.7,9.7,9.63,63600,9,nepse_playwright
2026-02-17,SFMF,10.26,10.24,10.26,10.24,22138,5,nepse_playwright
2026-02-17,SIGS2,9.69,9.69,9.69,9.69,800,2,nepse_playwright
2026-02-17,SIGS3,10.21,10.3,10.49,10.21,11600,9,nepse_playwright
2026-02-17,SLCF,9.58,9.92,9.93,9.56,1620,9,nepse_playwright
2026-02-22,C30MF,9.61,9.51,9.61,9.51,1500,7,nepse_playwright
2026-02-22,CMF2,10.2,10.2,10.2,10.2,169,1,nepse_playwright
2026-02-22,GBIMESY2,9.15,9.15,9.16,9.15,1300,8,nepse_playwright
2026-02-22,GIBF1,10.65,10.55,10.69,10.55,13432,19,nepse_playwright
2026-02-22,GSY,9.43,9.75,9.75,9.39,18880,31,nepse_playwright
2026-02-22,H8020,11.42,11.41,11.63,11.41,27100,17,nepse_playwright
2026-02-22,HLICF,9.3,9.43,9.43,9.3,699,6,nepse_playwright
2026-02-22,KDBY,9.83,10.01,10.16,9.82,14520,38,nepse_playwright
2026-02-22,KEF,9.4,9.55,9.55,9.36,8450,7,nepse_playwright
2026-02-22,KSY,9.43,9.49,9.49,9.43,1150,6,nepse_playwright
2026-02-22,LUK,9.7,9.7,9.7,9.7,100,1,nepse_playwright
2026-02-22,LVF2,9.48,9.36,9.73,9.36,5177,11,nepse_playwright
2026-02-22,MBLEF,10.09,10.01,10.2,10.01,5020,25,nepse_playwright
2026-02-22,MMF1,9.05,9.18,9.18,8.92,24416,31,nepse_playwright
2026-02-22,MNMF1,9.77,9.31,9.78,9.31,26500,31,nepse_playwright
2026-02-22,NBF2,9.6,9.8,9.8,9.53,18900,7,nepse_playwright
2026-02-22,NBF3,9.51,9.45,9.7,9.32,31100,28,nepse_playwright
2026-02-22,NIBLGF,9.88,9.31,9.88,9.31,3460,11,nepse_playwright
2026-02-22,NIBLSTF,9.2,9.3,9.3,9.02,3112,16,nepse_playwright
2026-02-22,NIBSF2,9.57,9.26,9.57,9.23,27455,20,nepse_playwright
2026-02-22,NICBF,9.61,9.8,9.8,9.61,1300,2,nepse_playwright
2026-02-22,NICFC,9.16,9.17,9.2,9.16,45250,27,nepse_playwright
2026-02-22,NICGF2,9.4,9.29,9.47,9.29,27300,14,nepse_playwright
2026-02-22,NICSF,9.1,9.24,9.24,8.95,600,4,nepse_playwright
2026-02-22,NMB50,10.3,10.3,10.37,10.3,34000,6,nepse_playwright
2026-02-22,NMBHF2,9.46,9.33,9.52,9.33,3250,22,nepse_playwright
2026-02-22,NSIF2,10.45,10.53,10.65,10.45,130359,18,nepse_playwright
2026-02-22,PRSF,11.18,11.41,11.41,11.18,21652,13,nepse_playwright
2026-02-22,PSF,11.08,11.0,11.1,11.0,9500,16,nepse_playwright
2026-02-22,RBBF40,9.77,9.52,9.77,9.33,4425,20,nepse_playwright
2026-02-22,RMF1,9.65,9.96,9.96,9.52,174540,21,nepse_playwright
2026-02-22,RMF2,9.87,9.81,9.87,9.81,11000,7,nepse_playwright
2026-02-22,RSY,10.0,9.89,10.0,9.89,32900,25,nepse_playwright
2026-02-22,SAGF,10.06,9.72,10.06,9.72,11598,9,nepse_playwright
2026-02-22,SBCF,9.58,9.26,9.58,9.26,8300,11,nepse_playwright
2026-02-22,SEF,9.43,9.56,9.6,9.43,52030,17,nepse_playwright
2026-02-22,SFEF,9.63,9.61,9.85,9.61,64838,11,nepse_playwright
2026-02-22,SFMF,10.26,10.26,10.26,10.26,0,0,nepse_playwright
2026-02-22,SIGS2,9.88,9.88,9.88,9.88,3000,1,nepse_playwright
2026-02-22,SIGS3,10.21,10.21,10.21,10.21,9800,8,nepse_playwright
2026-02-22,SLCF,9.7,9.45,9.75,9.45,3700,18,nepse_playwright
2026-02-23,C30MF,9.8,9.6,9.8,9.6,3300,6,nepse_playwright
2026-02-23,CMF2,9.87,10.0,10.0,9.86,30325,3,nepse_playwright
2026-02-23,GBIMESY2,9.33,8.97,9.33,8.81,3900,18,nepse_playwright
2026-02-23,GIBF1,10.65,10.54,10.83,10.54,2728,14,nepse_playwright
2026-02-23,GSY,9.4,9.26,9.55,9.26,3600,27,nepse_playwright
2026-02-23,H8020,11.5,11.3,11.52,11.3,117091,65,nepse_playwright
2026-02-23,HLICF,9.17,9.29,9.29,9.12,1710,12,nepse_playwright
2026-02-23,KDBY,10.0,9.83,10.04,9.83,6400,24,nepse_playwright
2026-02-23,KEF,9.21,9.39,9.39,9.1,2700,11,nepse_playwright
2026-02-23,KSY,9.33,9.3,9.33,9.3,12500,9,nepse_playwright
2026-02-23,LUK,9.94,9.75,9.94,9.55,5499,8,nepse_playwright
2026-02-23,LVF2,9.62,9.4,9.62,9.4,4865,12,nepse_playwright
2026-02-23,MBLEF,10.1,10.0,10.1,10.0,3300,23,nepse_playwright
2026-02-23,MMF1,9.61,9.23,9.8,8.9,210071,89,nepse_playwright
2026-02-23,MNMF1,9.5,9.58,9.74,9.22,2900,17,nepse_playwright
2026-02-23,NBF2,9.61,9.77,9.77,9.5,2450,7,nepse_playwright
2026-02-23,NBF3,9.4,9.33,9.5,9.15,10042,27,nepse_playwright
2026-02-23,NIBLGF,9.65,10.0,10.86,9.51,87150,19,nepse_playwright
2026-02-23,NIBLSTF,9.25,9.3,9.3,8.91,10960,27,nepse_playwright
2026-02-23,NIBSF2,9.11,9.74,10.52,9.02,43330,28,nepse_playwright
2026-02-23,NICBF,9.6,9.42,9.6,9.42,18500,3,nepse_playwright
2026-02-23,NICFC,9.16,9.03,9.2,9.03,13350,19,nepse_playwright
2026-02-23,NICGF2,9.25,9.22,9.25,9.04,1300,13,nepse_playwright
2026-02-23,NICSF,8.89,8.95,9.05,8.88,7500,11,nepse_playwright
2026-02-23,NMB50,10.49,10.1,10.49,10.1,3600,5,nepse_playwright
2026-02-23,NMBHF2,9.65,9.32,9.7,9.32,44898,35,nepse_playwright
2026-02-23,NSIF2,10.5,10.41,10.5,10.41,500,5,nepse_playwright
2026-02-23,PRSF,11.15,11.0,11.26,11.0,4500,8,nepse_playwright
2026-02-23,PSF,11.1,10.87,11.22,10.87,3200,11,nepse_playwright
2026-02-23,RBBF40,9.6,9.58,9.6,9.58,12788,22,nepse_playwright
2026-02-23,RMF1,9.65,9.84,9.84,9.5,88100,22,nepse_playwright
2026-02-23,RMF2,10.0,9.87,10.0,9.68,1039,7,nepse_playwright
2026-02-23,RSY,9.8,9.89,9.89,9.72,2810,18,nepse_playwright
2026-02-23,SAGF,9.9,9.86,10.05,9.8,1100,10,nepse_playwright
2026-02-23,SBCF,9.66,9.41,9.66,9.41,138810,7,nepse_playwright
2026-02-23,SEF,9.61,9.6,9.61,9.53,14400,7,nepse_playwright
2026-02-23,SFEF,9.6,9.45,9.6,9.45,10300,4,nepse_playwright
2026-02-23,SFMF,10.07,10.26,10.29,10.07,63450,8,nepse_playwright
2026-02-23,SIGS2,9.69,9.69,9.69,9.69,100,1,nepse_playwright
2026-02-23,SIGS3,10.11,10.05,10.16,10.05,1550,5,nepse_playwright
2026-02-23,SLCF,9.52,9.52,9.6,9.52,1150,5,nepse_playwright
2026-02-24,C30MF,9.7,9.7,9.7,9.7,400,4,nepse_playwright
2026-02-24,CMF2,9.86,9.86,9.86,9.86,200,1,nepse_playwright
2026-02-24,GBIMESY2,9.17,9.17,9.2,9.17,1570,8,nepse_playwright
2026-02-24,GIBF1,10.66,10.64,10.66,10.64,800,4,nepse_playwright
2026-02-24,GSY,9.41,9.33,9.41,9.33,1850,15,nepse_playwright
2026-02-24,H8020,11.5,11.3,11.5,11.3,400,4,nepse_playwright
2026-02-24,HLICF,9.15,8.99,9.15,8.99,1000,9,nepse_playwright
2026-02-24,KDBY,10.11,9.84,10.11,9.84,1950,19,nepse_playwright
2026-02-24,KEF,9.3,9.1,9.47,9.05,6604,18,nepse_playwright
2026-02-24,KSY,9.7,9.22,9.7,9.22,35370,15,nepse_playwright
2026-02-24,LUK,9.75,9.75,9.76,9.75,1100,3,nepse_playwright
2026-02-24,LVF2,9.5,9.6,9.69,9.5,84256,11,nepse_playwright
2026-02-24,MBLEF,10.1,10.06,10.25,10.05,4050,25,nepse_playwright
2026-02-24,MMF1,9.62,9.8,9.8,9.25,8860,25,nepse_playwright
2026-02-24,MNMF1,9.7,9.68,9.73,9.32,16200,17,nepse_playwright
2026-02-24,NBF2,9.61,9.5,9.8,9.5,11871,8,nepse_playwright
2026-02-24,NBF3,9.4,9.22,9.56,9.22,29954,26,nepse_playwright
2026-02-24,NIBLGF,9.46,9.46,9.46,9.28,400,4,nepse_playwright
2026-02-24,NIBLSTF,9.25,9.43,9.43,8.81,26780,47,nepse_playwright
2026-02-24,NIBSF2,9.03,9.02,9.2,9.02,4400,10,nepse_playwright
2026-02-24,NICBF,9.6,9.6,9.6,9.6,0,0,nepse_playwright
2026-02-24,NICFC,9.2,9.02,9.2,9.02,1300,9,nepse_playwright
2026-02-24,NICGF2,9.26,9.08,9.26,9.08,1750,14,nepse_playwright
2026-02-24,NICSF,9.1,9.0,9.19,9.0,18250,18,nepse_playwright
2026-02-24,NMB50,10.79,10.69,10.83,10.69,950,4,nepse_playwright
2026-02-24,NMBHF2,9.73,9.75,9.75,9.47,12948,19,nepse_playwright
2026-02-24,NSIF2,10.55,10.44,10.55,10.44,26500,6,nepse_playwright
2026-02-24,PRSF,11.36,11.13,11.36,11.13,5300,4,nepse_playwright
2026-02-24,PSF,11.01,11.0,11.2,11.0,8000,13,nepse_playwright
2026-02-24,RBBF40,9.6,9.6,9.6,9.6,0,0,nepse_playwright
2026-02-24,RMF1,9.45,9.84,9.84,9.28,4065,7,nepse_playwright
2026-02-24,RMF2,9.66,9.81,9.81,9.66,200,2,nepse_playwright
2026-02-24,RSY,9.9,9.73,9.99,9.72,3100,16,nepse_playwright
2026-02-24,SAGF,9.9,10.09,10.1,9.9,12100,6,nepse_playwright
2026-02-24,SBCF,9.75,9.48,9.75,9.48,13100,10,nepse_playwright
2026-02-24,SEF,9.62,9.44,9.62,9.44,3000,2,nepse_playwright
2026-02-24,SFEF,9.54,9.54,9.54,9.54,100,1,nepse_playwright
2026-02-24,SFMF,10.27,10.26,10.28,10.26,26955,5,nepse_playwright
2026-02-24,SIGS2,9.69,9.69,9.69,9.69,0,0,nepse_playwright
2026-02-24,SIGS3,10.17,10.15,10.2,10.15,27800,11,nepse_playwright
2026-02-24,SLCF,9.51,9.5,9.7,9.4,10460,15,nepse_playwright
2026-02-25,C30MF,9.53,9.53,9.53,9.53,500,1,nepse_playwright
2026-02-25,CMF2,10.18,9.85,10.18,9.85,4369,4,nepse_playwright
2026-02-25,GBIMESY2,9.35,8.99,9.35,8.99,6000,11,nepse_playwright
2026-02-25,GIBF1,10.65,10.7,10.83,10.58,8050,15,nepse_playwright
2026-02-25,GSY,9.47,9.32,9.59,9.32,7800,24,nepse_playwright
2026-02-25,H8020,11.73,11.28,11.73,11.28,3900,10,nepse_playwright
2026-02-25,HLICF,9.15,9.0,9.33,9.0,1730,15,nepse_playwright
2026-02-25,KDBY,10.11,9.92,10.11,9.92,6400,24,nepse_playwright
2026-02-25,KEF,9.26,9.13,9.3,9.12,3700,21,nepse_playwright
2026-02-25,KSY,9.33,9.51,9.51,9.33,200,2,nepse_playwright
2026-02-25,LUK,9.77,9.76,9.77,9.76,1100,2,nepse_playwright
2026-02-25,LVF2,9.51,9.41,9.69,9.41,4600,6,nepse_playwright
2026-02-25,MBLEF,10.04,9.9,10.28,9.9,23900,33,nepse_playwright
2026-02-25,MMF1,9.75,9.8,9.8,9.61,1400,3,nepse_playwright
2026-02-25,MNMF1,9.79,9.7,9.89,9.52,21600,20,nepse_playwright
2026-02-25,NBF2,9.7,9.51,9.7,9.51,21600,7,nepse_playwright
2026-02-25,NBF3,9.5,9.25,9.5,9.25,22280,27,nepse_playwright
2026-02-25,NIBLGF,9.28,9.29,9.29,9.28,200,2,nepse_playwright
2026-02-25,NIBLSTF,9.13,9.3,9.3,9.08,5743,26,nepse_playwright
2026-02-25,NIBSF2,9.03,8.85,9.21,8.85,4360,15,nepse_playwright
2026-02-25,NICBF,9.6,9.6,9.6,9.6,0,0,nepse_playwright
2026-02-25,NICFC,9.2,9.3,9.38,9.13,8300,16,nepse_playwright
2026-02-25,NICGF2,9.4,9.44,9.44,9.26,500,5,nepse_playwright
2026-02-25,NICSF,9.1,8.95,9.28,8.82,5350,12,nepse_playwright
2026-02-25,NMB50,10.4,10.58,10.58,10.35,17270,14,nepse_playwright
2026-02-25,NMBHF2,9.73,9.73,9.73,9.73,0,0,nepse_playwright
2026-02-25,NSIF2,10.42,10.4,10.42,10.4,400,2,nepse_playwright
2026-02-25,PRSF,11.38,11.5,11.5,11.3,107000,16,nepse_playwright
2026-02-25,PSF,11.05,11.2,11.2,10.94,7700,13,nepse_playwright
2026-02-25,RBBF40,9.26,9.7,9.7,9.1,3500,13,nepse_playwright
2026-02-25,RMF1,9.62,9.27,9.8,9.12,48800,22,nepse_playwright
2026-02-25,RMF2,9.84,9.55,9.84,9.55,1100,4,nepse_playwright
2026-02-25,RSY,10.01,9.72,10.01,9.72,3862,19,nepse_playwright
2026-02-25,SAGF,10.09,9.71,10.09,9.71,3100,10,nepse_playwright
2026-02-25,SBCF,9.51,9.77,9.77,9.5,900,6,nepse_playwright
2026-02-25,SEF,9.55,9.7,9.7,9.51,42500,10,nepse_playwright
2026-02-25,SFEF,9.61,9.55,9.73,9.55,41550,5,nepse_playwright
2026-02-25,SFMF,10.26,10.1,10.26,10.1,600,2,nepse_playwright
2026-02-25,SIGS2,9.88,9.88,9.88,9.69,1100,3,nepse_playwright
2026-02-25,SIGS3,9.97,10.37,10.37,9.97,200,2,nepse_playwright
2026-02-25,SLCF,9.46,9.42,9.5,9.42,1600,8,nepse_playwright
2026-02-26,C30MF,9.63,9.56,9.72,9.56,3800,8,nepse_playwright
2026-02-26,CMF2,10.24,10.23,10.24,10.23,279,2,nepse_playwright
2026-02-26,GBIMESY2,9.32,9.17,9.5,9.16,1850,9,nepse_playwright
2026-02-26,GIBF1,10.62,10.55,10.62,10.55,1300,8,nepse_playwright
2026-02-26,GSY,9.51,9.3,9.65,9.3,15500,33,nepse_playwright
2026-02-26,H8020,11.52,11.52,11.55,11.52,1200,3,nepse_playwright
2026-02-26,HLICF,9.08,8.97,9.08,8.97,1410,11,nepse_playwright
2026-02-26,KDBY,9.99,10.2,10.25,9.98,23228,19,nepse_playwright
2026-02-26,KEF,9.3,9.14,9.32,9.14,4600,7,nepse_playwright
2026-02-26,KSY,9.32,9.25,9.32,9.25,420,4,nepse_playwright
2026-02-26,LUK,9.8,9.61,9.8,9.61,2480,4,nepse_playwright
2026-02-26,LVF2,9.7,9.47,9.84,9.47,30450,19,nepse_playwright
2026-02-26,MBLEF,10.04,10.24,10.24,10.04,2600,9,nepse_playwright
2026-02-26,MMF1,9.53,9.69,9.69,9.26,16829,38,nepse_playwright
2026-02-26,MNMF1,9.65,9.8,9.8,9.42,11000,19,nepse_playwright
2026-02-26,NBF2,9.65,9.88,9.88,9.63,12740,11,nepse_playwright
2026-02-26,NBF3,9.51,9.69,9.69,9.5,35990,25,nepse_playwright
2026-02-26,NIBLGF,9.16,9.28,9.3,9.12,1131,6,nepse_playwright
2026-02-26,NIBLSTF,9.05,9.3,9.3,9.0,1800,15,nepse_playwright
2026-02-26,NIBSF2,9.04,9.0,9.21,9.0,3650,7,nepse_playwright
2026-02-26,NICBF,9.61,9.61,9.61,9.61,1200,1,nepse_playwright
2026-02-26,NICFC,9.46,9.3,9.48,9.12,36907,21,nepse_playwright
2026-02-26,NICGF2,9.22,9.22,9.22,9.22,2800,17,nepse_playwright
2026-02-26,NICSF,9.02,8.96,9.15,8.96,7000,13,nepse_playwright
2026-02-26,NMB50,10.3,10.25,10.3,10.25,800,4,nepse_playwright
2026-02-26,NMBHF2,9.41,9.54,9.55,9.39,4800,21,nepse_playwright
2026-02-26,NSIF2,10.62,10.49,10.62,10.49,7500,12,nepse_playwright
2026-02-26,PRSF,11.3,11.17,11.3,11.17,750,5,nepse_playwright
2026-02-26,PSF,11.02,11.2,11.2,11.0,1900,10,nepse_playwright
2026-02-26,RBBF40,9.46,9.44,9.65,9.26,2420,19,nepse_playwright
2026-02-26,RMF1,9.62,9.81,10.0,9.39,52050,29,nepse_playwright
2026-02-26,RMF2,9.81,9.99,9.99,9.81,5200,3,nepse_playwright
2026-02-26,RSY,10.0,9.81,10.01,9.81,28500,26,nepse_playwright
2026-02-26,SAGF,9.9,10.0,10.0,9.9,2100,9,nepse_playwright
2026-02-26,SBCF,9.35,9.35,9.35,9.35,1650,6,nepse_playwright
2026-02-26,SEF,9.57,9.74,9.74,9.57,2700,5,nepse_playwright
2026-02-26,SFEF,9.79,9.53,9.8,9.53,51747,14,nepse_playwright
2026-02-26,SFMF,10.26,10.06,10.26,10.06,2500,5,nepse_playwright
2026-02-26,SIGS2,9.69,9.7,9.7,9.69,13400,4,nepse_playwright
2026-02-26,SIGS3,10.3,10.01,10.3,10.01,4054,13,nepse_playwright
2026-02-26,SLCF,9.66,9.48,9.66,9.48,4800,6,nepse_playwright
2026-03-01,C30MF,9.82,9.61,9.82,9.61,2200,3,nepse_playwright
2026-03-01,CMF2,10.23,10.04,10.23,10.04,400,3,nepse_playwright
2026-03-01,GBIMESY2,9.14,9.5,9.5,9.14,2430,10,nepse_playwright
2026-03-01,GIBF1,10.63,10.61,10.63,10.61,1100,10,nepse_playwright
2026-03-01,GSY,9.48,9.4,9.5,9.31,34000,19,nepse_playwright
2026-03-01,H8020,11.62,11.7,11.75,11.6,4600,14,nepse_playwright
2026-03-01,HLICF,9.09,9.26,9.26,9.09,300,2,nepse_playwright
2026-03-01,KDBY,9.91,9.81,10.04,9.81,11400,13,nepse_playwright
2026-03-01,KEF,9.18,9.3,9.3,9.12,6900,14,nepse_playwright
2026-03-01,KSY,9.4,9.15,9.4,9.15,2800,10,nepse_playwright
2026-03-01,LUK,9.8,9.61,9.8,9.61,1450,5,nepse_playwright
2026-03-01,LVF2,9.6,9.51,9.6,9.51,6630,8,nepse_playwright
2026-03-01,MBLEF,10.05,10.04,10.24,10.04,374600,24,nepse_playwright
2026-03-01,MMF1,9.25,9.7,9.7,9.16,29800,49,nepse_playwright
2026-03-01,MNMF1,9.68,9.46,9.69,9.46,5200,13,nepse_playwright
2026-03-01,NBF2,9.53,9.8,9.8,9.48,22900,13,nepse_playwright
2026-03-01,NBF3,9.42,9.32,9.5,9.32,4040,11,nepse_playwright
2026-03-01,NIBLGF,9.71,8.98,9.71,8.24,33000,27,nepse_playwright
2026-03-01,NIBLSTF,9.28,9.2,9.37,9.05,7012,22,nepse_playwright
2026-03-01,NIBSF2,9.22,8.94,9.22,8.91,9390,14,nepse_playwright
2026-03-01,NICBF,9.43,9.42,9.43,9.42,500,3,nepse_playwright
2026-03-01,NICFC,9.44,9.28,9.44,9.1,1000,7,nepse_playwright
2026-03-01,NICGF2,9.4,9.4,9.4,9.22,3540,15,nepse_playwright
2026-03-01,NICSF,9.18,8.96,9.18,8.96,21994,10,nepse_playwright
2026-03-01,NMB50,10.13,10.12,10.13,10.12,4100,3,nepse_playwright
2026-03-01,NMBHF2,9.46,9.4,9.64,9.4,18150,21,nepse_playwright
2026-03-01,NSIF2,10.69,10.44,10.7,10.44,23665,10,nepse_playwright
2026-03-01,PRSF,11.21,11.21,11.21,11.21,600,6,nepse_playwright
2026-03-01,PSF,10.87,10.8,10.87,10.62,2500,4,nepse_playwright
2026-03-01,RBBF40,9.48,9.28,9.64,9.28,1100,9,nepse_playwright
2026-03-01,RMF1,9.75,9.79,9.79,9.44,36100,17,nepse_playwright
2026-03-01,RMF2,9.82,9.81,9.82,9.81,700,4,nepse_playwright
2026-03-01,RSY,9.9,10.0,10.0,9.81,12250,10,nepse_playwright
2026-03-01,SAGF,9.9,9.8,10.05,9.8,3300,7,nepse_playwright
2026-03-01,SBCF,9.45,9.5,9.5,9.35,23730,14,nepse_playwright
2026-03-01,SEF,9.6,9.57,9.75,9.57,1300,4,nepse_playwright
2026-03-01,SFEF,9.75,9.6,9.79,9.46,55999,12,nepse_playwright
2026-03-01,SFMF,10.06,10.06,10.06,10.06,100,1,nepse_playwright
2026-03-01,SIGS2,9.58,9.5,9.6,9.5,10300,5,nepse_playwright
2026-03-01,SIGS3,10.3,10.1,10.3,10.1,5300,5,nepse_playwright
2026-03-01,SLCF,9.5,9.48,9.51,9.48,850,4,nepse_playwright
2026-03-03,C30MF,9.82,9.8,9.82,9.76,32500,10,nepse_playwright
2026-03-03,CMF2,10.1,10.05,10.1,10.05,35325,4,nepse_playwright
2026-03-03,GBIMESY2,9.2,9.32,9.32,9.17,2400,5,nepse_playwright
2026-03-03,GIBF1,10.82,10.61,10.82,10.61,2050,8,nepse_playwright
2026-03-03,GSY,9.6,9.48,9.82,9.35,4300,16,nepse_playwright
2026-03-03,H8020,11.95,11.85,11.95,11.6,7350,12,nepse_playwright
2026-03-03,HLICF,9.18,9.2,9.2,9.02,800,8,nepse_playwright
2026-03-03,KDBY,9.96,10.1,10.21,9.93,12001,37,nepse_playwright
2026-03-03,KEF,9.36,9.05,9.36,9.05,10350,7,nepse_playwright
2026-03-03,KSY,9.58,9.25,9.58,9.25,310,3,nepse_playwright
2026-03-03,LUK,9.7,9.7,9.7,9.7,700,4,nepse_playwright
2026-03-03,LVF2,9.79,9.79,9.79,9.79,21695,2,nepse_playwright
2026-03-03,MBLEF,10.12,10.05,10.25,10.05,32100,20,nepse_playwright
2026-03-03,MMF1,9.43,9.08,9.5,9.08,30806,36,nepse_playwright
2026-03-03,MNMF1,9.62,9.5,9.62,9.34,3900,15,nepse_playwright
2026-03-03,NBF2,9.72,9.53,9.72,9.53,3046,7,nepse_playwright
2026-03-03,NBF3,9.6,9.5,9.6,9.5,4350,7,nepse_playwright
2026-03-03,NIBLGF,9.9,9.65,9.9,9.42,21540,14,nepse_playwright
2026-03-03,NIBLSTF,9.2,9.11,9.2,9.11,6088,11,nepse_playwright
2026-03-03,NIBSF2,9.11,9.05,9.25,9.05,2500,6,nepse_playwright
2026-03-03,NICBF,9.61,9.61,9.61,9.61,500,1,nepse_playwright
2026-03-03,NICFC,9.62,9.26,9.62,9.26,27023,20,nepse_playwright
2026-03-03,NICGF2,9.27,9.58,9.58,9.22,5530,11,nepse_playwright
2026-03-03,NICSF,9.48,9.08,9.48,9.02,30985,16,nepse_playwright
2026-03-03,NMB50,10.53,10.33,10.53,10.33,4120,4,nepse_playwright
2026-03-03,NMBHF2,9.44,9.4,9.53,9.4,2700,16,nepse_playwright
2026-03-03,NSIF2,10.62,10.61,10.62,10.61,800,3,nepse_playwright
2026-03-03,PRSF,11.38,11.16,11.38,11.16,1030,3,nepse_playwright
2026-03-03,PSF,11.2,10.8,11.2,10.8,26800,12,nepse_playwright
2026-03-03,RBBF40,9.45,9.5,9.58,9.3,4000,14,nepse_playwright
2026-03-03,RMF1,9.58,9.57,9.76,9.39,6906,9,nepse_playwright
2026-03-03,RMF2,10.0,9.82,10.0,9.82,10100,6,nepse_playwright
2026-03-03,RSY,10.0,9.91,10.03,9.91,86684,28,nepse_playwright
2026-03-03,SAGF,9.9,9.71,9.9,9.71,500,5,nepse_playwright
2026-03-03,SBCF,9.62,9.39,9.62,9.39,710,4,nepse_playwright
2026-03-03,SEF,9.7,9.41,9.7,9.41,7250,11,nepse_playwright
2026-03-03,SFEF,9.93,9.93,9.93,9.93,1692,1,nepse_playwright
2026-03-03,SFMF,10.06,10.06,10.06,10.06,0,0,nepse_playwright
2026-03-03,SIGS2,9.5,9.5,9.5,9.5,200,1,nepse_playwright
2026-03-03,SIGS3,10.12,10.12,10.12,10.12,300,3,nepse_playwright
2026-03-03,SLCF,9.68,9.5,9.68,9.5,10279,7,nepse_playwright
2026-03-09,C30MF,9.82,9.82,9.82,9.82,0,0,nepse_playwright
2026-03-09,CMF2,10.1,10.1,10.1,10.1,0,0,nepse_playwright
2026-03-09,GBIMESY2,9.2,9.2,9.2,9.2,0,0,nepse_playwright
2026-03-09,GIBF1,10.82,10.82,10.82,10.82,0,0,nepse_playwright
2026-03-09,GSY,9.6,9.6,9.6,9.6,0,0,nepse_playwright
2026-03-09,H8020,11.95,11.95,11.95,11.95,0,0,nepse_playwright
2026-03-09,HLICF,9.18,9.18,9.18,9.18,0,0,nepse_playwright
2026-03-09,KDBY,9.96,9.96,9.96,9.96,0,0,nepse_playwright
2026-03-09,KEF,9.36,9.36,9.36,9.36,0,0,nepse_playwright
2026-03-09,KSY,9.58,9.58,9.58,9.58,0,0,nepse_playwright
2026-03-09,LUK,9.7,9.7,9.7,9.7,0,0,nepse_playwright
2026-03-09,LVF2,9.79,9.79,9.79,9.79,0,0,nepse_playwright
2026-03-09,MBLEF,10.12,10.12,10.12,10.12,0,0,nepse_playwright
2026-03-09,MMF1,9.43,9.43,9.43,9.43,0,0,nepse_playwright
2026-03-09,MNMF1,9.62,9.62,9.62,9.62,0,0,nepse_playwright
2026-03-09,NBF2,9.89,9.89,9.89,9.89,5000,1,nepse_playwright
2026-03-09,NBF3,9.6,9.6,9.6,9.6,0,0,nepse_playwright
2026-03-09,NIBLGF,9.9,9.9,9.9,9.9,0,0,nepse_playwright
2026-03-09,NIBLSTF,9.38,9.38,9.38,9.38,100,1,nepse_playwright
2026-03-09,NIBSF2,9.11,9.11,9.11,9.11,0,0,nepse_playwright
2026-03-09,NICBF,9.61,9.61,9.61,9.61,0,0,nepse_playwright
2026-03-09,NICFC,9.81,9.81,9.81,9.81,200,2,nepse_playwright
2026-03-09,NICGF2,9.27,9.27,9.27,9.27,0,0,nepse_playwright
2026-03-09,NICSF,9.48,9.48,9.48,9.48,0,0,nepse_playwright
2026-03-09,NMB50,10.53,10.53,10.53,10.53,0,0,nepse_playwright
2026-03-09,NMBHF2,9.44,9.44,9.44,9.44,0,0,nepse_playwright
2026-03-09,NSIF2,10.62,10.62,10.62,10.62,0,0,nepse_playwright
2026-03-09,PRSF,11.38,11.38,11.38,11.38,0,0,nepse_playwright
2026-03-09,PSF,11.2,11.2,11.2,11.2,0,0,nepse_playwright
2026-03-09,RBBF40,9.45,9.45,9.45,9.45,0,0,nepse_playwright
2026-03-09,RMF1,9.77,9.77,9.77,9.77,100,1,nepse_playwright
2026-03-09,RMF2,10.0,10.0,10.0,10.0,0,0,nepse_playwright
2026-03-09,RSY,10.0,10.0,10.0,10.0,0,0,nepse_playwright
2026-03-09,SAGF,9.9,9.9,9.9,9.9,0,0,nepse_playwright
2026-03-09,SBCF,9.62,9.62,9.62,9.62,0,0,nepse_playwright
2026-03-09,SEF,9.7,9.7,9.7,9.7,0,0,nepse_playwright
2026-03-09,SFEF,10.12,10.12,10.12,10.12,47183,1,nepse_playwright
2026-03-09,SFMF,10.06,10.06,10.06,10.06,0,0,nepse_playwright
2026-03-09,SIGS2,9.5,9.5,9.5,9.5,0,0,nepse_playwright
2026-03-09,SIGS3,10.12,10.12,10.12,10.12,0,0,nepse_playwright
2026-03-09,SLCF,9.68,9.68,9.68,9.68,0,0,nepse_playwright
2026-03-10,C30MF,9.93,10.01,10.11,9.92,2300,9,nepse_playwright
2026-03-10,CMF2,10.32,10.1,10.58,10.03,27538,19,nepse_playwright
2026-03-10,GBIMESY2,9.37,9.2,9.56,9.07,12673,25,nepse_playwright
2026-03-10,GIBF1,10.71,10.66,10.89,10.66,20190,21,nepse_playwright
2026-03-10,GSY,9.79,9.6,9.89,9.41,48150,46,nepse_playwright
2026-03-10,H8020,11.8,11.73,11.9,11.73,3400,5,nepse_playwright
2026-03-10,HLICF,9.45,9.36,9.5,9.18,2520,17,nepse_playwright
2026-03-10,KDBY,10.15,10.15,10.35,9.95,55623,67,nepse_playwright
2026-03-10,KEF,9.53,9.18,9.54,9.18,14600,23,nepse_playwright
2026-03-10,KSY,9.46,9.5,9.5,9.31,2500,12,nepse_playwright
2026-03-10,LUK,9.8,9.53,9.8,9.53,4800,10,nepse_playwright
2026-03-10,LVF2,9.82,9.9,9.98,9.8,42820,26,nepse_playwright
2026-03-10,MBLEF,10.43,10.1,10.43,10.1,8900,42,nepse_playwright
2026-03-10,MMF1,9.55,9.61,9.79,9.31,60999,57,nepse_playwright
2026-03-10,MNMF1,9.8,9.62,9.84,9.51,54400,42,nepse_playwright
2026-03-10,NBF2,10.0,10.08,10.08,9.81,49996,13,nepse_playwright
2026-03-10,NBF3,9.75,9.66,9.75,9.31,46520,49,nepse_playwright
2026-03-10,NIBLGF,10.3,10.09,10.3,9.34,13350,32,nepse_playwright
2026-03-10,NIBLSTF,9.36,9.56,9.56,9.12,6600,30,nepse_playwright
2026-03-10,NIBSF2,9.12,9.11,9.2,9.1,25000,23,nepse_playwright
2026-03-10,NICBF,9.06,9.42,9.42,9.06,350,3,nepse_playwright
2026-03-10,NICFC,9.35,9.8,9.8,9.35,3600,15,nepse_playwright
2026-03-10,NICGF2,9.3,9.27,9.3,9.2,3750,16,nepse_playwright
2026-03-10,NICSF,9.49,9.3,9.49,9.3,14150,9,nepse_playwright
2026-03-10,NMB50,10.75,10.65,10.81,10.35,57500,13,nepse_playwright
2026-03-10,NMBHF2,9.82,9.4,9.82,9.37,5250,28,nepse_playwright
2026-03-10,NSIF2,11.03,10.83,11.03,10.62,325759,36,nepse_playwright
2026-03-10,PRSF,11.32,11.19,11.41,11.19,26800,11,nepse_playwright
2026-03-10,PSF,11.39,11.04,11.56,11.04,73500,27,nepse_playwright
2026-03-10,RBBF40,9.28,9.27,9.45,9.27,13900,21,nepse_playwright
2026-03-10,RMF1,9.65,9.77,9.93,9.41,47110,33,nepse_playwright
2026-03-10,RMF2,10.03,10.03,10.03,10.03,7400,10,nepse_playwright
2026-03-10,RSY,10.2,10.0,10.23,9.9,35040,57,nepse_playwright
2026-03-10,SAGF,10.05,10.09,10.24,10.03,6038,28,nepse_playwright
2026-03-10,SBCF,9.9,9.65,9.9,9.65,24470,19,nepse_playwright
2026-03-10,SEF,9.9,9.89,9.94,9.6,45950,18,nepse_playwright
2026-03-10,SFEF,10.1,10.12,10.12,10.1,292200,17,nepse_playwright
2026-03-10,SFMF,10.26,10.1,10.26,10.1,7924,10,nepse_playwright
2026-03-10,SIGS2,9.7,9.69,9.85,9.5,21295,14,nepse_playwright
2026-03-10,SIGS3,10.2,10.25,10.25,10.15,1700,12,nepse_playwright
2026-03-10,SLCF,9.6,9.5,9.6,9.5,3200,12,nepse_playwright
2026-03-11,C30MF,10.16,9.95,10.16,9.95,132600,21,nepse_playwright
2026-03-11,CMF2,10.45,10.3,10.45,10.2,14800,12,nepse_playwright
2026-03-11,GBIMESY2,9.52,9.19,9.55,9.19,2100,8,nepse_playwright
2026-03-11,GIBF1,10.77,10.67,10.94,10.67,12200,17,nepse_playwright
2026-03-11,GSY,9.65,9.6,9.65,9.45,22900,32,nepse_playwright
2026-03-11,H8020,11.81,11.75,11.95,11.75,22750,16,nepse_playwright
2026-03-11,HLICF,9.5,9.45,9.5,9.45,13800,9,nepse_playwright
2026-03-11,KDBY,10.2,10.1,10.35,10.1,155840,54,nepse_playwright
2026-03-11,KEF,9.55,9.35,9.72,9.35,21710,23,nepse_playwright
2026-03-11,KSY,9.95,9.46,9.95,9.32,53370,23,nepse_playwright
2026-03-11,LUK,9.99,9.8,9.99,9.8,6450,8,nepse_playwright
2026-03-11,LVF2,9.93,10.01,10.01,9.82,7460,13,nepse_playwright
2026-03-11,MBLEF,10.5,10.3,10.5,10.1,1067820,36,nepse_playwright
2026-03-11,MMF1,9.6,9.74,9.74,9.42,9078,42,nepse_playwright
2026-03-11,MNMF1,9.85,9.61,9.89,9.61,30590,36,nepse_playwright
2026-03-11,NBF2,9.9,9.87,9.9,9.87,4900,6,nepse_playwright
2026-03-11,NBF3,9.7,9.65,9.83,9.62,37950,31,nepse_playwright
2026-03-11,NIBLGF,9.9,10.1,10.92,9.71,45285,27,nepse_playwright
2026-03-11,NIBLSTF,9.47,9.54,9.54,9.2,16720,20,nepse_playwright
2026-03-11,NIBSF2,9.5,9.12,9.82,9.02,184258,33,nepse_playwright
2026-03-11,NICBF,9.34,9.15,9.34,9.13,7900,5,nepse_playwright
2026-03-11,NICFC,9.42,9.19,9.44,9.19,3400,17,nepse_playwright
2026-03-11,NICGF2,9.39,9.22,9.51,9.22,16900,28,nepse_playwright
2026-03-11,NICSF,9.5,9.31,9.5,9.31,233750,26,nepse_playwright
2026-03-11,NMB50,10.36,10.6,10.6,10.34,21835,5,nepse_playwright
2026-03-11,NMBHF2,9.56,9.63,9.82,9.46,2860,19,nepse_playwright
2026-03-11,NSIF2,10.85,10.81,11.02,10.81,235612,19,nepse_playwright
2026-03-11,PRSF,11.51,11.5,11.73,11.3,76770,19,nepse_playwright
2026-03-11,PSF,11.51,11.5,11.62,11.39,161267,30,nepse_playwright
2026-03-11,RBBF40,9.55,9.12,9.66,9.12,5400,16,nepse_playwright
2026-03-11,RMF1,9.8,9.84,9.84,9.49,81300,30,nepse_playwright
2026-03-11,RMF2,10.02,10.0,10.02,10.0,900,5,nepse_playwright
2026-03-11,RSY,10.08,10.0,10.17,10.0,121300,26,nepse_playwright
2026-03-11,SAGF,10.06,9.85,10.25,9.85,4450,17,nepse_playwright
2026-03-11,SBCF,9.61,9.71,9.71,9.52,9300,14,nepse_playwright
2026-03-11,SEF,9.56,9.9,9.99,9.56,68145,50,nepse_playwright
2026-03-11,SFEF,10.1,10.1,10.1,10.1,8200,10,nepse_playwright
2026-03-11,SFMF,10.5,10.4,10.5,10.29,15100,7,nepse_playwright
2026-03-11,SIGS2,10.18,9.89,10.18,9.89,1600,3,nepse_playwright
2026-03-11,SIGS3,10.4,10.12,10.4,10.12,10300,13,nepse_playwright
2026-03-11,SLCF,9.6,9.42,9.65,9.42,7900,13,nepse_playwright
2026-03-12,C30MF,10.2,10.0,10.2,10.0,27000,9,nepse_playwright
2026-03-12,CMF2,10.25,10.4,10.4,10.2,10591,9,nepse_playwright
2026-03-12,GBIMESY2,9.36,9.33,9.37,9.33,1050,6,nepse_playwright
2026-03-12,GIBF1,11.0,10.74,11.17,10.74,30700,24,nepse_playwright
2026-03-12,GSY,9.85,9.5,9.85,9.5,33325,56,nepse_playwright
2026-03-12,H8020,11.81,12.04,12.04,11.73,1288,9,nepse_playwright
2026-03-12,HLICF,9.54,9.5,9.54,9.35,1200,12,nepse_playwright
2026-03-12,KDBY,10.19,10.17,10.3,10.17,11280,51,nepse_playwright
2026-03-12,KEF,9.6,9.74,9.74,9.36,5450,17,nepse_playwright
2026-03-12,KSY,9.58,9.8,9.8,9.5,1710,11,nepse_playwright
2026-03-12,LUK,10.0,9.9,10.18,9.9,3600,11,nepse_playwright
2026-03-12,LVF2,9.98,9.75,9.98,9.75,700,6,nepse_playwright
2026-03-12,MBLEF,10.69,10.29,10.69,10.13,12800,31,nepse_playwright
2026-03-12,MMF1,9.5,9.77,9.85,9.26,318307,63,nepse_playwright
2026-03-12,MNMF1,10.0,10.0,10.0,9.52,9360,36,nepse_playwright
2026-03-12,NBF2,9.87,9.81,10.0,9.81,42180,12,nepse_playwright
2026-03-12,NBF3,9.8,9.87,9.87,9.51,57336,45,nepse_playwright
2026-03-12,NIBLGF,9.55,9.9,9.9,9.52,8110,20,nepse_playwright
2026-03-12,NIBLSTF,9.6,9.65,9.79,9.35,213600,49,nepse_playwright
2026-03-12,NIBSF2,9.36,9.35,9.5,9.35,15431,14,nepse_playwright
2026-03-12,NICBF,9.71,9.5,9.85,9.5,9100,8,nepse_playwright
2026-03-12,NICFC,9.5,9.6,9.6,9.24,5700,24,nepse_playwright
2026-03-12,NICGF2,9.44,9.25,9.44,9.25,4310,19,nepse_playwright
2026-03-12,NICSF,9.54,9.36,9.54,9.35,24900,15,nepse_playwright
2026-03-12,NMB50,10.34,10.2,10.55,10.2,8915,7,nepse_playwright
2026-03-12,NMBHF2,9.61,9.43,9.76,9.43,7500,40,nepse_playwright
2026-03-12,NSIF2,10.84,10.67,11.06,10.67,173700,25,nepse_playwright
2026-03-12,PRSF,11.51,11.3,11.74,11.3,27175,11,nepse_playwright
2026-03-12,PSF,11.6,11.33,11.6,11.33,52230,27,nepse_playwright
2026-03-12,RBBF40,9.52,9.36,9.59,9.36,14700,17,nepse_playwright
2026-03-12,RMF1,9.74,9.99,9.99,9.61,43400,21,nepse_playwright
2026-03-12,RMF2,10.01,10.01,10.01,10.01,400,3,nepse_playwright
2026-03-12,RSY,10.19,10.08,10.2,10.0,20740,32,nepse_playwright
2026-03-12,SAGF,10.2,10.0,10.2,9.92,2950,18,nepse_playwright
2026-03-12,SBCF,9.89,9.43,9.89,9.43,43600,21,nepse_playwright
2026-03-12,SEF,10.09,9.4,10.18,8.66,202657,50,nepse_playwright
2026-03-12,SFEF,10.3,10.1,10.3,10.1,366404,44,nepse_playwright
2026-03-12,SFMF,10.5,10.71,10.71,10.5,10600,3,nepse_playwright
2026-03-12,SIGS2,10.38,10.2,10.38,10.2,20000,4,nepse_playwright
2026-03-12,SIGS3,10.33,10.2,10.33,10.2,600,6,nepse_playwright
2026-03-12,SLCF,9.64,9.6,9.78,9.5,69950,24,nepse_playwright
2026-03-15,C30MF,10.15,10.1,10.2,10.1,28500,12,nepse_playwright
2026-03-15,CMF2,10.4,10.25,10.4,10.2,15547,13,nepse_playwright
2026-03-15,GBIMESY2,9.51,9.21,9.65,9.21,9233,22,nepse_playwright
2026-03-15,GIBF1,10.9,10.8,10.9,10.8,3400,12,nepse_playwright
2026-03-15,GSY,9.95,9.66,9.95,9.66,53720,57,nepse_playwright
2026-03-15,H8020,11.81,11.75,11.92,11.75,12660,19,nepse_playwright
2026-03-15,HLICF,9.38,9.35,9.5,9.31,8190,18,nepse_playwright
2026-03-15,KDBY,10.45,10.03,10.45,10.03,140473,89,nepse_playwright
2026-03-15,KEF,9.57,9.55,9.7,9.51,20350,31,nepse_playwright
2026-03-15,KSY,9.8,9.77,9.95,9.6,14730,22,nepse_playwright
2026-03-15,LUK,9.91,9.9,9.91,9.86,3670,5,nepse_playwright
2026-03-15,LVF2,9.84,9.79,9.84,9.72,3000,11,nepse_playwright
2026-03-15,MBLEF,10.4,10.59,10.65,10.11,95150,41,nepse_playwright
2026-03-15,MMF1,9.36,9.35,9.5,9.3,29944,54,nepse_playwright
2026-03-15,MNMF1,9.72,9.81,9.81,9.43,15900,35,nepse_playwright
2026-03-15,NBF2,9.9,10.0,10.0,9.89,71200,7,nepse_playwright
2026-03-15,NBF3,9.68,9.8,9.8,9.62,16270,20,nepse_playwright
2026-03-15,NIBLGF,9.39,9.37,9.55,9.37,16708,14,nepse_playwright
2026-03-15,NIBLSTF,9.32,9.5,9.87,9.29,15010,28,nepse_playwright
2026-03-15,NIBSF2,9.32,9.19,9.4,9.19,15335,22,nepse_playwright
2026-03-15,NICBF,9.71,9.68,9.71,9.53,34420,10,nepse_playwright
2026-03-15,NICFC,9.5,9.69,9.69,9.3,46860,47,nepse_playwright
2026-03-15,NICGF2,9.5,9.31,9.53,9.31,35500,23,nepse_playwright
2026-03-15,NICSF,9.52,9.35,9.6,9.35,25768,26,nepse_playwright
2026-03-15,NMB50,10.34,10.54,10.54,10.34,39600,10,nepse_playwright
2026-03-15,NMBHF2,9.84,9.44,9.84,9.44,11761,38,nepse_playwright
2026-03-15,NSIF2,10.88,10.73,11.16,10.73,86821,21,nepse_playwright
2026-03-15,PRSF,11.74,11.28,11.74,11.28,22900,26,nepse_playwright
2026-03-15,PSF,11.74,11.4,11.74,11.4,53000,40,nepse_playwright
2026-03-15,RBBF40,9.83,9.71,9.85,9.65,14250,23,nepse_playwright
2026-03-15,RMF1,9.68,9.93,9.93,9.55,36800,39,nepse_playwright
2026-03-15,RMF2,10.06,10.01,10.23,10.01,3200,10,nepse_playwright
2026-03-15,RSY,10.25,10.14,10.4,10.14,138400,78,nepse_playwright
2026-03-15,SAGF,10.0,10.0,10.1,10.0,38900,12,nepse_playwright
2026-03-15,SBCF,9.7,9.71,9.8,9.7,24277,16,nepse_playwright
2026-03-15,SEF,10.49,9.9,10.49,9.83,88053,29,nepse_playwright
2026-03-15,SFEF,10.1,10.3,10.43,10.1,143517,32,nepse_playwright
2026-03-15,SFMF,10.71,10.6,10.71,10.6,2200,4,nepse_playwright
2026-03-15,SIGS2,10.0,10.2,10.25,10.0,18300,12,nepse_playwright
2026-03-15,SIGS3,10.32,10.31,10.35,10.31,4300,8,nepse_playwright
2026-03-15,SLCF,9.72,9.65,9.8,9.63,25000,16,nepse_playwright
2026-03-16,C30MF,10.05,10.2,10.34,10.05,6500,9,nepse_playwright
2026-03-16,CMF2,10.02,10.2,10.2,10.01,10200,3,nepse_playwright
2026-03-16,GBIMESY2,9.7,9.51,9.7,9.33,8350,14,nepse_playwright
2026-03-16,GIBF1,10.9,10.73,11.0,10.73,6820,24,nepse_playwright
2026-03-16,GSY,9.8,9.76,9.97,9.47,6710,35,nepse_playwright
2026-03-16,H8020,11.62,11.76,11.92,11.62,17100,18,nepse_playwright
2026-03-16,HLICF,9.25,9.2,9.25,9.2,700,7,nepse_playwright
2026-03-16,KDBY,10.3,10.25,10.39,10.1,10799,37,nepse_playwright
2026-03-16,KEF,9.6,9.47,9.75,9.45,29206,36,nepse_playwright
2026-03-16,KSY,9.49,9.61,9.8,9.47,900,7,nepse_playwright
2026-03-16,LUK,9.75,9.72,9.8,9.72,1150,5,nepse_playwright
2026-03-16,LVF2,9.87,9.82,9.88,9.82,1700,13,nepse_playwright
2026-03-16,MBLEF,10.3,10.25,10.3,10.23,104300,26,nepse_playwright
2026-03-16,MMF1,9.53,9.3,9.72,9.21,23369,48,nepse_playwright
2026-03-16,MNMF1,9.66,9.54,9.72,9.54,17700,30,nepse_playwright
2026-03-16,NBF2,9.91,9.8,9.99,9.8,21820,9,nepse_playwright
2026-03-16,NBF3,9.67,9.52,9.75,9.52,45251,29,nepse_playwright
2026-03-16,NIBLGF,9.43,9.44,9.44,9.23,23490,14,nepse_playwright
2026-03-16,NIBLSTF,9.22,9.5,9.5,9.22,3900,11,nepse_playwright
2026-03-16,NIBSF2,9.38,9.5,9.5,9.22,20304,27,nepse_playwright
2026-03-16,NICBF,9.6,9.52,9.6,9.52,200,2,nepse_playwright
2026-03-16,NICFC,9.51,9.32,9.51,9.32,5100,24,nepse_playwright
2026-03-16,NICGF2,9.7,9.4,9.7,9.4,23850,27,nepse_playwright
2026-03-16,NICSF,9.5,9.71,9.71,9.35,8860,16,nepse_playwright
2026-03-16,NMB50,10.31,10.17,10.37,10.17,1820,5,nepse_playwright
2026-03-16,NMBHF2,9.7,9.84,10.03,9.65,5803,25,nepse_playwright
2026-03-16,NSIF2,10.85,10.79,10.9,10.79,7550,16,nepse_playwright
2026-03-16,PRSF,11.78,11.51,11.97,11.51,12200,12,nepse_playwright
2026-03-16,PSF,11.54,11.52,11.75,11.52,155612,26,nepse_playwright
2026-03-16,RBBF40,9.89,10.0,10.0,9.61,2800,13,nepse_playwright
2026-03-16,RMF1,9.8,9.85,9.85,9.61,17300,25,nepse_playwright
2026-03-16,RMF2,10.06,10.07,10.25,10.06,11465,12,nepse_playwright
2026-03-16,RSY,10.11,10.05,10.25,10.05,36200,23,nepse_playwright
2026-03-16,SAGF,10.02,10.0,10.19,10.0,8622,9,nepse_playwright
2026-03-16,SBCF,9.6,9.55,9.7,9.55,6554,14,nepse_playwright
2026-03-16,SEF,10.03,10.58,11.53,10.03,352115,48,nepse_playwright
2026-03-16,SFEF,10.02,9.9,10.02,9.9,500,4,nepse_playwright
2026-03-16,SFMF,10.71,10.71,10.71,10.71,0,0,nepse_playwright
2026-03-16,SIGS2,9.98,10.0,10.0,9.81,3100,6,nepse_playwright
2026-03-16,SIGS3,10.31,10.31,10.32,10.31,2100,11,nepse_playwright
2026-03-16,SLCF,9.8,9.62,9.8,9.62,18299,19,nepse_playwright
2026-03-17,C30MF,10.13,10.05,10.13,10.05,4500,9,nepse_playwright
2026-03-17,CMF2,10.22,10.07,10.22,10.07,35225,4,nepse_playwright
2026-03-17,GBIMESY2,9.35,9.6,9.6,9.14,1500,12,nepse_playwright
2026-03-17,GIBF1,11.1,11.1,11.1,10.88,51660,21,nepse_playwright
2026-03-17,GSY,9.9,9.7,9.99,9.7,76238,47,nepse_playwright
2026-03-17,H8020,11.55,11.55,11.77,11.55,34925,16,nepse_playwright
2026-03-17,HLICF,9.48,9.2,9.48,9.2,2300,14,nepse_playwright
2026-03-17,KDBY,10.25,10.26,10.43,10.23,26700,42,nepse_playwright
2026-03-17,KEF,9.6,9.46,9.64,9.46,4604,21,nepse_playwright
2026-03-17,KSY,9.67,9.45,9.67,9.45,22660,7,nepse_playwright
2026-03-17,LUK,9.94,9.94,9.94,9.9,6871,6,nepse_playwright
2026-03-17,LVF2,9.95,9.98,9.98,9.87,13100,13,nepse_playwright
2026-03-17,MBLEF,10.3,10.17,10.39,10.17,59280,24,nepse_playwright
2026-03-17,MMF1,9.45,9.72,9.72,9.25,11219,33,nepse_playwright
2026-03-17,MNMF1,9.7,9.85,9.85,9.54,21400,30,nepse_playwright
2026-03-17,NBF2,9.97,9.98,9.98,9.94,1650,6,nepse_playwright
2026-03-17,NBF3,9.71,9.86,10.04,9.69,53120,40,nepse_playwright
2026-03-17,NIBLGF,9.46,9.43,9.46,9.25,19290,10,nepse_playwright
2026-03-17,NIBLSTF,9.35,9.4,9.4,9.25,13450,15,nepse_playwright
2026-03-17,NIBSF2,9.37,9.56,9.56,9.3,15281,20,nepse_playwright
2026-03-17,NICBF,9.98,9.41,9.98,8.7,20200,15,nepse_playwright
2026-03-17,NICFC,9.4,9.35,9.5,9.35,2400,22,nepse_playwright
2026-03-17,NICGF2,9.24,9.51,9.51,9.24,550,3,nepse_playwright
2026-03-17,NICSF,9.32,9.69,9.69,9.31,14500,22,nepse_playwright
2026-03-17,NMB50,10.33,10.33,10.33,10.33,6100,3,nepse_playwright
2026-03-17,NMBHF2,9.8,9.64,9.83,9.64,20100,27,nepse_playwright
2026-03-17,NSIF2,10.88,10.85,11.0,10.81,115700,19,nepse_playwright
2026-03-17,PRSF,11.55,11.55,11.78,11.55,300,3,nepse_playwright
2026-03-17,PSF,11.6,11.44,11.6,11.42,28600,23,nepse_playwright
2026-03-17,RBBF40,9.66,10.08,10.08,9.66,700,7,nepse_playwright
2026-03-17,RMF1,9.8,9.99,9.99,9.5,78500,24,nepse_playwright
2026-03-17,RMF2,10.25,10.08,10.25,10.08,3300,6,nepse_playwright
2026-03-17,RSY,10.45,10.1,10.45,10.02,112050,50,nepse_playwright
2026-03-17,SAGF,10.02,10.03,10.03,10.02,3400,7,nepse_playwright
2026-03-17,SEF,10.14,10.05,10.14,9.98,53930,11,nepse_playwright
2026-03-17,SFEF,10.42,10.22,10.42,10.02,38500,23,nepse_playwright
2026-03-17,SFMF,10.4,10.6,10.6,10.4,300,3,nepse_playwright
2026-03-17,SIGS2,9.8,9.96,9.96,9.8,30000,7,nepse_playwright
2026-03-17,SIGS3,10.32,10.31,10.35,10.31,13400,14,nepse_playwright
2026-03-17,SLCF,9.9,9.8,9.9,9.8,19093,14,nepse_playwright
2026-03-17,SBCF,9.64,9.5,9.78,9.45,5950,10,nepse_playwright
2026-03-19,C30MF,10.12,9.99,10.33,9.99,11500,11,nepse_playwright
2026-03-19,CMF2,10.22,10.03,10.22,10.03,7150,12,nepse_playwright
2026-03-19,GBIMESY2,9.4,9.3,9.42,9.3,7000,20,nepse_playwright
2026-03-19,GIBF1,11.02,10.9,11.1,10.9,3800,20,nepse_playwright
2026-03-19,GSY,9.9,9.8,9.99,9.79,91566,58,nepse_playwright
2026-03-19,H8020,11.68,11.61,11.78,11.44,12910,20,nepse_playwright
2026-03-19,HLICF,9.34,9.32,9.51,9.32,1700,13,nepse_playwright
2026-03-19,KDBY,10.36,10.22,10.5,10.22,159056,72,nepse_playwright
2026-03-19,KEF,9.89,9.41,9.89,9.41,165583,56,nepse_playwright
2026-03-19,KSY,9.81,9.5,10.0,9.5,13843,18,nepse_playwright
2026-03-19,LUK,10.0,9.84,10.0,9.84,1100,5,nepse_playwright
2026-03-19,LVF2,10.01,9.87,10.01,9.82,12200,25,nepse_playwright
2026-03-19,MBLEF,10.32,10.25,10.4,10.25,5000,35,nepse_playwright
2026-03-19,MMF1,9.43,9.45,9.63,9.32,85978,64,nepse_playwright
2026-03-19,MNMF1,9.74,9.89,9.93,9.61,39790,43,nepse_playwright
2026-03-19,NBF2,10.02,9.95,10.16,9.95,545450,25,nepse_playwright
2026-03-19,NBF3,9.85,9.6,10.0,9.6,164505,51,nepse_playwright
2026-03-19,NIBLGF,9.36,9.29,9.54,9.29,27590,15,nepse_playwright
2026-03-19,NIBLSTF,9.49,9.3,9.55,9.21,17620,29,nepse_playwright
2026-03-19,NIBSF2,9.48,9.54,9.54,9.3,13550,27,nepse_playwright
2026-03-19,NICBF,10.16,9.79,10.16,9.79,3400,6,nepse_playwright
2026-03-19,NICFC,9.43,9.35,9.69,9.35,10747,41,nepse_playwright
2026-03-19,NICGF2,9.63,9.26,9.63,9.26,54700,29,nepse_playwright
2026-03-19,NICSF,9.6,9.49,9.6,9.35,21230,31,nepse_playwright
2026-03-19,NMB50,10.38,10.14,10.54,10.14,2150,9,nepse_playwright
2026-03-19,NMBHF2,9.74,9.65,9.89,9.65,62120,41,nepse_playwright
2026-03-19,NSIF2,11.0,10.82,11.09,10.82,105669,24,nepse_playwright
2026-03-19,PRSF,11.57,11.78,11.78,11.32,8100,13,nepse_playwright
2026-03-19,PSF,11.57,11.38,11.65,11.38,22000,32,nepse_playwright
2026-03-19,RBBF40,9.6,9.47,9.83,9.3,5200,22,nepse_playwright
2026-03-19,RMF1,9.82,9.99,10.0,9.58,225172,45,nepse_playwright
2026-03-19,RMF2,10.13,10.1,10.13,10.1,12200,13,nepse_playwright
2026-03-19,RSY,10.45,10.6,10.6,10.45,235610,47,nepse_playwright
2026-03-19,SAGF,10.02,9.9,10.2,9.9,6050,17,nepse_playwright
2026-03-19,SBCF,9.66,9.47,9.83,9.47,27550,23,nepse_playwright
2026-03-19,SEF,10.1,10.33,10.33,10.0,7600,11,nepse_playwright
2026-03-19,SFEF,10.48,10.6,10.65,10.24,496596,27,nepse_playwright
2026-03-19,SFMF,10.6,10.4,10.6,10.3,13299,7,nepse_playwright
2026-03-19,SIGS2,10.01,9.99,10.01,9.81,52625,9,nepse_playwright
2026-03-19,SIGS3,10.29,10.31,10.52,10.13,5600,19,nepse_playwright
2026-03-19,SLCF,9.89,9.73,10.09,9.73,65889,39,nepse_playwright
2026-03-22,C30MF,10.21,10.05,10.3,10.05,23500,19,nepse_playwright
2026-03-22,CMF2,10.31,10.1,10.42,10.1,12414,11,nepse_playwright
2026-03-22,GBIMESY2,9.6,9.58,9.89,9.39,4270,26,nepse_playwright
2026-03-22,GIBF1,11.35,11.0,11.35,11.0,353350,49,nepse_playwright
2026-03-22,GSY,9.9,9.71,9.9,9.71,19126,63,nepse_playwright
2026-03-22,H8020,11.9,11.45,11.91,11.45,31480,21,nepse_playwright
2026-03-22,HLICF,9.45,9.28,9.64,9.28,3420,24,nepse_playwright
2026-03-22,KDBY,10.68,10.3,10.68,10.25,80050,93,nepse_playwright
2026-03-22,KEF,9.89,9.9,9.9,9.7,133977,50,nepse_playwright
2026-03-22,KSY,9.9,9.62,10.0,9.62,14100,21,nepse_playwright
2026-03-22,LUK,10.0,9.81,10.0,9.81,4450,8,nepse_playwright
2026-03-22,LVF2,9.9,10.0,10.05,9.87,18205,30,nepse_playwright
2026-03-22,MBLEF,10.41,10.33,10.53,10.33,26750,48,nepse_playwright
2026-03-22,MMF1,9.88,9.5,9.88,9.5,241871,139,nepse_playwright
2026-03-22,MNMF1,9.84,9.57,10.0,9.57,69220,68,nepse_playwright
2026-03-22,NBF2,10.08,10.0,10.18,10.0,39800,17,nepse_playwright
2026-03-22,NBF3,9.87,9.85,9.95,9.75,92012,60,nepse_playwright
2026-03-22,NIBLGF,9.46,9.3,9.69,8.65,265400,50,nepse_playwright
2026-03-22,NIBLSTF,9.6,9.4,9.66,9.4,45400,30,nepse_playwright
2026-03-22,NIBSF2,9.74,9.48,9.74,9.45,135248,35,nepse_playwright
2026-03-22,NICBF,9.58,10.16,11.17,9.58,20900,15,nepse_playwright
2026-03-22,NICFC,9.63,9.31,9.7,9.31,23970,40,nepse_playwright
2026-03-22,NICGF2,9.64,9.5,9.82,9.5,43850,29,nepse_playwright
2026-03-22,NICSF,9.6,9.45,9.72,9.45,43963,32,nepse_playwright
2026-03-22,NMB50,10.59,10.5,10.62,10.4,70100,25,nepse_playwright
2026-03-22,NMBHF2,9.91,9.7,9.93,9.7,910717,55,nepse_playwright
2026-03-22,NSIF2,10.95,10.8,11.1,10.8,5511,11,nepse_playwright
2026-03-22,PRSF,11.72,11.57,11.89,11.57,146800,20,nepse_playwright
2026-03-22,PSF,12.0,11.55,12.01,11.55,346550,58,nepse_playwright
2026-03-22,RBBF40,9.82,9.41,10.0,9.41,7750,25,nepse_playwright
2026-03-22,RMF1,10.01,9.63,10.01,9.63,63872,26,nepse_playwright
2026-03-22,RMF2,10.35,10.12,10.35,10.12,6070,11,nepse_playwright
2026-03-22,RSY,10.55,10.3,10.55,10.25,97308,81,nepse_playwright
2026-03-22,SAGF,10.22,10.2,10.22,10.0,69320,31,nepse_playwright
2026-03-22,SBCF,9.72,9.85,9.97,9.69,88510,31,nepse_playwright
2026-03-22,SEF,10.16,10.3,10.3,10.1,145170,31,nepse_playwright
2026-03-22,SFEF,10.31,10.28,10.31,10.28,850,8,nepse_playwright
2026-03-22,SFMF,10.79,10.8,10.8,10.79,2200,2,nepse_playwright
2026-03-22,SIGS2,10.58,9.85,10.58,9.85,63292,11,nepse_playwright
2026-03-22,SIGS3,10.3,10.27,10.49,10.27,4800,21,nepse_playwright
2026-03-22,SLCF,9.93,9.7,10.0,9.7,14560,25,nepse_playwright
2026-03-23,C30MF,10.2,10.21,10.35,10.15,502400,18,nepse_playwright
2026-03-23,CMF2,10.46,10.18,10.46,10.18,2598,10,nepse_playwright
2026-03-23,GBIMESY2,9.59,9.42,9.98,9.42,6010,14,nepse_playwright
2026-03-23,GIBF1,11.24,11.13,11.57,11.13,35700,20,nepse_playwright
2026-03-23,GSY,10.0,10.08,10.08,9.72,30810,77,nepse_playwright
2026-03-23,H8020,11.69,11.68,11.8,11.67,7600,6,nepse_playwright
2026-03-23,HLICF,9.91,9.35,9.91,9.35,5630,23,nepse_playwright
2026-03-23,KDBY,10.3,10.47,10.68,10.22,206200,40,nepse_playwright
2026-03-23,KEF,10.0,9.71,10.0,9.71,47610,44,nepse_playwright
2026-03-23,KSY,9.75,9.72,9.93,9.72,2524,11,nepse_playwright
2026-03-23,LUK,10.0,10.0,10.1,9.9,3700,12,nepse_playwright
2026-03-23,LVF2,10.0,9.85,10.09,9.85,21501,24,nepse_playwright
2026-03-23,MBLEF,10.3,10.45,10.7,10.3,250411,73,nepse_playwright
2026-03-23,MMF1,9.97,10.07,10.07,9.5,9010,36,nepse_playwright
2026-03-23,MNMF1,9.85,9.68,10.03,9.68,79500,45,nepse_playwright
2026-03-23,NBF2,10.06,10.2,10.6,10.06,34780,26,nepse_playwright
2026-03-23,NBF3,10.05,9.81,10.06,9.81,164900,74,nepse_playwright
2026-03-23,NIBLGF,9.56,9.3,9.85,9.3,60200,20,nepse_playwright
2026-03-23,NIBLSTF,9.55,9.41,9.55,8.87,81830,33,nepse_playwright
2026-03-23,NIBSF2,9.65,9.74,9.8,9.6,69830,39,nepse_playwright
2026-03-23,NICBF,9.97,9.4,9.98,9.03,99965,19,nepse_playwright
2026-03-23,NICFC,9.63,9.46,9.7,9.46,4400,23,nepse_playwright
2026-03-23,NICGF2,9.71,9.48,9.71,9.48,2975,15,nepse_playwright
2026-03-23,NICSF,9.7,9.41,9.7,9.32,28510,30,nepse_playwright
2026-03-23,NMB50,10.7,10.5,10.7,10.5,5763,5,nepse_playwright
2026-03-23,NMBHF2,10.1,9.73,10.2,9.73,64980,44,nepse_playwright
2026-03-23,NSIF2,10.92,10.85,11.13,10.85,1000,9,nepse_playwright
2026-03-23,PRSF,11.98,11.6,11.98,11.6,17200,17,nepse_playwright
2026-03-23,PSF,12.01,11.8,12.01,11.61,36425,43,nepse_playwright
2026-03-23,RBBF40,9.95,9.63,9.95,9.44,8400,31,nepse_playwright
2026-03-23,RMF1,9.84,9.85,10.0,9.82,59286,21,nepse_playwright
2026-03-23,RMF2,10.23,10.17,10.37,10.17,1900,11,nepse_playwright
2026-03-23,RSY,10.45,10.34,10.6,10.34,17340,42,nepse_playwright
2026-03-23,SAGF,10.35,10.11,10.42,10.11,65250,21,nepse_playwright
2026-03-23,SBCF,10.0,9.91,10.0,9.04,127650,49,nepse_playwright
2026-03-23,SEF,10.21,10.1,10.26,10.1,188998,15,nepse_playwright
2026-03-23,SFEF,10.31,10.12,10.32,10.12,119900,20,nepse_playwright
2026-03-23,SFMF,10.39,10.6,10.6,10.39,11350,2,nepse_playwright
2026-03-23,SIGS2,10.61,10.6,10.79,10.6,50198,15,nepse_playwright
2026-03-23,SIGS3,10.68,10.3,10.71,10.3,10615,16,nepse_playwright
2026-03-23,SLCF,10.15,9.76,10.2,9.76,110089,47,nepse_playwright
2026-03-24,C30MF,10.24,10.4,10.4,10.12,12200,9,nepse_playwright
2026-03-24,CMF2,10.31,10.3,10.5,10.3,11436,15,nepse_playwright
2026-03-24,GBIMESY2,9.78,9.41,9.78,9.4,4300,14,nepse_playwright
2026-03-24,GIBF1,11.4,11.05,11.46,11.05,19750,22,nepse_playwright
2026-03-24,GSY,9.96,9.9,10.02,9.82,17890,65,nepse_playwright
2026-03-24,H8020,11.75,11.51,12.0,11.5,20592,21,nepse_playwright
2026-03-24,HLICF,9.72,9.72,9.8,9.72,100800,10,nepse_playwright
2026-03-24,KDBY,10.51,10.27,10.51,10.27,761451,75,nepse_playwright
2026-03-24,KEF,10.02,10.0,10.02,9.81,37401,44,nepse_playwright
2026-03-24,KSY,9.8,9.7,9.8,9.62,2076,10,nepse_playwright
2026-03-24,LUK,10.0,9.83,10.09,9.83,2800,8,nepse_playwright
2026-03-24,LVF2,9.99,9.88,10.0,9.88,4200,13,nepse_playwright
2026-03-24,MBLEF,10.65,10.25,10.75,10.25,16830,41,nepse_playwright
2026-03-24,MMF1,9.88,10.09,10.09,9.6,27758,67,nepse_playwright
2026-03-24,MNMF1,10.0,9.85,10.05,9.72,152400,66,nepse_playwright
2026-03-24,NBF2,10.05,10.06,10.1,10.01,18170,17,nepse_playwright
2026-03-24,NBF3,10.14,10.05,10.14,9.91,81400,66,nepse_playwright
2026-03-24,NIBLGF,9.89,9.74,9.89,8.66,83200,30,nepse_playwright
2026-03-24,NIBLSTF,9.7,9.37,9.82,9.37,30060,34,nepse_playwright
2026-03-24,NIBSF2,9.8,9.46,9.8,9.46,34060,35,nepse_playwright
2026-03-24,NICBF,10.48,9.8,10.48,9.8,5850,9,nepse_playwright
2026-03-24,NICFC,9.69,9.48,9.69,9.48,2340,18,nepse_playwright
2026-03-24,NICGF2,9.66,9.53,9.66,9.53,3400,16,nepse_playwright
2026-03-24,NICSF,9.78,9.7,9.78,9.51,29168,22,nepse_playwright
2026-03-24,NMB50,10.5,10.75,10.75,10.5,48980,18,nepse_playwright
2026-03-24,NMBHF2,10.0,10.0,10.1,9.91,9900,54,nepse_playwright
2026-03-24,NSIF2,11.13,10.84,11.13,10.84,10970,16,nepse_playwright
2026-03-24,PRSF,11.92,11.98,12.2,11.82,50700,14,nepse_playwright
2026-03-24,PSF,11.97,11.77,12.11,11.77,45740,34,nepse_playwright
2026-03-24,RBBF40,10.0,9.76,10.2,9.76,87450,56,nepse_playwright
2026-03-24,RMF1,9.98,9.85,9.99,9.85,49450,28,nepse_playwright
2026-03-24,RMF2,10.34,10.22,10.34,10.11,177700,10,nepse_playwright
2026-03-24,RSY,10.45,10.5,10.7,10.4,19000,37,nepse_playwright
2026-03-24,SAGF,10.25,10.15,10.25,9.95,3400,18,nepse_playwright
2026-03-24,SBCF,10.16,9.81,10.19,9.68,41325,41,nepse_playwright
2026-03-24,SEF,10.29,10.21,10.3,10.15,73600,17,nepse_playwright
2026-03-24,SFEF,10.5,10.3,10.5,10.26,55500,16,nepse_playwright
2026-03-24,SFMF,10.6,10.59,10.7,10.4,12750,12,nepse_playwright
2026-03-24,SIGS2,10.3,10.41,10.41,10.3,8000,5,nepse_playwright
2026-03-24,SIGS3,10.6,10.49,10.69,10.49,5910,11,nepse_playwright
2026-03-24,SLCF,10.01,10.0,10.1,10.0,5800,17,nepse_playwright
2026-03-25,C30MF,10.12,10.08,10.27,10.08,1800,8,nepse_playwright
2026-03-25,CMF2,10.35,10.31,10.4,10.31,22213,14,nepse_playwright
2026-03-25,GBIMESY2,9.83,9.6,9.97,9.43,16040,20,nepse_playwright
2026-03-25,GIBF1,11.28,11.35,11.61,11.21,28770,20,nepse_playwright
2026-03-25,GSY,9.98,9.88,10.09,9.88,101795,87,nepse_playwright
2026-03-25,H8020,12.0,11.57,12.16,11.57,253900,23,nepse_playwright
2026-03-25,HLICF,9.79,9.53,9.79,9.53,53700,27,nepse_playwright
2026-03-25,KDBY,10.52,10.34,10.72,10.34,110115,50,nepse_playwright
2026-03-25,KEF,9.95,9.82,10.03,9.82,51320,40,nepse_playwright
2026-03-25,KSY,9.9,9.7,9.9,9.7,2200,6,nepse_playwright
2026-03-25,LUK,10.0,9.83,10.0,9.83,4400,14,nepse_playwright
2026-03-25,LVF2,9.95,10.0,10.05,9.95,6100,29,nepse_playwright
2026-03-25,MBLEF,10.4,10.45,10.8,10.32,5000,32,nepse_playwright
2026-03-25,MMF1,9.83,10.0,10.0,9.62,37750,53,nepse_playwright
2026-03-25,MNMF1,10.0,10.1,10.15,9.92,276804,113,nepse_playwright
2026-03-25,NBF2,10.05,10.15,10.55,10.05,26020,19,nepse_playwright
2026-03-25,NBF3,10.05,10.0,10.22,10.0,94757,80,nepse_playwright
2026-03-25,NIBLGF,10.0,9.85,10.0,9.66,26500,26,nepse_playwright
2026-03-25,NIBLSTF,9.87,9.52,9.87,9.4,43890,22,nepse_playwright
2026-03-25,NIBSF2,9.8,9.65,9.8,9.65,11967,23,nepse_playwright
2026-03-25,NICBF,10.45,10.28,10.45,9.5,2900,6,nepse_playwright
2026-03-25,NICFC,9.7,9.53,9.7,9.53,4590,19,nepse_playwright
2026-03-25,NICGF2,9.8,9.51,9.8,9.51,166673,21,nepse_playwright
2026-03-25,NICSF,9.52,9.6,9.6,9.32,16494,15,nepse_playwright
2026-03-25,NMB50,10.65,10.31,10.69,10.3,34889,12,nepse_playwright
2026-03-25,NMBHF2,9.92,9.81,10.19,9.81,14795,53,nepse_playwright
2026-03-25,NSIF2,10.98,10.93,11.2,10.93,324691,35,nepse_playwright
2026-03-25,PRSF,12.06,11.75,12.06,11.75,700582,35,nepse_playwright
2026-03-25,PSF,11.86,11.75,11.95,11.75,16250,24,nepse_playwright
2026-03-25,RBBF40,9.65,9.9,10.0,9.56,3920,28,nepse_playwright
2026-03-25,RMF1,10.0,10.17,10.17,9.87,52835,33,nepse_playwright
2026-03-25,RMF2,10.4,10.19,10.52,10.19,6300,5,nepse_playwright
2026-03-25,RSY,10.33,10.35,10.55,10.3,111520,42,nepse_playwright
2026-03-25,SAGF,10.16,10.05,10.16,9.87,1800,11,nepse_playwright
2026-03-25,SBCF,10.15,10.16,10.16,9.85,22550,36,nepse_playwright
2026-03-25,SEF,10.12,10.29,10.3,10.11,13300,13,nepse_playwright
2026-03-25,SFEF,10.36,10.3,10.45,10.3,2350,15,nepse_playwright
2026-03-25,SFMF,10.4,10.39,10.4,10.39,1500,2,nepse_playwright
2026-03-25,SIGS2,10.1,10.23,10.25,10.1,5003,6,nepse_playwright
2026-03-25,SIGS3,10.7,10.5,10.81,10.5,14500,17,nepse_playwright
2026-03-25,SLCF,9.9,9.9,10.15,9.87,22300,25,nepse_playwright
2026-03-26,C30MF,10.25,10.1,10.32,10.1,20000,9,nepse_playwright
2026-03-26,CMF2,10.36,10.3,10.36,10.3,37280,7,nepse_playwright
2026-03-26,GBIMESY2,9.7,9.64,9.7,9.45,1900,15,nepse_playwright
2026-03-26,GIBF1,11.32,11.45,11.67,11.27,208220,25,nepse_playwright
2026-03-26,GSY,10.01,9.95,10.1,9.95,45762,76,nepse_playwright
2026-03-26,H8020,12.0,12.16,12.16,11.92,6600,13,nepse_playwright
2026-03-26,HLICF,9.6,9.6,9.6,9.6,3000,13,nepse_playwright
2026-03-26,KDBY,10.76,10.42,10.76,10.32,366450,78,nepse_playwright
2026-03-26,KEF,10.15,10.0,10.2,10.0,38395,68,nepse_playwright
2026-03-26,KSY,9.77,9.72,9.9,9.56,3700,16,nepse_playwright
2026-03-26,LUK,10.09,9.83,10.09,9.83,2600,11,nepse_playwright
2026-03-26,LVF2,10.0,9.95,10.0,9.95,1150,10,nepse_playwright
2026-03-26,MBLEF,10.6,10.21,10.7,10.21,270050,33,nepse_playwright
2026-03-26,MMF1,9.8,9.64,9.83,9.56,19635,60,nepse_playwright
2026-03-26,MNMF1,10.09,9.81,10.17,9.81,125150,52,nepse_playwright
2026-03-26,NBF2,10.05,10.2,10.25,10.0,7905,11,nepse_playwright
2026-03-26,NBF3,10.1,10.0,10.15,9.9,39995,50,nepse_playwright
2026-03-26,NIBLGF,9.74,10.19,11.0,9.73,67300,19,nepse_playwright
2026-03-26,NIBLSTF,9.7,10.01,10.85,9.42,146973,58,nepse_playwright
2026-03-26,NIBSF2,9.55,9.66,9.8,9.52,16035,23,nepse_playwright
2026-03-26,NICBF,10.55,10.6,11.07,10.55,52700,11,nepse_playwright
2026-03-26,NICFC,9.8,9.54,9.89,9.54,13850,24,nepse_playwright
2026-03-26,NICGF2,9.8,9.61,9.99,9.5,86500,25,nepse_playwright
2026-03-26,NICSF,9.55,9.34,9.58,9.34,19500,26,nepse_playwright
2026-03-26,NMB50,10.7,10.7,10.7,10.49,29380,9,nepse_playwright
2026-03-26,NMBHF2,9.93,9.74,10.11,9.74,7860,40,nepse_playwright
2026-03-26,NSIF2,11.2,11.15,11.3,10.98,37800,20,nepse_playwright
2026-03-26,PRSF,12.1,11.86,12.15,11.86,503700,13,nepse_playwright
2026-03-26,PSF,12.05,11.65,12.05,11.65,31630,38,nepse_playwright
2026-03-26,RBBF40,9.85,9.65,9.85,9.46,3100,14,nepse_playwright
2026-03-26,RMF1,9.9,9.87,11.0,9.87,85551,34,nepse_playwright
2026-03-26,RMF2,10.29,10.22,10.42,10.22,1200,7,nepse_playwright
2026-03-26,RSY,10.25,10.16,10.53,10.16,420700,37,nepse_playwright
2026-03-26,SAGF,10.4,9.96,10.4,9.96,24700,22,nepse_playwright
2026-03-26,SBCF,10.13,9.95,11.16,9.82,65999,44,nepse_playwright
2026-03-26,SEF,10.32,10.15,10.32,10.01,7100,8,nepse_playwright
2026-03-26,SFEF,10.47,10.3,10.49,10.3,9700,17,nepse_playwright
2026-03-26,SFMF,10.3,10.5,10.75,10.2,46468,12,nepse_playwright
2026-03-26,SIGS2,10.18,10.17,10.37,10.17,10100,8,nepse_playwright
2026-03-26,SIGS3,10.55,10.5,10.71,10.5,5900,14,nepse_playwright
2026-03-26,SLCF,9.94,10.09,10.09,9.93,15300,20,nepse_playwright
2026-03-29,C30MF,10.3,10.45,10.45,10.05,22014,15,nepse_playwright
2026-03-29,CMF2,10.37,10.38,10.38,10.37,66000,9,nepse_playwright
2026-03-29,GBIMESY2,9.7,9.52,9.7,9.4,6400,14,nepse_playwright
2026-03-29,GIBF1,11.3,11.54,11.54,11.2,5590,30,nepse_playwright
2026-03-29,GSY,10.05,9.95,10.05,9.95,13830,65,nepse_playwright
2026-03-29,H8020,11.9,12.12,12.12,11.78,16100,12,nepse_playwright
2026-03-29,HLICF,9.61,9.41,9.61,9.41,1400,10,nepse_playwright
2026-03-29,KDBY,10.6,10.57,10.75,10.57,121754,41,nepse_playwright
2026-03-29,KEF,10.0,9.98,10.1,9.97,27708,37,nepse_playwright
2026-03-29,KSY,9.85,9.65,9.85,9.65,79492,17,nepse_playwright
2026-03-29,LUK,10.1,10.29,10.29,10.09,12200,19,nepse_playwright
2026-03-29,LVF2,9.9,9.99,10.0,9.83,2200,13,nepse_playwright
2026-03-29,MBLEF,10.31,10.39,10.51,10.21,3450,32,nepse_playwright
2026-03-29,MMF1,9.8,9.99,9.99,9.45,9211,51,nepse_playwright
2026-03-29,MNMF1,10.1,10.07,10.2,10.0,128000,68,nepse_playwright
2026-03-29,NBF2,10.06,10.05,10.24,9.93,24237,14,nepse_playwright
2026-03-29,NBF3,9.99,9.93,10.0,9.85,104200,44,nepse_playwright
2026-03-29,NIBLGF,10.32,9.56,10.32,9.56,23500,29,nepse_playwright
2026-03-29,NIBLSTF,9.6,9.7,9.88,9.42,43450,37,nepse_playwright
2026-03-29,NIBSF2,9.55,9.37,9.55,9.37,6150,11,nepse_playwright
2026-03-29,NICBF,10.19,10.34,10.34,10.1,13800,9,nepse_playwright
2026-03-29,NICFC,9.66,9.61,9.79,9.61,19430,22,nepse_playwright
2026-03-29,NICGF2,9.78,9.75,9.78,9.75,1850,16,nepse_playwright
2026-03-29,NICSF,9.5,9.4,9.54,9.37,11853,16,nepse_playwright
2026-03-29,NMB50,10.7,10.5,10.7,10.49,14200,7,nepse_playwright
2026-03-29,NMBHF2,9.75,9.91,10.02,9.6,14470,33,nepse_playwright
2026-03-29,NSIF2,11.01,11.2,11.22,10.99,157650,23,nepse_playwright
2026-03-29,PRSF,12.04,11.99,12.1,11.99,3350,14,nepse_playwright
2026-03-29,PSF,11.91,11.86,12.1,11.86,2490,9,nepse_playwright
2026-03-29,RBBF40,9.68,9.67,9.86,9.67,2400,24,nepse_playwright
2026-03-29,RMF1,9.87,9.9,10.04,9.87,13400,16,nepse_playwright
2026-03-29,RMF2,10.4,10.45,10.45,10.25,65300,9,nepse_playwright
2026-03-29,RSY,10.5,10.05,10.5,10.05,204925,64,nepse_playwright
2026-03-29,SAGF,10.2,10.2,10.3,10.2,1100,11,nepse_playwright
2026-03-29,SBCF,9.85,10.0,10.0,9.82,4650,16,nepse_playwright
2026-03-29,SEF,10.1,10.13,10.16,10.1,17125,12,nepse_playwright
2026-03-29,SFEF,10.6,10.4,10.6,10.4,8900,14,nepse_playwright
2026-03-29,SFMF,10.53,10.31,10.53,10.31,9704,7,nepse_playwright
2026-03-29,SIGS2,10.02,9.98,10.02,9.98,500,3,nepse_playwright
2026-03-29,SIGS3,10.6,10.51,10.6,10.51,13200,15,nepse_playwright
2026-03-29,SLCF,10.0,9.91,10.0,9.91,15950,17,nepse_playwright
2026-03-30,C30MF,10.1,10.1,10.3,10.05,77660,15,nepse_playwright
2026-03-30,CMF2,10.3,10.49,10.49,10.26,28140,10,nepse_playwright
2026-03-30,GBIMESY2,9.8,9.71,9.86,9.52,9330,14,nepse_playwright
2026-03-30,GIBF1,11.15,11.1,11.3,11.1,57400,20,nepse_playwright
2026-03-30,GSY,10.0,9.86,10.0,9.86,6950,43,nepse_playwright
2026-03-30,H8020,11.8,11.78,12.0,11.78,26100,22,nepse_playwright
2026-03-30,HLICF,9.44,9.42,9.44,9.42,1800,9,nepse_playwright
2026-03-30,KDBY,10.5,10.57,10.6,10.41,20300,33,nepse_playwright
2026-03-30,KEF,9.95,9.82,10.0,9.82,23000,29,nepse_playwright
2026-03-30,KSY,9.75,9.67,10.04,9.67,1250,10,nepse_playwright
2026-03-30,LUK,10.0,10.3,10.3,10.0,9600,10,nepse_playwright
2026-03-30,LVF2,9.85,9.71,9.85,9.71,1000,9,nepse_playwright
2026-03-30,MBLEF,10.33,10.51,10.51,10.32,7610,37,nepse_playwright
2026-03-30,MMF1,9.8,9.8,9.8,9.46,14940,58,nepse_playwright
2026-03-30,MNMF1,9.96,10.27,10.27,9.8,19704,29,nepse_playwright
2026-03-30,NBF2,10.05,9.95,10.14,9.95,4500,8,nepse_playwright
2026-03-30,NBF3,9.95,10.18,10.18,9.73,28480,27,nepse_playwright
2026-03-30,NIBLGF,9.75,10.12,11.35,9.71,53968,29,nepse_playwright
2026-03-30,NIBLSTF,9.41,9.41,9.5,9.3,30230,24,nepse_playwright
2026-03-30,NIBSF2,9.51,9.5,9.51,9.5,10400,8,nepse_playwright
2026-03-30,NICFC,9.52,9.47,9.66,9.47,3000,18,nepse_playwright
2026-03-30,NICGF2,9.8,9.6,9.8,9.6,21200,20,nepse_playwright
2026-03-30,NICSF,9.38,9.32,9.38,9.32,7300,11,nepse_playwright
2026-03-30,NMB50,10.63,10.63,10.63,10.63,100,1,nepse_playwright
2026-03-30,NMBHF2,9.92,9.71,10.0,9.71,57896,29,nepse_playwright
2026-03-30,NSIF2,11.08,11.23,11.45,10.96,61915,22,nepse_playwright
2026-03-30,PRSF,11.97,11.91,12.14,11.91,1400,10,nepse_playwright
2026-03-30,PSF,11.85,11.8,11.85,11.8,14450,16,nepse_playwright
2026-03-30,RBBF40,9.65,9.49,9.67,9.49,4900,20,nepse_playwright
2026-03-30,RMF1,9.68,9.87,9.9,9.68,70585,21,nepse_playwright
2026-03-30,RMF2,10.21,10.21,10.27,10.21,70500,11,nepse_playwright
2026-03-30,RSY,10.27,10.29,10.45,10.2,3800,24,nepse_playwright
2026-03-30,SAGF,10.25,10.05,10.4,10.05,5430,21,nepse_playwright
2026-03-30,SBCF,9.57,9.75,9.81,9.57,15644,20,nepse_playwright
2026-03-30,SEF,9.98,9.95,10.13,9.95,14475,12,nepse_playwright
2026-03-30,SFEF,10.33,10.4,10.4,10.33,199362,34,nepse_playwright
2026-03-30,SFMF,10.35,10.35,10.54,10.35,10433,8,nepse_playwright
2026-03-30,SIGS2,10.1,10.22,10.22,10.1,12700,5,nepse_playwright
2026-03-30,SIGS3,10.55,10.81,10.81,10.45,1100,7,nepse_playwright
2026-03-30,SLCF,9.95,9.82,10.0,9.82,7050,15,nepse_playwright
2026-03-31,C30MF,10.17,10.1,10.2,10.1,30800,9,nepse_playwright
2026-03-31,CMF2,10.47,10.21,10.47,10.21,10909,8,nepse_playwright
2026-03-31,GBIMESY2,9.55,9.61,9.64,9.46,5700,17,nepse_playwright
2026-03-31,GIBF1,11.15,10.94,11.37,10.94,22100,23,nepse_playwright
2026-03-31,GSY,10.01,9.97,10.05,9.97,163045,66,nepse_playwright
2026-03-31,H8020,11.63,11.6,11.84,11.58,9489,11,nepse_playwright
2026-03-31,HLICF,9.67,9.26,9.67,9.26,5460,20,nepse_playwright
2026-03-31,KDBY,10.76,10.3,10.76,10.3,263749,64,nepse_playwright
2026-03-31,KEF,9.99,9.8,9.99,9.76,30720,28,nepse_playwright
2026-03-31,KSY,9.75,9.56,9.94,9.53,3110,10,nepse_playwright
2026-03-31,LUK,9.86,9.82,10.0,9.82,1600,5,nepse_playwright
2026-03-31,LVF2,9.86,9.84,9.9,9.84,2000,10,nepse_playwright
2026-03-31,MBLEF,10.26,10.16,10.41,10.16,35700,36,nepse_playwright
2026-03-31,MMF1,9.94,9.99,9.99,9.6,28120,28,nepse_playwright
2026-03-31,MNMF1,10.1,9.9,10.1,9.72,43900,43,nepse_playwright
2026-03-31,NBF2,10.0,9.99,10.1,9.99,34820,14,nepse_playwright
2026-03-31,NBF3,9.99,9.8,10.0,9.8,36500,28,nepse_playwright
2026-03-31,NIBLGF,9.36,9.6,9.6,9.25,7300,20,nepse_playwright
2026-03-31,NIBLSTF,9.31,9.5,9.59,9.29,33932,31,nepse_playwright
2026-03-31,NIBSF2,9.35,9.32,9.4,9.32,5000,14,nepse_playwright
2026-03-31,NICBF,9.58,9.96,10.16,9.58,5200,5,nepse_playwright
2026-03-31,NICFC,9.6,9.5,9.6,9.5,8905,27,nepse_playwright
2026-03-31,NICGF2,9.71,9.61,9.71,9.42,10240,17,nepse_playwright
2026-03-31,NICSF,9.41,9.5,9.58,9.3,17470,19,nepse_playwright
2026-03-31,NMB50,10.5,10.44,10.5,10.44,1900,7,nepse_playwright
2026-03-31,NMBHF2,9.91,9.76,9.99,9.76,15900,23,nepse_playwright
2026-03-31,NSIF2,11.1,10.87,11.2,10.87,18575,11,nepse_playwright
2026-03-31,PRSF,11.93,11.97,12.0,11.91,11150,14,nepse_playwright
2026-03-31,PSF,12.2,11.62,12.2,11.62,13400,26,nepse_playwright
2026-03-31,RBBF40,9.55,9.5,9.6,9.5,2400,19,nepse_playwright
2026-03-31,RMF1,9.82,9.68,9.82,9.64,63610,16,nepse_playwright
2026-03-31,RMF2,10.15,10.21,10.25,10.15,44600,10,nepse_playwright
2026-03-31,RSY,10.2,10.27,10.47,10.13,604080,41,nepse_playwright
2026-03-31,SAGF,10.2,10.15,10.2,10.15,24000,9,nepse_playwright
2026-03-31,SBCF,9.62,9.76,9.76,9.56,34160,24,nepse_playwright
2026-03-31,SEF,10.2,9.9,10.3,9.9,23475,9,nepse_playwright
2026-03-31,SFEF,10.23,10.18,10.24,10.18,115600,11,nepse_playwright
2026-03-31,SFMF,10.2,10.2,10.2,10.2,100,1,nepse_playwright
2026-03-31,SIGS2,9.96,10.0,10.0,9.9,17979,6,nepse_playwright
2026-03-31,SIGS3,10.5,10.41,10.61,10.41,835,7,nepse_playwright
2026-03-31,SLCF,10.0,9.81,10.09,9.81,31600,15,nepse_playwright
2026-04-01,C30MF,10.1,10.1,10.11,10.0,305915,40,nepse_playwright
2026-04-01,CMF2,10.13,10.27,10.27,10.13,14350,3,nepse_playwright
2026-04-01,GBIMESY2,9.6,9.55,9.6,9.48,1000,8,nepse_playwright
2026-04-01,GIBF1,11.07,11.08,11.25,11.07,112835,21,nepse_playwright
2026-04-01,GSY,10.0,10.0,10.0,9.9,15950,30,nepse_playwright
2026-04-01,H8020,11.54,11.41,11.78,11.41,22875,19,nepse_playwright
2026-04-01,HLICF,9.33,9.5,9.6,9.32,1910,13,nepse_playwright
2026-04-01,KDBY,10.71,10.57,10.89,10.42,94700,39,nepse_playwright
2026-04-01,KEF,9.88,9.85,9.91,9.85,18850,19,nepse_playwright
2026-04-01,KSY,9.58,9.6,9.7,9.58,6000,7,nepse_playwright
2026-04-01,LUK,9.85,9.85,9.94,9.7,13100,9,nepse_playwright
2026-04-01,LVF2,10.0,9.85,10.0,9.7,22623,15,nepse_playwright
2026-04-01,MBLEF,10.3,10.25,10.3,10.25,30820,23,nepse_playwright
2026-04-01,MMF1,9.8,9.8,9.95,9.42,19800,33,nepse_playwright
2026-04-01,MNMF1,10.0,10.0,10.1,9.81,76210,40,nepse_playwright
2026-04-01,NBF2,9.98,10.18,10.18,9.98,22000,9,nepse_playwright
2026-04-01,NBF3,9.99,9.82,10.09,9.82,41840,27,nepse_playwright
2026-04-01,NIBLGF,9.32,9.25,9.4,9.25,4800,11,nepse_playwright
2026-04-01,NIBLSTF,9.34,9.2,9.67,9.2,33283,19,nepse_playwright
2026-04-01,NIBSF2,9.22,9.25,9.35,9.21,49279,27,nepse_playwright
2026-04-01,NICBF,9.39,9.76,9.76,9.39,15200,6,nepse_playwright
2026-04-01,NICFC,9.36,9.51,9.55,9.36,11500,14,nepse_playwright
2026-04-01,NICGF2,9.56,9.52,9.56,9.52,2900,11,nepse_playwright
2026-04-01,NICSF,9.4,9.25,9.41,9.17,9600,12,nepse_playwright
2026-04-01,NMB50,10.44,10.5,10.65,10.44,25004,7,nepse_playwright
2026-04-01,NMBHF2,9.9,9.8,10.08,9.61,9730,33,nepse_playwright
2026-04-01,NSIF2,10.83,11.0,11.13,10.83,100500,21,nepse_playwright
2026-04-01,PRSF,11.93,12.0,12.16,11.93,275331,20,nepse_playwright
2026-04-01,PSF,11.9,12.4,12.4,11.9,81900,21,nepse_playwright
2026-04-01,RBBF40,9.5,9.55,9.55,9.5,1500,14,nepse_playwright
2026-04-01,RMF1,9.66,9.65,9.84,9.65,11950,11,nepse_playwright
2026-04-01,RMF2,10.2,10.35,10.35,10.15,7589,7,nepse_playwright
2026-04-01,RSY,10.1,10.18,10.38,10.09,161700,23,nepse_playwright
2026-04-01,SAGF,10.1,10.12,10.17,10.1,3050,5,nepse_playwright
2026-04-01,SBCF,9.46,9.62,9.81,9.46,27885,21,nepse_playwright
2026-04-01,SEF,9.9,10.1,10.1,9.9,37985,13,nepse_playwright
2026-04-01,SFEF,10.11,10.21,10.21,10.07,63000,11,nepse_playwright
2026-04-01,SFMF,10.5,10.4,10.7,10.4,1450,5,nepse_playwright
2026-04-01,SIGS2,9.98,10.15,10.15,9.98,31100,3,nepse_playwright
2026-04-01,SIGS3,10.41,10.41,10.5,10.41,11300,10,nepse_playwright
2026-04-01,SLCF,9.9,9.81,10.09,9.81,7000,21,nepse_playwright
2026-04-02,C30MF,10.0,9.9,10.0,9.9,5455,4,nepse_playwright
2026-04-02,CMF2,10.13,10.15,10.15,10.12,2410,3,nepse_playwright
2026-04-02,GBIMESY2,9.65,9.5,9.65,9.5,3400,14,nepse_playwright
2026-04-02,GIBF1,10.8,10.85,11.1,10.71,1400,13,nepse_playwright
2026-04-02,GSY,9.91,9.81,9.95,9.73,8040,28,nepse_playwright
2026-04-02,H8020,11.4,11.45,11.67,11.4,2300,6,nepse_playwright
2026-04-02,HLICF,9.49,9.16,9.49,9.16,1600,13,nepse_playwright
2026-04-02,KDBY,10.5,10.5,10.5,10.3,4000,19,nepse_playwright
2026-04-02,KSY,9.58,9.5,9.77,9.5,3550,10,nepse_playwright
2026-04-02,LUK,9.79,9.76,9.79,9.76,1195,3,nepse_playwright
2026-04-02,LVF2,9.83,9.82,9.83,9.63,53450,9,nepse_playwright
2026-04-02,MBLEF,10.25,10.25,10.26,10.15,18050,19,nepse_playwright
2026-04-02,MMF1,9.57,9.9,9.99,9.41,26012,33,nepse_playwright
2026-04-02,MNMF1,9.85,9.9,10.1,9.75,9890,26,nepse_playwright
2026-04-02,NBF2,9.91,9.8,9.91,9.8,495,2,nepse_playwright
2026-04-02,NBF3,9.86,9.8,9.9,9.8,13725,21,nepse_playwright
2026-04-02,NIBLGF,9.69,9.26,9.69,8.52,190510,23,nepse_playwright
2026-04-02,NIBLSTF,9.33,9.32,9.33,9.32,5330,12,nepse_playwright
2026-04-02,NIBSF2,9.58,9.06,9.58,8.29,73495,28,nepse_playwright
2026-04-02,NICBF,9.38,9.57,9.57,9.38,2100,2,nepse_playwright
2026-04-02,NICFC,9.3,9.27,9.3,9.27,1700,11,nepse_playwright
2026-04-02,NICGF2,9.35,9.37,9.4,9.21,4100,14,nepse_playwright
2026-04-02,NICSF,9.4,9.22,9.7,9.22,7800,19,nepse_playwright
2026-04-02,NMB50,10.44,10.44,10.44,10.44,0,0,nepse_playwright
2026-04-02,NMBHF2,9.63,9.71,9.79,9.63,3100,14,nepse_playwright
2026-04-02,NSIF2,11.1,10.63,11.1,10.63,3400,14,nepse_playwright
2026-04-02,PRSF,11.96,12.1,12.3,11.92,228500,28,nepse_playwright
2026-04-02,PSF,11.8,11.71,11.8,11.71,2500,11,nepse_playwright
2026-04-02,RBBF40,9.51,9.5,9.6,9.5,1100,10,nepse_playwright
2026-04-02,RMF1,9.75,9.5,9.75,9.5,16050,12,nepse_playwright
2026-04-02,RMF2,10.3,10.3,10.3,10.3,100,1,nepse_playwright
2026-04-02,RSY,10.15,10.1,10.17,9.95,11966,13,nepse_playwright
2026-04-02,SAGF,10.15,10.0,10.3,10.0,1100,10,nepse_playwright
2026-04-02,SBCF,9.54,9.64,9.64,9.47,11200,15,nepse_playwright
2026-04-02,SEF,10.01,10.09,10.14,9.89,31811,11,nepse_playwright
2026-04-02,SFEF,10.2,10.0,10.25,10.0,1200,7,nepse_playwright
2026-04-02,SFMF,10.5,10.5,10.5,10.5,0,0,nepse_playwright
2026-04-02,SIGS2,10.17,9.98,10.17,9.98,4100,4,nepse_playwright
2026-04-02,SIGS3,10.35,10.21,10.41,10.21,650,4,nepse_playwright
2026-04-02,SLCF,9.8,9.8,9.81,9.78,2100,10,nepse_playwright
2026-04-02,KEF,9.78,9.71,9.78,9.71,23550,21,nepse_playwright
2026-04-05,C30MF,9.86,9.9,10.0,9.86,109510,15,nepse_playwright
2026-04-05,CMF2,9.94,10.32,10.32,9.93,31550,12,nepse_playwright
2026-04-05,GBIMESY2,9.53,9.48,9.8,9.48,4850,17,nepse_playwright
2026-04-05,GIBF1,10.51,11.0,11.0,10.51,54322,21,nepse_playwright
2026-04-05,GSY,9.78,9.86,9.9,9.68,72750,27,nepse_playwright
2026-04-05,H8020,11.31,11.31,11.4,11.31,6500,8,nepse_playwright
2026-04-05,HLICF,9.32,9.32,9.5,9.32,7100,16,nepse_playwright
2026-04-05,KDBY,10.41,10.38,10.5,10.38,24850,37,nepse_playwright
2026-04-05,KEF,9.71,9.78,10.05,9.67,143628,21,nepse_playwright
2026-04-05,KSY,9.6,9.51,9.75,9.51,6000,11,nepse_playwright
2026-04-05,LUK,9.65,9.7,9.88,9.65,32140,11,nepse_playwright
2026-04-05,LVF2,9.78,9.7,9.83,9.7,21700,11,nepse_playwright
2026-04-05,MBLEF,10.14,10.14,10.44,10.14,13350,18,nepse_playwright
2026-04-05,MMF1,9.47,9.38,9.48,9.13,33515,37,nepse_playwright
2026-04-05,MNMF1,9.85,9.66,10.04,9.66,178510,34,nepse_playwright
2026-04-05,NBF2,10.05,9.78,10.28,9.78,78180,34,nepse_playwright
2026-04-05,NBF3,9.8,9.85,9.85,9.63,41600,24,nepse_playwright
2026-04-05,NIBLGF,9.84,9.6,9.84,9.41,3800,11,nepse_playwright
2026-04-05,NIBLSTF,9.16,9.32,9.32,9.16,11000,13,nepse_playwright
2026-04-05,NIBSF2,9.5,9.7,9.7,9.32,9400,12,nepse_playwright
2026-04-05,NICBF,9.6,9.2,9.75,8.45,101838,27,nepse_playwright
2026-04-05,NICFC,9.33,9.15,9.47,9.15,18819,28,nepse_playwright
2026-04-05,NICGF2,9.18,9.17,9.21,9.17,11580,17,nepse_playwright
2026-04-05,NICSF,9.11,9.22,9.3,9.04,22300,17,nepse_playwright
2026-04-05,NMB50,10.24,10.31,10.42,10.22,12800,13,nepse_playwright
2026-04-05,NMBHF2,9.8,9.63,9.98,9.47,9601,29,nepse_playwright
2026-04-05,NSIF2,10.5,10.88,10.88,10.5,400,4,nepse_playwright
2026-04-05,PRSF,11.9,11.98,11.98,11.52,252269,24,nepse_playwright
2026-04-05,PSF,12.03,11.58,12.03,11.5,33450,22,nepse_playwright
2026-04-05,RBBF40,9.6,9.34,9.6,9.34,6650,25,nepse_playwright
2026-04-05,RMF1,9.61,9.75,10.13,9.6,128800,19,nepse_playwright
2026-04-05,RMF2,9.91,10.1,10.1,9.91,400,3,nepse_playwright
2026-04-05,RSY,10.05,10.0,10.15,10.0,4000,20,nepse_playwright
2026-04-05,SAGF,10.1,10.05,10.3,10.05,14500,10,nepse_playwright
2026-04-05,SBCF,9.47,9.41,9.5,9.41,2330,6,nepse_playwright
2026-04-05,SEF,9.72,9.81,9.86,9.72,55000,19,nepse_playwright
2026-04-05,SFEF,9.88,10.0,10.0,9.83,3560,8,nepse_playwright
2026-04-05,SFMF,10.49,10.29,10.49,10.29,13875,7,nepse_playwright
2026-04-05,SIGS2,10.2,10.2,10.37,10.2,11830,4,nepse_playwright
2026-04-05,SIGS3,10.19,10.2,10.2,10.19,300,3,nepse_playwright
2026-04-05,SLCF,9.7,9.62,9.89,9.62,18670,18,nepse_playwright
2026-04-06,C30MF,9.99,9.9,10.0,9.85,50250,10,nepse_playwright
2026-04-06,CMF2,9.92,10.05,10.05,9.92,6110,2,nepse_playwright
2026-04-06,GBIMESY2,9.6,9.45,9.6,9.45,2400,8,nepse_playwright
2026-04-06,GIBF1,10.71,10.4,10.9,10.4,15150,19,nepse_playwright
2026-04-06,GSY,9.95,9.63,9.95,9.63,13000,31,nepse_playwright
2026-04-06,H8020,11.52,11.2,11.75,11.2,14713,21,nepse_playwright
2026-04-06,HLICF,9.2,9.14,9.32,9.14,6600,10,nepse_playwright
2026-04-06,KDBY,10.45,10.22,10.51,10.22,23900,37,nepse_playwright
2026-04-06,KEF,10.05,9.61,10.05,9.61,242858,61,nepse_playwright
2026-04-06,KSY,9.59,9.41,9.59,9.41,700,5,nepse_playwright
2026-04-06,LUK,9.84,9.48,9.84,9.48,2150,5,nepse_playwright
2026-04-06,LVF2,9.6,9.74,9.74,9.56,3400,9,nepse_playwright
2026-04-06,MBLEF,10.4,9.94,10.4,9.94,13650,26,nepse_playwright
2026-04-06,MMF1,9.58,9.47,9.65,9.1,70687,49,nepse_playwright
2026-04-06,MNMF1,10.2,9.84,10.2,9.77,190369,57,nepse_playwright
2026-04-06,NBF2,10.0,9.89,10.08,9.89,4900,8,nepse_playwright
2026-04-06,NBF3,9.9,9.62,9.99,9.62,11500,26,nepse_playwright
2026-04-06,NIBLGF,10.74,9.65,10.74,9.57,61790,37,nepse_playwright
2026-04-06,NIBLSTF,9.24,8.98,9.34,8.98,5100,11,nepse_playwright
2026-04-06,NIBSF2,10.12,9.55,10.12,9.36,106299,39,nepse_playwright
2026-04-06,NICBF,9.96,9.79,9.96,9.79,10100,3,nepse_playwright
2026-04-06,NICFC,9.31,9.15,9.33,9.0,5981,17,nepse_playwright
2026-04-06,NICGF2,9.54,9.01,9.54,9.01,3700,14,nepse_playwright
2026-04-06,NICSF,9.31,8.96,9.47,8.96,11050,16,nepse_playwright
2026-04-06,NMB50,10.64,10.44,10.64,10.44,5000,4,nepse_playwright
2026-04-06,NMBHF2,9.83,9.62,9.99,9.43,3800,22,nepse_playwright
2026-04-06,NSIF2,10.56,10.71,10.89,10.5,53300,16,nepse_playwright
2026-04-06,PRSF,11.91,12.0,12.13,11.91,264032,11,nepse_playwright
2026-04-06,PSF,11.85,11.79,11.85,11.35,54770,21,nepse_playwright
2026-04-06,RBBF40,9.5,9.41,9.51,9.41,1100,7,nepse_playwright
2026-04-06,RMF1,9.63,9.6,9.63,9.6,6400,13,nepse_playwright
2026-04-06,RMF2,10.3,10.1,10.3,10.1,2100,2,nepse_playwright
2026-04-06,RSY,10.2,9.87,10.26,9.87,15530,25,nepse_playwright
2026-04-06,SAGF,10.1,10.1,10.3,10.1,29500,10,nepse_playwright
2026-04-06,SBCF,9.6,9.65,9.78,9.5,25250,16,nepse_playwright
2026-04-06,SEF,9.85,9.85,9.85,9.8,54000,12,nepse_playwright
2026-04-06,SFEF,10.1,10.06,10.1,10.06,2700,4,nepse_playwright
2026-04-06,SFMF,10.49,10.49,10.49,10.49,0,0,nepse_playwright
2026-04-06,SIGS2,10.4,10.4,10.4,10.4,300,1,nepse_playwright
2026-04-06,SIGS3,10.2,10.05,10.39,10.05,3000,11,nepse_playwright
2026-04-06,SLCF,9.81,9.57,9.88,9.57,19230,21,nepse_playwright
2026-04-07,C30MF,9.92,9.9,9.92,9.9,25500,6,nepse_playwright
2026-04-07,CMF2,10.11,9.92,10.11,9.92,1100,2,nepse_playwright
2026-04-07,GBIMESY2,9.42,9.41,9.5,9.41,2600,18,nepse_playwright
2026-04-07,GIBF1,11.0,10.71,11.13,10.71,8000,12,nepse_playwright
2026-04-07,GSY,9.86,10.0,10.0,9.81,2800,19,nepse_playwright
2026-04-07,H8020,11.93,11.35,11.93,11.22,4600,17,nepse_playwright
2026-04-07,HLICF,9.15,9.11,9.2,9.11,3000,14,nepse_playwright
2026-04-07,KDBY,10.98,10.41,10.99,10.41,47500,62,nepse_playwright
2026-04-07,KEF,10.09,10.05,10.2,10.05,114210,55,nepse_playwright
2026-04-07,KSY,9.44,9.4,9.44,9.4,2150,8,nepse_playwright
2026-04-07,LUK,9.7,9.65,9.75,9.53,3090,9,nepse_playwright
2026-04-07,LVF2,9.6,9.42,9.6,9.42,2100,10,nepse_playwright
2026-04-07,MBLEF,10.2,10.2,10.48,10.05,2050,15,nepse_playwright
2026-04-07,MMF1,9.61,9.39,9.65,9.22,35716,47,nepse_playwright
2026-04-07,MNMF1,10.0,10.0,10.4,10.0,544400,61,nepse_playwright
2026-04-07,NBF2,10.09,9.83,10.09,9.83,4300,6,nepse_playwright
2026-04-07,NBF3,9.9,9.71,9.98,9.71,36188,38,nepse_playwright
2026-04-07,NIBLGF,9.98,10.53,11.81,9.97,194618,33,nepse_playwright
2026-04-07,NIBLSTF,9.3,9.2,9.38,9.2,7300,12,nepse_playwright
2026-04-07,NIBSF2,9.81,10.12,11.13,9.7,171300,45,nepse_playwright
2026-04-07,NICBF,10.34,9.89,10.34,9.89,45200,12,nepse_playwright
2026-04-07,NICGF2,9.43,9.4,9.58,9.35,1790,9,nepse_playwright
2026-04-07,NICSF,9.32,9.13,9.32,9.13,1470,6,nepse_playwright
2026-04-07,NMB50,10.36,10.5,10.5,10.36,36693,12,nepse_playwright
2026-04-07,NMBHF2,9.81,9.83,10.0,9.64,1830,14,nepse_playwright
2026-04-07,NSIF2,10.86,10.5,10.86,10.5,29350,8,nepse_playwright
2026-04-07,PRSF,11.87,11.73,11.96,11.73,1500,7,nepse_playwright
2026-04-07,PSF,11.7,11.65,11.9,11.65,63700,32,nepse_playwright
2026-04-07,RBBF40,9.4,9.41,9.5,9.4,1100,10,nepse_playwright
2026-04-07,RMF1,9.55,9.63,9.75,9.5,64110,32,nepse_playwright
2026-04-07,RMF2,10.15,10.1,10.31,10.1,12600,8,nepse_playwright
2026-04-07,RSY,10.22,10.0,10.4,10.0,8020,27,nepse_playwright
2026-04-07,SAGF,10.12,9.91,10.3,9.91,7315,14,nepse_playwright
2026-04-07,SBCF,9.59,9.45,9.78,9.45,2310,6,nepse_playwright
2026-04-07,SEF,9.9,9.9,9.9,9.77,10400,7,nepse_playwright
2026-04-07,SFEF,10.1,10.1,10.1,10.1,0,0,nepse_playwright
2026-04-07,SFMF,10.49,10.49,10.49,10.49,0,0,nepse_playwright
2026-04-07,SIGS2,10.21,10.21,10.21,10.21,500,1,nepse_playwright
2026-04-07,SIGS3,10.25,10.1,10.25,10.1,3050,7,nepse_playwright
2026-04-07,SLCF,9.9,9.62,9.9,9.62,1400,6,nepse_playwright
2026-04-08,C30MF,10.15,9.9,10.18,9.9,4050,10,nepse_playwright
2026-04-08,CMF2,10.11,10.11,10.3,10.11,505,3,nepse_playwright
2026-04-08,GBIMESY2,9.59,9.45,9.6,9.24,2300,11,nepse_playwright
2026-04-08,GIBF1,10.9,10.8,11.22,10.8,10850,33,nepse_playwright
2026-04-08,GSY,9.88,9.8,9.98,9.79,5400,27,nepse_playwright
2026-04-08,H8020,11.7,11.7,11.7,11.7,300,3,nepse_playwright
2026-04-08,HLICF,9.35,9.05,9.35,9.05,1120,10,nepse_playwright
2026-04-08,KDBY,11.26,11.19,11.26,10.78,138121,73,nepse_playwright
2026-04-08,KEF,10.58,10.09,10.6,10.07,137800,113,nepse_playwright
2026-04-08,KSY,9.45,9.45,9.45,9.45,400,3,nepse_playwright
2026-04-08,LUK,9.89,9.71,9.89,9.71,900,4,nepse_playwright
2026-04-08,LVF2,9.91,9.58,10.09,9.58,123353,18,nepse_playwright
2026-04-08,MBLEF,10.24,10.05,10.42,10.05,24650,37,nepse_playwright
2026-04-08,MMF1,9.64,9.8,9.8,9.32,62927,57,nepse_playwright
2026-04-08,MNMF1,9.97,9.81,10.19,9.81,36845,49,nepse_playwright
2026-04-08,NBF2,10.2,10.01,10.29,10.01,40232,10,nepse_playwright
2026-04-08,NBF3,9.9,9.72,10.0,9.72,26240,37,nepse_playwright
2026-04-08,NIBLGF,9.79,9.98,10.0,9.79,1200,12,nepse_playwright
2026-04-08,NIBLSTF,9.3,9.12,9.34,9.12,1700,13,nepse_playwright
2026-04-08,NIBSF2,9.72,9.85,9.85,9.66,15380,24,nepse_playwright
2026-04-08,NICBF,10.54,10.14,10.54,9.71,68800,24,nepse_playwright
2026-04-08,NICFC,9.39,9.17,9.48,9.17,3550,16,nepse_playwright
2026-04-08,NICGF2,9.53,9.26,9.53,9.26,7300,24,nepse_playwright
2026-04-08,NICSF,9.45,9.32,9.5,9.32,8350,10,nepse_playwright
2026-04-08,NMB50,10.56,10.37,10.56,10.37,18425,4,nepse_playwright
2026-04-08,NMBHF2,9.95,9.99,9.99,9.62,5450,32,nepse_playwright
2026-04-08,NSIF2,11.0,10.73,11.0,10.73,55800,13,nepse_playwright
2026-04-08,PRSF,12.11,11.76,12.3,11.76,440500,27,nepse_playwright
2026-04-08,PSF,11.81,11.93,11.93,11.72,6840,14,nepse_playwright
2026-04-08,RBBF40,9.55,9.4,9.58,9.4,5670,20,nepse_playwright
2026-04-08,RMF1,9.85,9.4,9.91,9.4,62550,15,nepse_playwright
2026-04-08,RMF2,10.22,10.35,10.35,10.21,500,5,nepse_playwright
2026-04-08,RSY,10.23,10.23,10.4,10.0,27680,42,nepse_playwright
2026-04-08,SAGF,10.17,9.92,10.3,9.83,10500,16,nepse_playwright
2026-04-08,SBCF,9.77,9.77,9.78,9.56,68300,18,nepse_playwright
2026-04-08,SEF,10.06,10.08,10.08,10.0,19200,8,nepse_playwright
2026-04-08,SFEF,10.05,10.01,10.05,10.01,1800,7,nepse_playwright
2026-04-08,SFMF,10.71,10.67,10.71,10.67,316,2,nepse_playwright
2026-04-08,SIGS2,10.12,10.12,10.13,10.12,19145,5,nepse_playwright
2026-04-08,SIGS3,10.33,10.3,10.35,10.26,39590,13,nepse_playwright
2026-04-08,SLCF,10.09,9.9,10.09,9.9,8450,22,nepse_playwright
2026-04-09,C30MF,10.18,10.15,10.18,10.0,10800,7,nepse_playwright
2026-04-09,CMF2,10.19,10.0,10.19,10.0,300,2,nepse_playwright
2026-04-09,GBIMESY2,9.56,9.5,9.8,9.5,12910,17,nepse_playwright
2026-04-09,GIBF1,11.3,10.7,11.3,10.7,63770,25,nepse_playwright
2026-04-09,GSY,10.0,9.8,10.0,9.8,39200,64,nepse_playwright
2026-04-09,H8020,11.5,11.47,11.93,11.47,14093,15,nepse_playwright
2026-04-09,HLICF,9.35,9.17,9.53,9.07,4000,20,nepse_playwright
2026-04-09,KDBY,11.61,11.1,11.61,11.1,78710,91,nepse_playwright
2026-04-09,KEF,10.58,10.4,10.58,10.2,80519,62,nepse_playwright
2026-04-09,KSY,9.65,9.28,9.65,9.28,1250,11,nepse_playwright
2026-04-09,LUK,9.71,9.7,9.9,9.7,36800,20,nepse_playwright
2026-04-09,LVF2,9.9,9.74,9.9,9.74,2860,16,nepse_playwright
2026-04-09,MBLEF,10.1,10.23,10.43,10.1,215010,47,nepse_playwright
2026-04-09,MMF1,9.66,9.45,9.66,9.09,49600,57,nepse_playwright
2026-04-09,MNMF1,10.0,9.78,10.0,9.7,55850,38,nepse_playwright
2026-04-09,NBF2,10.05,10.32,10.32,10.05,1700,5,nepse_playwright
2026-04-09,NBF3,10.0,9.72,10.08,9.72,49207,57,nepse_playwright
2026-04-09,NIBLGF,9.85,9.6,9.85,9.55,3715,17,nepse_playwright
2026-04-09,NIBLSTF,9.25,9.12,9.38,8.94,48927,48,nepse_playwright
2026-04-09,NIBSF2,9.5,9.53,9.6,9.4,20100,33,nepse_playwright
2026-04-09,NICBF,9.83,10.69,10.69,9.81,7052,8,nepse_playwright
2026-04-09,NICFC,9.5,9.21,9.5,9.21,8100,23,nepse_playwright
2026-04-09,NICGF2,9.47,9.36,9.54,9.36,2750,13,nepse_playwright
2026-04-09,NICSF,9.3,9.27,9.48,9.27,4400,19,nepse_playwright
2026-04-09,NMB50,10.4,10.76,10.76,10.4,770,4,nepse_playwright
2026-04-09,NMBHF2,9.99,9.76,9.99,9.59,21756,35,nepse_playwright
2026-04-09,NSIF2,10.95,11.0,11.1,10.87,91052,9,nepse_playwright
2026-04-09,PRSF,12.37,12.0,12.8,11.97,4881081,69,nepse_playwright
2026-04-09,PSF,12.06,11.8,12.06,11.79,37900,35,nepse_playwright
2026-04-09,RBBF40,9.6,9.51,9.83,9.51,4500,20,nepse_playwright
2026-04-09,RMF1,9.87,9.76,9.87,9.68,7655,21,nepse_playwright
2026-04-09,RMF2,10.05,10.42,10.42,10.05,23750,7,nepse_playwright
2026-04-09,RSY,10.23,10.1,10.4,10.05,105800,41,nepse_playwright
2026-04-09,SAGF,10.22,10.06,10.22,10.06,1200,9,nepse_playwright
2026-04-09,SBCF,9.99,9.78,9.99,9.71,64000,32,nepse_playwright
2026-04-09,SEF,9.9,9.9,9.9,9.9,7600,3,nepse_playwright
2026-04-09,SFEF,10.11,10.03,10.2,10.03,94140,19,nepse_playwright
2026-04-09,SFMF,10.71,10.71,10.71,10.71,0,0,nepse_playwright
2026-04-09,SIGS2,10.03,10.15,10.15,10.03,7800,3,nepse_playwright
2026-04-09,SIGS3,10.49,10.33,10.55,10.33,1755,10,nepse_playwright
2026-04-09,SLCF,9.91,9.89,10.09,9.7,6980,31,nepse_playwright
2026-04-10,C30MF,10.01,10.01,10.01,10.01,200,2,nepse_playwright
2026-04-10,CMF2,10.21,10.39,10.39,10.03,3600,6,nepse_playwright
2026-04-10,GBIMESY2,9.37,9.37,9.56,9.3,1800,16,nepse_playwright
2026-04-10,GIBF1,11.13,11.08,11.5,11.08,660400,17,nepse_playwright
2026-04-10,GSY,9.97,9.82,9.97,9.82,7370,37,nepse_playwright
2026-04-10,H8020,11.9,11.5,11.95,11.5,3220,22,nepse_playwright
2026-04-10,HLICF,9.23,9.18,9.49,9.0,67000,27,nepse_playwright
2026-04-10,KDBY,11.59,11.38,11.59,11.27,8100,48,nepse_playwright
2026-04-10,KEF,10.48,10.37,10.58,10.37,46892,44,nepse_playwright
2026-04-10,KSY,9.64,9.47,9.65,9.47,1200,7,nepse_playwright
2026-04-10,LUK,9.85,9.71,9.85,9.71,1000,5,nepse_playwright
2026-04-10,LVF2,9.9,9.8,10.09,9.8,8100,12,nepse_playwright
2026-04-10,MBLEF,10.21,10.0,10.33,9.95,123400,34,nepse_playwright
2026-04-10,MMF1,9.68,9.85,9.85,9.39,86807,49,nepse_playwright
2026-04-10,MNMF1,9.9,9.81,9.99,9.64,7300,22,nepse_playwright
2026-04-10,NBF2,10.0,10.2,10.2,9.95,21800,10,nepse_playwright
2026-04-10,NBF3,10.0,9.9,10.0,9.9,23300,37,nepse_playwright
2026-04-10,NIBLGF,9.45,9.66,9.66,9.45,4350,16,nepse_playwright
2026-04-10,NIBLSTF,9.28,9.25,9.43,9.1,11250,19,nepse_playwright
2026-04-10,NIBSF2,9.47,9.41,9.59,9.41,7100,19,nepse_playwright
2026-04-10,NICBF,9.42,9.64,9.64,9.29,42448,15,nepse_playwright
2026-04-10,NICFC,9.45,9.41,9.78,9.41,10693,25,nepse_playwright
2026-04-10,NICGF2,9.48,9.31,9.5,9.31,5001,19,nepse_playwright
2026-04-10,NICSF,9.3,9.3,9.4,9.27,4500,20,nepse_playwright
2026-04-10,NMB50,10.36,10.27,10.36,10.27,1400,5,nepse_playwright
2026-04-10,NMBHF2,9.99,9.88,10.0,9.36,6500,31,nepse_playwright
2026-04-10,NSIF2,10.87,10.74,11.0,10.74,10865,10,nepse_playwright
2026-04-10,PRSF,12.79,12.15,13.31,12.15,53108,29,nepse_playwright
2026-04-10,PSF,12.2,11.96,12.24,11.96,91315,52,nepse_playwright
2026-04-10,RBBF40,9.6,9.58,9.77,9.58,2100,14,nepse_playwright
2026-04-10,RMF1,9.71,9.87,9.87,9.68,10400,13,nepse_playwright
2026-04-10,RMF2,10.22,10.25,10.38,10.22,16500,6,nepse_playwright
2026-04-10,RSY,10.3,10.04,10.43,10.04,105500,43,nepse_playwright
2026-04-10,SAGF,10.3,10.1,10.3,10.1,53700,18,nepse_playwright
2026-04-10,SBCF,9.74,9.81,9.81,9.65,84250,28,nepse_playwright
2026-04-10,SEF,9.9,9.85,10.0,9.85,16334,7,nepse_playwright
2026-04-10,SFEF,10.05,9.92,10.05,9.92,7500,15,nepse_playwright
2026-04-10,SFMF,10.71,10.71,10.71,10.71,0,0,nepse_playwright
2026-04-10,SIGS2,10.06,10.05,10.06,10.05,6500,7,nepse_playwright
2026-04-10,SIGS3,10.38,10.5,10.5,10.35,2000,10,nepse_playwright
2026-04-10,SLCF,9.96,9.72,9.96,9.72,8550,13,nepse_playwright
2026-04-13,C30MF,10.19,10.01,10.19,10.0,73423,17,nepse_playwright
2026-04-13,CMF2,10.42,10.3,10.42,10.23,26360,5,nepse_playwright
2026-04-13,GBIMESY2,9.26,9.25,9.37,9.25,5300,18,nepse_playwright
2026-04-13,GIBF1,11.22,11.0,11.22,10.92,274808,25,nepse_playwright
2026-04-13,GSY,9.97,9.88,10.0,9.88,14130,51,nepse_playwright
2026-04-13,H8020,11.88,11.73,12.03,11.73,9075,22,nepse_playwright
2026-04-13,HLICF,9.4,9.23,9.4,9.06,2600,16,nepse_playwright
2026-04-13,KDBY,11.88,11.75,11.88,11.47,92913,78,nepse_playwright
2026-04-13,KEF,10.84,10.32,10.93,10.32,102355,64,nepse_playwright
2026-04-13,KSY,9.5,9.45,9.5,9.3,3624,21,nepse_playwright
2026-04-13,LUK,10.05,9.86,10.05,9.86,4100,3,nepse_playwright
2026-04-13,LVF2,9.86,9.81,10.0,9.81,2300,20,nepse_playwright
2026-04-13,MBLEF,10.21,10.18,10.31,10.18,59800,38,nepse_playwright
2026-04-13,MMF1,9.41,9.51,9.79,9.32,25393,63,nepse_playwright
2026-04-13,MNMF1,9.86,9.72,9.95,9.72,7750,30,nepse_playwright
2026-04-13,NBF2,10.01,10.0,10.2,10.0,44736,17,nepse_playwright
2026-04-13,NBF3,9.97,9.81,10.0,9.81,17100,36,nepse_playwright
2026-04-13,NIBLGF,9.5,9.39,9.5,9.39,4500,10,nepse_playwright
2026-04-13,NIBLSTF,9.29,9.28,9.35,9.28,3800,19,nepse_playwright
2026-04-13,NIBSF2,9.45,9.41,9.53,9.34,6731,22,nepse_playwright
2026-04-13,NICBF,9.34,9.3,9.34,9.3,200,2,nepse_playwright
2026-04-13,NICFC,9.5,9.45,9.5,9.45,54826,25,nepse_playwright
2026-04-13,NICGF2,9.61,9.3,9.61,9.3,3201,25,nepse_playwright
2026-04-13,NICSF,9.43,9.27,9.44,9.27,9033,16,nepse_playwright
2026-04-13,NMB50,10.35,10.4,10.5,10.35,1700,3,nepse_playwright
2026-04-13,NMBHF2,9.85,9.98,9.99,9.82,7700,35,nepse_playwright
2026-04-13,NSIF2,11.0,10.66,11.0,10.66,8400,14,nepse_playwright
2026-04-13,PRSF,12.73,12.64,12.89,12.64,56400,23,nepse_playwright
2026-04-13,PSF,12.18,12.0,12.18,12.0,47435,35,nepse_playwright
2026-04-13,RBBF40,9.6,9.56,9.73,9.5,2200,16,nepse_playwright
2026-04-13,RMF1,9.67,9.66,9.71,9.65,10920,14,nepse_playwright
2026-04-13,RMF2,10.4,10.03,10.4,10.03,198089,16,nepse_playwright
2026-04-13,RSY,10.24,10.11,10.31,10.11,38220,39,nepse_playwright
2026-04-13,SAGF,10.36,10.16,10.56,10.16,6800,13,nepse_playwright
2026-04-13,SBCF,10.1,9.74,10.11,9.74,47660,29,nepse_playwright
2026-04-13,SEF,9.72,9.72,9.72,9.72,185,1,nepse_playwright
2026-04-13,SFEF,10.1,10.05,10.1,10.05,2600,12,nepse_playwright
2026-04-13,SFMF,10.72,10.7,10.8,10.7,1225,6,nepse_playwright
2026-04-13,SIGS2,10.07,10.07,10.07,10.07,100,1,nepse_playwright
2026-04-13,SIGS3,10.5,10.26,10.61,10.26,11100,15,nepse_playwright
2026-04-13,SLCF,10.05,9.8,10.05,9.8,4000,13,nepse_playwright
2026-04-15,C30MF,10.17,10.0,10.18,10.0,14710,8,nepse_playwright
2026-04-15,CMF2,10.26,10.26,10.26,10.26,100,1,nepse_playwright
2026-04-15,GBIMESY2,9.46,9.15,9.59,9.15,2600,20,nepse_playwright
2026-04-15,GIBF1,11.22,11.0,11.4,11.0,13530,30,nepse_playwright
2026-04-15,GSY,9.97,9.95,10.0,9.95,18470,59,nepse_playwright
2026-04-15,H8020,12.0,11.66,12.11,11.66,4200,19,nepse_playwright
2026-04-15,HLICF,9.49,9.22,9.49,9.07,41300,27,nepse_playwright
2026-04-15,KDBY,11.95,12.11,12.11,11.66,90836,76,nepse_playwright
2026-04-15,KEF,10.9,10.63,10.9,10.51,329557,84,nepse_playwright
2026-04-15,LUK,10.0,9.85,10.0,9.85,4900,8,nepse_playwright
2026-04-15,LVF2,10.0,9.8,10.1,9.8,8102,22,nepse_playwright
2026-04-15,MBLEF,10.11,10.3,10.41,10.08,30700,24,nepse_playwright
2026-04-15,MMF1,9.85,9.4,10.16,9.4,38500,70,nepse_playwright
2026-04-15,MNMF1,10.0,9.71,10.0,9.62,4940,34,nepse_playwright
2026-04-15,NBF2,10.01,9.87,10.1,9.87,57400,16,nepse_playwright
2026-04-15,NBF3,10.0,9.78,10.16,9.78,160505,58,nepse_playwright
2026-04-15,NIBLGF,9.5,9.5,9.5,9.43,46310,23,nepse_playwright
2026-04-15,NIBLSTF,9.29,9.28,9.3,9.15,42900,26,nepse_playwright
2026-04-15,NIBSF2,9.45,9.29,9.47,9.29,27261,18,nepse_playwright
2026-04-15,NICBF,9.52,9.52,9.52,9.5,5600,5,nepse_playwright
2026-04-15,NICFC,9.52,9.34,9.52,9.34,8720,29,nepse_playwright
2026-04-15,NICGF2,9.69,9.42,9.69,9.25,14650,30,nepse_playwright
2026-04-15,NICSF,9.4,9.3,9.47,9.28,4670,15,nepse_playwright
2026-04-15,NMB50,10.5,10.3,10.5,10.3,5800,7,nepse_playwright
2026-04-15,NMBHF2,9.85,9.66,10.0,9.66,3350,28,nepse_playwright
2026-04-15,NSIF2,10.86,10.81,11.0,10.81,45262,18,nepse_playwright
2026-04-15,PRSF,13.14,12.98,13.2,12.98,541804,76,nepse_playwright
2026-04-15,PSF,12.36,12.02,12.43,12.02,121655,74,nepse_playwright
2026-04-15,RBBF40,9.51,9.5,9.8,9.5,6150,24,nepse_playwright
2026-04-15,RMF1,9.8,9.6,9.8,9.6,14100,15,nepse_playwright
2026-04-15,RMF2,10.4,10.2,10.4,10.2,150200,8,nepse_playwright
2026-04-15,RSY,10.26,10.04,10.46,10.04,46750,39,nepse_playwright
2026-04-15,SAGF,10.24,10.2,10.3,10.17,83300,22,nepse_playwright
2026-04-15,SBCF,9.82,10.29,10.29,9.82,5490,14,nepse_playwright
2026-04-15,SEF,10.15,9.9,10.15,9.82,12450,9,nepse_playwright
2026-04-15,SFEF,10.13,10.3,10.3,10.06,3100,19,nepse_playwright
2026-04-15,SFMF,10.52,10.52,10.52,10.52,8200,5,nepse_playwright
2026-04-15,SIGS2,10.28,10.27,10.47,10.27,1900,5,nepse_playwright
2026-04-15,SIGS3,10.69,10.7,10.73,10.51,6900,10,nepse_playwright
2026-04-15,SLCF,10.01,9.86,10.01,9.75,24356,23,nepse_playwright
2026-04-16,C30MF,10.3,10.15,10.3,10.1,10700,5,nepse_playwright
2026-04-16,CMF2,10.26,10.26,10.26,10.26,100,1,nepse_playwright
2026-04-16,GBIMESY2,9.5,9.35,9.72,9.35,5400,14,nepse_playwright
2026-04-16,GIBF1,11.18,11.22,11.22,11.03,7700,18,nepse_playwright
2026-04-16,GSY,9.97,9.95,10.0,9.95,39920,43,nepse_playwright
2026-04-16,H8020,11.9,11.95,12.0,11.81,7700,19,nepse_playwright
2026-04-16,HLICF,9.38,9.31,9.49,9.31,2300,18,nepse_playwright
2026-04-16,KDBY,11.65,11.75,11.86,11.55,182220,69,nepse_playwright
2026-04-16,KEF,10.9,10.69,11.1,10.5,156689,56,nepse_playwright
2026-04-16,KSY,9.6,9.39,9.79,9.39,1300,13,nepse_playwright
2026-04-16,LUK,10.19,9.92,10.19,9.92,13745,13,nepse_playwright
2026-04-16,LVF2,9.92,9.84,10.12,9.84,10300,8,nepse_playwright
2026-04-16,MBLEF,10.16,10.31,10.31,10.13,38900,35,nepse_playwright
2026-04-16,MMF1,9.75,9.66,9.81,9.61,50140,49,nepse_playwright
2026-04-16,MNMF1,9.9,9.87,9.95,9.85,2860,19,nepse_playwright
2026-04-16,NBF2,9.98,9.95,9.98,9.9,2500,3,nepse_playwright
2026-04-16,NBF3,9.95,9.91,10.0,9.91,19580,30,nepse_playwright
2026-04-16,NIBLGF,9.5,9.33,9.64,9.33,7300,12,nepse_playwright
2026-04-16,NIBLSTF,9.23,9.15,9.35,9.15,13100,16,nepse_playwright
2026-04-16,NIBSF2,9.28,9.45,9.45,9.28,11094,14,nepse_playwright
2026-04-16,NICBF,9.6,9.6,9.6,9.6,15000,3,nepse_playwright
2026-04-16,NICFC,9.36,9.36,9.52,9.35,2700,16,nepse_playwright
2026-04-16,NICGF2,9.95,9.5,10.03,9.5,73472,34,nepse_playwright
2026-04-16,NICSF,9.45,9.27,9.45,9.27,19500,16,nepse_playwright
2026-04-16,NMB50,10.42,10.42,10.42,10.42,500,1,nepse_playwright
2026-04-16,NMBHF2,9.9,9.84,9.9,9.72,27145,28,nepse_playwright
2026-04-16,NSIF2,10.86,10.86,11.0,10.86,5300,13,nepse_playwright
2026-04-16,PRSF,13.12,13.06,13.2,12.88,231058,31,nepse_playwright
2026-04-16,PSF,12.41,12.13,12.41,12.13,78200,27,nepse_playwright
2026-04-16,RBBF40,9.43,9.4,9.5,9.37,1800,13,nepse_playwright
2026-04-16,RMF1,9.9,9.8,9.9,9.7,10695,12,nepse_playwright
2026-04-16,RMF2,10.2,10.2,10.2,10.0,50300,6,nepse_playwright
2026-04-16,RSY,10.32,10.17,10.4,10.17,3900,36,nepse_playwright
2026-04-16,SAGF,10.2,10.25,10.4,10.2,2300,14,nepse_playwright
2026-04-16,SBCF,9.85,9.75,9.94,9.75,23015,20,nepse_playwright
2026-04-16,SEF,10.06,10.1,10.1,9.96,15603,9,nepse_playwright
2026-04-16,SFEF,10.14,10.13,10.14,10.13,6300,12,nepse_playwright
2026-04-16,SFMF,10.45,10.45,10.45,10.45,100,1,nepse_playwright
2026-04-16,SIGS2,10.45,10.48,10.48,10.45,1100,2,nepse_playwright
2026-04-16,SIGS3,10.89,10.69,10.89,10.69,3100,10,nepse_playwright
2026-04-16,SLCF,9.99,10.0,10.14,9.84,27000,22,nepse_playwright
2026-04-17,C30MF,10.15,10.11,10.23,10.11,21855,11,nepse_playwright
2026-04-17,CMF2,10.2,10.2,10.2,10.2,7469,4,nepse_playwright
2026-04-17,GBIMESY2,9.5,9.4,9.5,9.31,3500,14,nepse_playwright
2026-04-17,GIBF1,11.27,10.97,11.27,10.55,8820,22,nepse_playwright
2026-04-17,GSY,9.99,10.0,10.1,9.96,5850,23,nepse_playwright
2026-04-17,H8020,11.82,11.75,12.0,11.75,3500,15,nepse_playwright
2026-04-17,HLICF,9.09,9.2,9.38,9.05,1500,11,nepse_playwright
2026-04-17,KDBY,12.05,11.43,12.05,11.43,35560,71,nepse_playwright
2026-04-17,KEF,10.99,10.75,11.0,10.74,156855,51,nepse_playwright
2026-04-17,KSY,9.76,9.53,9.76,9.53,1800,11,nepse_playwright
2026-04-17,LUK,10.0,10.2,10.2,9.9,6224,10,nepse_playwright
2026-04-17,LVF2,10.0,9.84,10.15,9.84,13200,10,nepse_playwright
2026-04-17,MBLEF,10.35,10.3,10.35,10.1,2400,22,nepse_playwright
2026-04-17,MMF1,9.69,9.75,9.8,9.61,24598,29,nepse_playwright
2026-04-17,MNMF1,10.05,9.75,10.05,9.75,19520,48,nepse_playwright
2026-04-17,NBF2,10.07,9.87,10.17,9.87,8008,8,nepse_playwright
2026-04-17,NBF3,10.1,9.8,10.1,9.8,79510,48,nepse_playwright
2026-04-17,NIBLGF,9.5,9.38,9.68,9.38,24650,11,nepse_playwright
2026-04-17,NIBLSTF,9.27,9.14,9.27,9.14,9210,16,nepse_playwright
2026-04-17,NIBSF2,9.36,9.18,9.36,9.18,6702,17,nepse_playwright
2026-04-17,NICBF,9.52,9.48,9.52,9.48,2000,2,nepse_playwright
2026-04-17,NICFC,9.45,9.33,9.51,9.33,3700,28,nepse_playwright
2026-04-17,NICGF2,9.94,9.9,9.94,9.9,1000,4,nepse_playwright
2026-04-17,NICSF,9.27,9.27,9.45,9.25,5500,14,nepse_playwright
2026-04-17,NMB50,10.3,10.4,10.4,10.27,1500,3,nepse_playwright
2026-04-17,NMBHF2,9.97,9.71,9.97,9.71,124000,35,nepse_playwright
2026-04-17,NSIF2,10.9,10.9,11.1,10.85,18150,19,nepse_playwright
2026-04-17,PRSF,13.14,12.91,13.14,12.91,105900,14,nepse_playwright
2026-04-17,PSF,12.35,12.3,12.39,12.2,99150,49,nepse_playwright
2026-04-17,RBBF40,9.55,9.5,9.6,9.5,4500,21,nepse_playwright
2026-04-17,RMF1,9.89,9.99,9.99,9.57,14390,16,nepse_playwright
2026-04-17,RMF2,10.25,10.01,10.45,10.01,48899,12,nepse_playwright
2026-04-17,RSY,10.45,10.12,10.48,10.12,7700,32,nepse_playwright
2026-04-17,SAGF,10.25,10.4,10.4,10.11,3200,18,nepse_playwright
2026-04-17,SBCF,9.99,9.73,10.0,9.73,4950,21,nepse_playwright
2026-04-17,SEF,9.98,9.98,9.98,9.98,1500,1,nepse_playwright
2026-04-17,SFEF,10.12,10.05,10.26,10.05,8529,14,nepse_playwright
2026-04-17,SFMF,10.35,10.35,10.35,10.35,500,2,nepse_playwright
2026-04-17,SIGS2,10.31,10.5,10.5,10.31,3755,5,nepse_playwright
2026-04-17,SIGS3,10.75,10.68,10.94,10.68,9700,7,nepse_playwright
2026-04-17,SLCF,9.95,9.91,10.1,9.91,6000,16,nepse_playwright
2026-04-20,C30MF,10.13,10.25,10.25,10.12,1180,6,nepse_playwright
2026-04-20,CMF2,10.2,10.2,10.2,10.2,0,0,nepse_playwright
2026-04-20,GBIMESY2,9.78,9.5,9.78,9.32,6190,17,nepse_playwright
2026-04-20,GIBF1,11.12,10.94,11.3,10.62,14100,17,nepse_playwright
2026-04-20,GSY,10.1,9.95,10.1,9.95,18630,49,nepse_playwright
2026-04-20,H8020,12.0,12.0,12.1,11.9,14083,21,nepse_playwright
2026-04-20,HLICF,9.33,9.09,9.36,9.09,2500,19,nepse_playwright
2026-04-20,KDBY,11.73,12.0,12.1,11.36,19250,52,nepse_playwright
2026-04-20,KEF,10.98,10.7,10.98,10.7,23710,36,nepse_playwright
2026-04-20,KSY,9.7,9.8,9.8,9.68,3200,9,nepse_playwright
2026-04-20,LUK,10.1,9.72,10.1,9.72,10200,13,nepse_playwright
2026-04-20,LVF2,9.83,9.83,9.83,9.83,1750,14,nepse_playwright
2026-04-20,MBLEF,10.13,10.05,10.15,10.05,102200,31,nepse_playwright
2026-04-20,MMF1,9.7,9.69,9.9,9.46,24307,64,nepse_playwright
2026-04-20,MNMF1,9.82,9.8,10.05,9.61,63900,33,nepse_playwright
2026-04-20,NBF2,10.0,10.0,10.0,10.0,200,2,nepse_playwright
2026-04-20,NBF3,9.95,9.8,10.05,9.8,40694,37,nepse_playwright
2026-04-20,NIBLGF,9.5,9.5,9.5,9.35,3900,13,nepse_playwright
2026-04-20,NIBLSTF,9.22,9.14,9.38,9.14,13907,11,nepse_playwright
2026-04-20,NIBSF2,9.35,9.09,9.35,9.09,2800,13,nepse_playwright
2026-04-20,NICBF,9.52,9.52,9.52,9.52,0,0,nepse_playwright
2026-04-20,NICFC,9.4,9.33,9.5,9.33,6750,24,nepse_playwright
2026-04-20,NICGF2,9.44,9.65,9.65,9.38,1500,14,nepse_playwright
2026-04-20,NICSF,9.16,9.3,9.37,9.06,12660,25,nepse_playwright
2026-04-20,NMB50,10.5,10.46,10.5,10.45,15955,8,nepse_playwright
2026-04-20,NMBHF2,9.82,9.7,9.99,9.7,4900,31,nepse_playwright
2026-04-20,NSIF2,10.93,10.62,10.93,10.62,1300,8,nepse_playwright
2026-04-20,PRSF,13.22,12.49,13.38,12.49,243413,30,nepse_playwright
2026-04-20,PSF,12.49,12.01,12.66,12.01,83150,28,nepse_playwright
2026-04-20,RBBF40,9.5,9.27,9.5,9.27,2900,23,nepse_playwright
2026-04-20,RMF1,9.6,9.6,9.63,9.41,1020,9,nepse_playwright
2026-04-20,RMF2,10.2,10.15,10.2,10.15,1000,9,nepse_playwright
2026-04-20,RSY,10.2,10.25,10.45,10.17,53710,37,nepse_playwright
2026-04-20,SAGF,10.2,10.02,10.2,10.02,1400,7,nepse_playwright
2026-04-20,SBCF,9.99,9.98,10.27,9.7,2043,10,nepse_playwright
2026-04-20,SEF,10.12,9.8,10.12,9.8,4100,4,nepse_playwright
2026-04-20,SFEF,10.12,10.12,10.12,10.06,2400,5,nepse_playwright
2026-04-20,SFMF,10.66,10.35,10.66,10.35,30200,7,nepse_playwright
2026-04-20,SIGS2,10.15,10.25,10.25,10.15,23000,3,nepse_playwright
2026-04-20,SIGS3,10.97,10.75,11.3,10.74,2560,15,nepse_playwright
2026-04-20,SLCF,9.95,9.95,9.95,9.92,5010,16,nepse_playwright
2026-04-21,C30MF,10.15,10.12,10.15,10.12,1100,5,nepse_playwright
2026-04-21,CMF2,10.07,10.03,10.5,10.03,21600,12,nepse_playwright
2026-04-21,GBIMESY2,9.6,9.5,9.6,9.5,4600,11,nepse_playwright
2026-04-21,GIBF1,11.13,11.1,11.13,11.1,3100,22,nepse_playwright
2026-04-21,GSY,9.97,9.86,9.99,9.61,32850,41,nepse_playwright
2026-04-21,H8020,11.9,11.72,12.0,11.72,3600,15,nepse_playwright
2026-04-21,HLICF,9.2,9.07,9.41,9.04,4750,15,nepse_playwright
2026-04-21,KDBY,11.69,11.75,12.01,11.66,29360,53,nepse_playwright
2026-04-21,KEF,10.86,11.3,11.3,10.8,30730,28,nepse_playwright
2026-04-21,KSY,9.76,9.63,10.26,9.63,11450,17,nepse_playwright
2026-04-21,LUK,9.91,9.9,9.91,9.9,800,3,nepse_playwright
2026-04-21,LVF2,9.9,9.85,9.9,9.85,1000,9,nepse_playwright
2026-04-21,MBLEF,10.15,10.14,10.36,10.14,23450,40,nepse_playwright
2026-04-21,MMF1,9.23,9.89,9.89,9.22,22450,68,nepse_playwright
2026-04-21,MNMF1,9.99,9.54,10.0,9.53,177020,60,nepse_playwright
2026-04-21,NBF2,9.94,9.75,9.94,9.75,2205,3,nepse_playwright
2026-04-21,NBF3,9.97,9.96,10.09,9.81,35217,42,nepse_playwright
2026-04-21,NIBLGF,9.41,9.55,9.55,9.41,1600,5,nepse_playwright
2026-04-21,NIBLSTF,9.21,9.14,9.37,8.96,23550,28,nepse_playwright
2026-04-21,NIBSF2,9.5,9.08,9.63,9.08,16420,24,nepse_playwright
2026-04-21,NICBF,9.52,9.26,9.52,9.26,2900,3,nepse_playwright
2026-04-21,NICFC,9.39,9.33,9.5,9.33,9700,28,nepse_playwright
2026-04-21,NICGF2,9.33,9.19,9.33,9.19,2700,16,nepse_playwright
2026-04-21,NICSF,9.21,9.2,9.3,8.94,7525,18,nepse_playwright
2026-04-21,NMB50,10.6,10.4,10.8,10.4,113625,21,nepse_playwright
2026-04-21,NMBHF2,9.94,9.53,9.94,9.53,68700,34,nepse_playwright
2026-04-21,NSIF2,10.85,10.7,11.0,10.7,3992,9,nepse_playwright
2026-04-21,PRSF,12.99,13.61,13.61,12.88,735987,49,nepse_playwright
2026-04-21,PSF,12.45,12.5,12.84,12.14,97099,40,nepse_playwright
2026-04-21,RBBF40,9.6,9.45,9.6,9.25,9300,21,nepse_playwright
2026-04-21,RMF1,9.66,9.65,9.95,9.52,17781,26,nepse_playwright
2026-04-21,RMF2,10.0,9.95,10.0,9.95,700,3,nepse_playwright
2026-04-21,RSY,10.2,10.2,10.4,10.1,109500,48,nepse_playwright
2026-04-21,SAGF,10.18,10.2,10.4,10.12,2520,17,nepse_playwright
2026-04-21,SBCF,9.8,9.71,9.8,9.71,5550,13,nepse_playwright
2026-04-21,SEF,10.0,10.01,10.01,9.97,29875,9,nepse_playwright
2026-04-21,SFEF,10.15,10.05,10.32,10.05,13390,14,nepse_playwright
2026-04-21,SFMF,10.5,10.5,10.5,10.5,200,1,nepse_playwright
2026-04-21,SIGS2,10.23,10.15,10.44,10.15,3800,4,nepse_playwright
2026-04-21,SIGS3,10.9,10.9,10.9,10.9,1250,7,nepse_playwright
2026-04-21,SLCF,9.83,9.7,10.09,9.7,19540,16,nepse_playwright
2026-04-22,C30MF,10.18,9.9,10.18,9.9,14000,8,nepse_playwright
2026-04-22,CMF2,10.0,9.81,10.0,9.81,985,4,nepse_playwright
2026-04-22,GBIMESY2,9.6,9.38,9.6,9.38,1600,7,nepse_playwright
2026-04-22,GIBF1,11.1,10.95,11.15,10.95,1300,12,nepse_playwright
2026-04-22,GSY,9.9,9.81,10.0,9.81,17750,48,nepse_playwright
2026-04-22,H8020,12.0,11.8,12.0,11.75,6305,25,nepse_playwright
2026-04-22,HLICF,9.15,9.0,9.2,9.0,9405,15,nepse_playwright
2026-04-22,KDBY,11.45,12.04,12.04,11.1,93900,49,nepse_playwright
2026-04-22,KEF,10.63,11.1,11.1,10.6,64700,37,nepse_playwright
2026-04-22,KSY,9.53,9.5,9.55,9.44,2800,15,nepse_playwright
2026-04-22,LUK,9.91,9.76,10.0,9.76,1900,5,nepse_playwright
2026-04-22,LVF2,10.14,9.84,10.14,9.84,10176,14,nepse_playwright
2026-04-22,MBLEF,10.13,10.13,10.14,10.13,2500,20,nepse_playwright
2026-04-22,MMF1,9.42,9.23,9.68,8.97,28410,55,nepse_playwright
2026-04-22,MNMF1,9.55,9.7,9.7,9.5,9400,17,nepse_playwright
2026-04-22,NBF2,9.85,9.77,9.85,9.77,2910,6,nepse_playwright
2026-04-22,NBF3,10.0,10.0,10.0,9.82,11050,28,nepse_playwright
2026-04-22,NIBLGF,9.42,9.4,9.69,9.4,3200,12,nepse_playwright
2026-04-22,NIBLSTF,9.09,9.21,9.3,9.05,4150,18,nepse_playwright
2026-04-22,NIBSF2,9.32,9.23,9.6,9.23,12300,22,nepse_playwright
2026-04-22,NICBF,9.32,9.51,9.52,9.31,5300,5,nepse_playwright
2026-04-22,NICFC,9.34,9.33,9.34,9.33,1900,17,nepse_playwright
2026-04-22,NICGF2,9.22,9.07,9.22,9.07,1800,17,nepse_playwright
2026-04-22,NICSF,9.39,9.2,9.39,9.11,2657,10,nepse_playwright
2026-04-22,NMB50,10.63,10.4,10.63,10.33,39913,9,nepse_playwright
2026-04-22,NMBHF2,9.72,9.65,9.94,9.65,5950,33,nepse_playwright
2026-04-22,NSIF2,10.8,10.76,10.8,10.76,7950,10,nepse_playwright
2026-04-22,PRSF,13.1,13.33,13.33,12.84,123100,24,nepse_playwright
2026-04-22,PSF,12.44,12.17,12.45,12.16,51600,23,nepse_playwright
2026-04-22,RBBF40,9.35,9.6,9.6,9.12,3300,20,nepse_playwright
2026-04-22,RMF1,9.7,9.5,9.79,9.5,2720,7,nepse_playwright
2026-04-22,RMF2,10.0,10.0,10.0,10.0,200,2,nepse_playwright
2026-04-22,RSY,10.2,10.2,10.35,10.01,7660,28,nepse_playwright
2026-04-22,SAGF,10.03,10.01,10.3,10.01,2000,13,nepse_playwright
2026-04-22,SBCF,9.79,9.7,9.79,9.48,13160,12,nepse_playwright
2026-04-22,SEF,9.9,10.0,10.0,9.9,5403,4,nepse_playwright
2026-04-22,SFEF,10.06,10.05,10.06,10.05,300,3,nepse_playwright
2026-04-22,SFMF,10.5,10.6,10.6,10.5,6000,6,nepse_playwright
2026-04-22,SIGS2,10.15,10.15,10.15,10.15,500,1,nepse_playwright
2026-04-22,SIGS3,10.8,10.78,10.8,10.78,800,8,nepse_playwright
2026-04-22,SLCF,10.0,9.8,10.0,9.8,2500,10,nepse_playwright
2026-04-23,C30MF,10.1,9.9,10.1,9.9,1000,6,nepse_playwright
2026-04-23,CMF2,10.0,10.0,10.0,10.0,0,0,nepse_playwright
2026-04-23,GBIMESY2,9.35,9.5,9.5,9.32,600,5,nepse_playwright
2026-04-23,GIBF1,11.2,10.91,11.23,10.91,1300,12,nepse_playwright
2026-04-23,GSY,10.0,9.7,10.02,9.7,25850,55,nepse_playwright
2026-04-23,H8020,11.95,12.1,12.1,11.86,2050,15,nepse_playwright
2026-04-23,HLICF,9.04,9.0,9.3,9.0,2940,18,nepse_playwright
2026-04-23,KDBY,11.37,10.88,11.58,10.88,141665,76,nepse_playwright
2026-04-23,KEF,10.8,10.4,10.85,10.4,23100,50,nepse_playwright
2026-04-23,KSY,9.6,9.54,9.8,9.54,3300,12,nepse_playwright
2026-04-23,LUK,9.91,9.91,9.91,9.91,100,1,nepse_playwright
2026-04-23,LVF2,9.9,9.85,10.0,9.85,3445,13,nepse_playwright
2026-04-23,MBLEF,10.3,10.13,10.3,10.1,4750,30,nepse_playwright
2026-04-23,MMF1,9.51,9.7,9.99,9.13,16450,32,nepse_playwright
2026-04-23,MNMF1,10.05,9.55,10.05,9.55,47991,52,nepse_playwright
2026-04-23,NBF2,10.1,10.14,10.14,10.0,1679,8,nepse_playwright
2026-04-23,NBF3,9.91,9.95,10.0,9.8,19650,31,nepse_playwright
2026-04-23,NIBLGF,9.4,9.37,9.4,9.37,800,7,nepse_playwright
2026-04-23,NIBLSTF,9.25,9.06,9.25,9.0,11110,17,nepse_playwright
2026-04-23,NIBSF2,9.35,9.2,9.35,9.2,5367,15,nepse_playwright
2026-04-23,NICBF,9.7,9.32,9.7,9.32,5900,4,nepse_playwright
2026-04-23,NICFC,9.5,9.33,9.5,9.33,5900,34,nepse_playwright
2026-04-23,NICGF2,9.4,9.07,9.4,9.07,1200,12,nepse_playwright
2026-04-23,NICSF,9.18,9.12,9.19,9.12,5300,9,nepse_playwright
2026-04-23,NMB50,10.33,10.33,10.34,10.32,13150,6,nepse_playwright
2026-04-23,NMBHF2,9.86,9.43,9.86,9.43,5900,36,nepse_playwright
2026-04-23,NSIF2,10.82,10.74,11.0,10.74,7600,14,nepse_playwright
2026-04-23,PRSF,13.15,12.8,13.22,12.8,837300,43,nepse_playwright
2026-04-23,PSF,12.27,12.4,12.45,12.13,53600,26,nepse_playwright
2026-04-23,RBBF40,9.38,9.08,9.45,9.08,4900,18,nepse_playwright
2026-04-23,RMF1,9.65,9.7,9.88,9.6,5300,12,nepse_playwright
2026-04-23,RMF2,10.3,10.0,10.3,10.0,133300,12,nepse_playwright
2026-04-23,RSY,10.3,10.03,10.33,10.03,8750,32,nepse_playwright
2026-04-23,SAGF,10.11,10.0,10.2,10.0,3176,15,nepse_playwright
2026-04-23,SBCF,9.88,9.55,9.88,9.55,55788,18,nepse_playwright
2026-04-23,SEF,9.9,9.8,9.9,9.8,1400,2,nepse_playwright
2026-04-23,SFEF,10.05,10.1,10.1,10.05,27100,10,nepse_playwright
2026-04-23,SFMF,10.25,10.25,10.25,10.25,200,2,nepse_playwright
2026-04-23,SIGS2,10.3,10.3,10.3,10.3,199,1,nepse_playwright
2026-04-23,SIGS3,10.77,10.77,10.8,10.77,700,7,nepse_playwright
2026-04-23,SLCF,9.88,9.83,10.12,9.83,12700,25,nepse_playwright
2026-04-24,C30MF,10.1,10.0,10.1,10.0,990,4,nepse_playwright
2026-04-24,CMF2,9.9,10.0,9.9,9.9,100,1,nepse_playwright
2026-04-24,GBIMESY2,9.27,9.34,9.35,9.27,400,4,nepse_playwright
2026-04-24,GIBF1,11.25,11.2,11.25,10.99,72330,14,nepse_playwright
2026-04-24,GSY,10.0,9.89,10.1,9.89,23150,40,nepse_playwright
2026-04-24,H8020,11.91,11.95,12.1,11.72,1900,11,nepse_playwright
2026-04-24,HLICF,9.3,9.04,9.3,8.87,2100,12,nepse_playwright
2026-04-24,KDBY,11.54,11.27,11.58,11.27,43660,63,nepse_playwright
2026-04-24,KEF,10.86,10.57,10.88,10.57,37450,30,nepse_playwright
2026-04-24,KSY,9.86,9.6,10.0,9.85,16350,19,nepse_playwright
2026-04-24,LUK,9.67,9.91,9.67,9.67,200,1,nepse_playwright
2026-04-24,LVF2,9.86,9.9,9.86,9.84,1800,7,nepse_playwright
2026-04-24,MBLEF,10.1,10.3,10.2,10.1,1550,12,nepse_playwright
2026-04-24,MMF1,9.56,9.51,9.99,9.39,18370,41,nepse_playwright
2026-04-24,MNMF1,9.93,9.9,10.0,9.9,39000,36,nepse_playwright
2026-04-24,NBF2,9.95,10.1,9.95,9.9,2400,4,nepse_playwright
2026-04-24,NBF3,9.9,9.91,9.96,9.62,19460,21,nepse_playwright
2026-04-24,NIBLGF,9.38,9.4,9.4,9.34,8430,12,nepse_playwright
2026-04-24,NIBLSTF,9.25,9.25,9.25,9.25,2600,12,nepse_playwright
2026-04-24,NIBSF2,9.27,9.35,9.27,9.26,700,3,nepse_playwright
2026-04-24,NICBF,9.47,9.7,9.47,9.42,1600,3,nepse_playwright
2026-04-24,NICFC,9.2,9.5,9.29,9.02,1100,10,nepse_playwright
2026-04-24,NICGF2,9.22,9.4,9.22,9.2,1200,12,nepse_playwright
2026-04-24,NICSF,9.2,9.18,9.37,9.01,4416,19,nepse_playwright
2026-04-24,NMB50,10.66,10.33,10.66,10.35,1500,3,nepse_playwright
2026-04-24,NMBHF2,9.7,9.86,9.87,9.7,43600,16,nepse_playwright
2026-04-24,NSIF2,11.0,10.82,11.0,10.7,148100,15,nepse_playwright
2026-04-24,PRSF,13.22,13.15,13.22,12.93,757611,41,nepse_playwright
2026-04-24,PSF,12.3,12.13,12.38,12.13,31300,18,nepse_playwright
2026-04-24,RBBF40,9.36,9.38,9.47,9.16,2200,14,nepse_playwright
2026-04-24,RMF1,9.58,9.65,9.88,9.55,19700,14,nepse_playwright
2026-04-24,RMF2,10.01,10.0,10.3,10.0,17200,7,nepse_playwright
2026-04-24,RSY,10.18,10.01,10.3,10.01,33850,22,nepse_playwright
2026-04-24,SAGF,10.15,10.11,10.16,10.12,1000,10,nepse_playwright
2026-04-24,SBCF,9.65,9.88,9.65,9.59,1400,6,nepse_playwright
2026-04-24,SEF,9.9,9.9,10.1,9.9,2200,4,nepse_playwright
2026-04-24,SFEF,10.1,10.05,10.1,10.0,300,3,nepse_playwright
2026-04-24,SFMF,10.5,10.25,10.5,10.2,1500,2,nepse_playwright
2026-04-24,SIGS2,10.08,10.3,10.39,10.08,600,2,nepse_playwright
2026-04-24,SIGS3,10.8,11.0,11.0,10.77,16540,11,nepse_playwright
2026-04-24,SLCF,9.77,9.85,9.85,9.75,2250,7,nepse_playwright
2026-04-27,C30MF,10.0,10.1,10.0,9.9,700,4,nepse_playwright
2026-04-27,CMF2,9.86,9.9,9.91,9.63,1525,6,nepse_playwright
2026-04-27,GBIMESY2,9.53,9.27,9.82,9.13,9240,24,nepse_playwright
2026-04-27,GIBF1,10.86,10.69,11.0,10.69,2500,22,nepse_playwright
2026-04-27,GSY,9.9,10.0,10.1,9.89,7990,45,nepse_playwright
2026-04-27,H8020,12.0,11.91,12.0,11.7,2600,14,nepse_playwright
2026-04-27,HLICF,9.03,9.3,9.03,8.9,1400,14,nepse_playwright
2026-04-27,KDBY,11.61,11.54,11.84,11.3,232400,67,nepse_playwright
2026-04-27,KEF,10.89,10.86,10.9,10.7,45550,28,nepse_playwright
2026-04-27,KSY,9.61,9.86,9.85,9.59,2820,13,nepse_playwright
2026-04-27,LUK,9.92,9.67,9.92,9.41,21735,23,nepse_playwright
2026-04-27,LVF2,10.15,9.86,10.15,9.84,1600,12,nepse_playwright
2026-04-27,MBLEF,10.29,10.1,10.3,9.84,4600,29,nepse_playwright
2026-04-27,MMF1,9.7,9.56,9.98,8.87,24847,63,nepse_playwright
2026-04-27,MNMF1,10.0,9.93,10.02,9.82,99280,29,nepse_playwright
2026-04-27,NBF2,10.0,9.95,10.0,9.75,6200,5,nepse_playwright
2026-04-27,NBF3,9.87,9.9,10.0,9.75,13900,33,nepse_playwright
2026-04-27,NIBLGF,9.35,9.38,9.35,9.25,427,3,nepse_playwright
2026-04-27,NIBLSTF,9.2,9.25,9.2,9.01,1800,11,nepse_playwright
2026-04-27,NIBSF2,9.38,9.27,9.39,9.0,7150,22,nepse_playwright
2026-04-27,NICBF,9.47,9.47,9.47,9.47,0,0,nepse_playwright
2026-04-27,NICFC,9.26,9.2,9.32,9.0,2000,20,nepse_playwright
2026-04-27,NICGF2,9.36,9.22,9.36,9.0,2200,20,nepse_playwright
2026-04-27,NICSF,9.26,9.2,9.4,9.2,4400,15,nepse_playwright
2026-04-27,NMB50,10.74,10.66,10.75,10.45,46633,11,nepse_playwright
2026-04-27,NMBHF2,9.65,9.7,10.0,9.41,1003127,36,nepse_playwright
2026-04-27,NSIF2,11.0,11.0,11.0,10.8,11800,10,nepse_playwright
2026-04-27,PRSF,13.2,13.22,13.25,12.92,16300,16,nepse_playwright
2026-04-27,PSF,12.3,12.3,12.3,12.0,6180,16,nepse_playwright
2026-04-27,RBBF40,9.48,9.36,9.48,9.1,3250,20,nepse_playwright
2026-04-27,RMF1,9.59,9.58,9.85,9.57,13938,18,nepse_playwright
2026-04-27,RMF2,10.4,10.01,10.4,10.0,3600,6,nepse_playwright
2026-04-27,RSY,10.0,10.18,10.4,10.0,7100,40,nepse_playwright
2026-04-27,SAGF,10.15,10.15,10.25,10.02,1700,10,nepse_playwright
2026-04-27,SBCF,9.6,9.65,9.65,9.52,1900,7,nepse_playwright
2026-04-27,SEF,9.9,9.9,10.0,9.8,20575,6,nepse_playwright
2026-04-27,SFEF,9.95,10.1,10.0,9.9,300,3,nepse_playwright
2026-04-27,SFMF,10.7,10.5,10.77,10.59,20743,9,nepse_playwright
2026-04-27,SIGS2,10.3,10.08,10.3,10.0,21022,5,nepse_playwright
2026-04-27,SIGS3,10.78,10.8,11.0,10.77,1100,4,nepse_playwright
2026-04-27,SLCF,9.7,9.77,9.7,9.5,4250,10,nepse_playwright
2026-04-28,C30MF,10.0,10.0,10.2,9.9,1500,7,nepse_playwright
2026-04-28,CMF2,10.1,9.86,10.1,10.1,100,1,nepse_playwright
2026-04-28,GBIMESY2,9.35,9.53,9.52,9.17,5310,21,nepse_playwright
2026-04-28,GIBF1,11.16,10.86,11.18,10.73,26630,20,nepse_playwright
2026-04-28,GSY,9.9,9.9,10.0,9.85,4910,39,nepse_playwright
2026-04-28,H8020,11.71,12.0,12.0,11.68,8980,14,nepse_playwright
2026-04-28,HLICF,9.02,9.03,9.3,8.91,6600,16,nepse_playwright
2026-04-28,KDBY,11.54,11.61,11.61,11.3,170133,53,nepse_playwright
2026-04-28,KEF,10.79,10.89,10.8,10.7,5400,20,nepse_playwright
2026-04-28,KSY,9.49,9.61,9.49,9.45,600,6,nepse_playwright
2026-04-28,LUK,9.84,9.92,10.12,9.84,33300,8,nepse_playwright
2026-04-28,LVF2,10.16,10.15,10.16,9.86,28960,22,nepse_playwright
2026-04-28,MBLEF,10.05,10.29,10.2,9.99,2400,19,nepse_playwright
2026-04-28,MMF1,9.66,9.7,9.99,9.07,10673,41,nepse_playwright
2026-04-28,MNMF1,9.89,10.0,10.0,9.55,3250,20,nepse_playwright
2026-04-28,NBF2,9.94,10.0,10.24,9.94,2300,5,nepse_playwright
2026-04-28,NBF3,9.86,9.87,10.05,9.81,23250,45,nepse_playwright
2026-04-28,NIBLGF,9.29,9.35,9.35,9.24,2800,16,nepse_playwright
2026-04-28,NIBLSTF,9.02,9.2,9.2,9.01,20089,22,nepse_playwright
2026-04-28,NIBSF2,9.5,9.38,9.5,9.16,5810,17,nepse_playwright
2026-04-28,NICBF,9.47,9.47,9.48,9.47,5100,2,nepse_playwright
2026-04-28,NICFC,9.27,9.26,9.27,9.1,2200,22,nepse_playwright
2026-04-28,NICGF2,9.5,9.36,9.64,9.08,5821,27,nepse_playwright
2026-04-28,NICSF,9.16,9.26,9.25,9.1,5150,14,nepse_playwright
2026-04-28,NMB50,10.51,10.74,10.51,10.51,1000,1,nepse_playwright
2026-04-28,NMBHF2,9.62,9.17,9.89,9.17,5060,23,nepse_playwright
2026-04-28,NSIF2,11.03,11.0,11.12,10.75,67120,23,nepse_playwright
2026-04-28,PRSF,12.98,13.2,13.28,12.82,476300,45,nepse_playwright
2026-04-28,PSF,12.17,12.3,13.0,12.04,41555,26,nepse_playwright
2026-04-28,RBBF40,9.31,9.48,9.48,9.23,3900,23,nepse_playwright
2026-04-28,RMF1,9.88,9.59,9.98,9.58,19150,26,nepse_playwright
2026-04-28,RMF2,10.2,10.4,10.71,10.2,441003,19,nepse_playwright
2026-04-28,RSY,9.97,10.0,10.14,9.85,2737,21,nepse_playwright
2026-04-28,SAGF,10.11,10.15,10.15,10.1,900,9,nepse_playwright
2026-04-28,SBCF,9.6,9.6,9.7,9.42,9650,16,nepse_playwright
2026-04-28,SEF,9.77,9.9,9.77,9.77,1500,1,nepse_playwright
2026-04-28,SFEF,10.1,9.95,10.12,9.85,1900,8,nepse_playwright
2026-04-28,SFMF,10.7,10.7,10.7,10.7,0,0,nepse_playwright
2026-04-28,SIGS2,10.5,10.3,10.5,10.3,4610,3,nepse_playwright
2026-04-28,SIGS3,10.77,10.78,11.05,10.77,1150,8,nepse_playwright
2026-04-28,SLCF,9.75,9.7,9.98,9.7,4850,9,nepse_playwright
2026-04-29,C30MF,9.9,10.0,10.1,9.9,43200,7,nepse_playwright
2026-04-29,CMF2,9.85,10.1,9.99,9.83,12644,3,nepse_playwright
2026-04-29,GBIMESY2,9.31,9.35,9.38,9.1,2600,15,nepse_playwright
2026-04-29,GIBF1,10.85,11.16,10.85,10.84,11600,13,nepse_playwright
2026-04-29,GSY,9.83,9.9,9.9,9.71,6360,41,nepse_playwright
2026-04-29,H8020,11.65,11.71,11.74,11.4,11500,21,nepse_playwright
2026-04-29,HLICF,8.96,9.02,9.02,8.82,3800,19,nepse_playwright
2026-04-29,KDBY,11.38,11.54,11.5,11.25,23420,42,nepse_playwright
2026-04-29,KEF,10.64,10.79,10.92,10.6,81147,45,nepse_playwright
2026-04-29,KSY,9.59,9.49,9.59,9.31,850,4,nepse_playwright
2026-04-29,LUK,9.84,9.84,9.84,9.84,0,0,nepse_playwright
2026-04-29,LVF2,10.2,10.16,10.2,9.66,32050,23,nepse_playwright
2026-04-29,MBLEF,9.95,10.05,10.2,9.55,1420,11,nepse_playwright
2026-04-29,MMF1,9.6,9.66,9.68,9.22,18600,34,nepse_playwright
2026-04-29,MNMF1,10.02,9.89,10.02,9.6,32100,31,nepse_playwright
2026-04-29,NBF2,10.15,9.94,10.2,9.9,10100,6,nepse_playwright
2026-04-29,NBF3,9.85,9.86,10.03,9.81,14300,20,nepse_playwright
2026-04-29,NIBLGF,9.31,9.29,9.42,9.14,3500,13,nepse_playwright
2026-04-29,NIBLSTF,9.05,9.02,9.3,8.95,21300,18,nepse_playwright
2026-04-29,NIBSF2,9.5,9.5,9.5,8.98,5150,17,nepse_playwright
2026-04-29,NICBF,9.47,9.47,9.98,9.47,10000,5,nepse_playwright
2026-04-29,NICFC,9.27,9.27,9.27,9.0,1700,14,nepse_playwright
2026-04-29,NICGF2,9.78,9.5,9.78,9.06,23669,25,nepse_playwright
2026-04-29,NICSF,9.4,9.16,9.4,9.15,1900,7,nepse_playwright
2026-04-29,NMB50,10.79,10.51,10.79,10.79,1000,1,nepse_playwright
2026-04-29,NMBHF2,9.59,9.62,9.88,9.35,15500,37,nepse_playwright
2026-04-29,NSIF2,10.99,11.03,11.0,10.71,3105,10,nepse_playwright
2026-04-29,PRSF,13.05,12.98,13.3,12.6,1149798,48,nepse_playwright
2026-04-29,PSF,12.2,12.17,12.4,11.92,9140,27,nepse_playwright
2026-04-29,RBBF40,9.31,9.31,9.47,9.2,2700,20,nepse_playwright
2026-04-29,RMF1,9.62,9.88,9.88,9.6,7100,10,nepse_playwright
2026-04-29,RMF2,10.0,10.2,10.0,10.0,100,1,nepse_playwright
2026-04-29,RSY,10.06,9.97,10.25,9.76,4400,28,nepse_playwright
2026-04-29,SAGF,10.06,10.0,10.2,10.0,11500,18,nepse_playwright
2026-04-29,SBCF,9.54,9.6,9.7,9.51,6050,15,nepse_playwright
2026-04-29,SEF,9.99,9.77,10.0,9.81,26550,16,nepse_playwright
2026-04-29,SFEF,9.99,10.0,10.1,9.99,90350,18,nepse_playwright
2026-04-29,SFMF,10.69,10.7,10.69,10.38,5600,4,nepse_playwright
2026-04-29,SIGS2,10.2,10.5,10.2,10.2,13900,4,nepse_playwright
2026-04-29,SIGS3,10.5,10.77,10.77,10.46,1453,8,nepse_playwright
2026-04-29,SLCF,9.8,9.75,9.9,9.51,19900,16,nepse_playwright
2026-04-30,C30MF,10.07,9.9,10.07,9.8,30320,11,nepse_playwright
2026-04-30,CMF2,9.85,9.85,9.85,9.85,0,0,nepse_playwright
2026-04-30,GBIMESY2,9.2,9.04,9.42,9.01,7790,12,nepse_playwright
2026-04-30,GIBF1,11.0,10.85,11.0,10.85,2500,18,nepse_playwright
2026-04-30,GSY,9.78,9.75,10.03,9.75,4110,32,nepse_playwright
2026-04-30,H8020,11.51,11.51,11.85,11.51,7127,21,nepse_playwright
2026-04-30,HLICF,8.93,8.8,9.2,8.8,6000,23,nepse_playwright
2026-04-30,KDBY,11.7,11.25,11.7,11.21,22140,77,nepse_playwright
2026-04-30,KEF,10.57,10.6,10.7,10.57,46400,29,nepse_playwright
2026-04-30,KSY,9.51,9.35,9.51,9.35,1750,10,nepse_playwright
2026-04-30,LUK,9.94,9.94,9.94,9.65,4500,9,nepse_playwright
2026-04-30,LVF2,10.2,10.11,10.2,9.96,2970,13,nepse_playwright
2026-04-30,MBLEF,10.0,9.85,10.14,9.85,3600,15,nepse_playwright
2026-04-30,MMF1,9.56,9.7,9.7,9.29,11300,33,nepse_playwright
2026-04-30,MNMF1,9.85,9.72,10.0,9.72,6260,22,nepse_playwright
2026-04-30,NBF2,10.0,10.0,10.0,9.87,1700,6,nepse_playwright
2026-04-30,NBF3,9.78,9.65,9.89,9.65,18650,18,nepse_playwright
2026-04-30,NIBLGF,9.65,9.1,9.65,9.1,7200,6,nepse_playwright
2026-04-30,NIBLSTF,9.0,8.96,9.0,8.96,41095,25,nepse_playwright
2026-04-30,NIBSF2,9.27,9.23,9.5,9.23,13409,14,nepse_playwright
2026-04-30,NICBF,9.5,9.47,9.5,9.47,3890,5,nepse_playwright
2026-04-30,NICFC,9.18,9.0,9.25,9.0,7550,20,nepse_playwright
2026-04-30,NICGF2,9.31,9.49,9.49,9.3,400,3,nepse_playwright
2026-04-30,NICSF,9.38,9.3,9.38,9.07,7850,20,nepse_playwright
2026-04-30,NMB50,10.5,10.5,10.5,10.5,15000,1,nepse_playwright
2026-04-30,NMBHF2,9.47,9.58,9.58,9.45,5065,24,nepse_playwright
2026-04-30,NSIF2,10.81,10.8,11.0,10.66,34255,12,nepse_playwright
2026-04-30,PRSF,12.98,12.82,13.07,12.82,20500,19,nepse_playwright
2026-04-30,PSF,12.3,12.01,12.3,12.01,19200,31,nepse_playwright
2026-04-30,RBBF40,9.21,9.15,9.98,9.15,3076,20,nepse_playwright
2026-04-30,RMF1,9.76,9.7,9.9,9.7,24335,16,nepse_playwright
2026-04-30,RMF2,10.1,10.02,10.2,10.02,1200,7,nepse_playwright
2026-04-30,RSY,10.3,9.76,10.3,9.53,2800,18,nepse_playwright
2026-04-30,SAGF,10.1,10.0,10.4,10.0,22320,15,nepse_playwright
2026-04-30,SBCF,9.52,9.6,9.6,9.52,2600,4,nepse_playwright
2026-04-30,SEF,9.82,9.8,9.98,9.8,23799,8,nepse_playwright
2026-04-30,SFEF,9.99,9.9,9.99,9.9,1800,6,nepse_playwright
2026-04-30,SFMF,10.38,10.39,10.39,10.38,6600,2,nepse_playwright
2026-04-30,SIGS2,9.99,9.97,10.25,9.96,9515,6,nepse_playwright
2026-04-30,SIGS3,10.71,10.25,10.71,10.25,900,8,nepse_playwright
2026-04-30,SLCF,9.7,9.53,9.8,9.53,4750,11,nepse_playwright
2026-05-04,C30MF,10.0,10.07,10.07,9.8,1608,4,nepse_playwright
2026-05-04,CMF2,9.8,9.8,9.8,9.8,1000,1,nepse_playwright
2026-05-04,GBIMESY2,9.15,9.0,9.18,9.0,13110,14,nepse_playwright
2026-05-04,GIBF1,10.62,10.84,10.84,10.61,2900,14,nepse_playwright
2026-05-04,GSY,9.6,9.57,9.8,9.57,3120,29,nepse_playwright
2026-05-04,H8020,11.63,11.51,11.63,11.21,21150,21,nepse_playwright
2026-05-04,HLICF,9.03,8.93,9.3,8.82,9770,18,nepse_playwright
2026-05-04,KDBY,11.39,12.28,12.28,11.26,70150,43,nepse_playwright
2026-05-04,KEF,10.57,10.59,10.64,10.56,112920,43,nepse_playwright
2026-05-04,KSY,9.51,9.23,9.51,9.23,600,6,nepse_playwright
2026-05-04,LUK,9.95,9.95,9.95,9.95,1400,4,nepse_playwright
2026-05-04,LVF2,10.19,10.2,10.2,9.71,2800,11,nepse_playwright
2026-05-04,MBLEF,9.88,10.0,10.2,9.86,2800,17,nepse_playwright
2026-05-04,MMF1,9.56,9.56,9.8,9.08,26750,47,nepse_playwright
2026-05-04,MNMF1,9.71,9.56,9.75,9.56,10300,25,nepse_playwright
2026-05-04,NBF2,9.86,9.84,10.12,9.84,1900,9,nepse_playwright
2026-05-04,NBF3,9.88,9.62,9.98,9.62,36559,38,nepse_playwright
2026-05-04,NIBLGF,9.22,9.4,9.5,9.22,2200,9,nepse_playwright
2026-05-04,NIBLSTF,9.0,9.0,9.44,8.8,152373,56,nepse_playwright
2026-05-04,NIBSF2,9.12,9.02,9.2,9.02,3050,10,nepse_playwright
2026-05-04,NICBF,9.31,9.47,9.47,9.19,6844,8,nepse_playwright
2026-05-04,NICFC,9.15,8.97,9.43,8.97,9200,24,nepse_playwright
2026-05-04,NICGF2,9.57,9.05,9.57,9.05,16175,12,nepse_playwright
2026-05-04,NICSF,9.25,9.1,9.67,8.89,54830,39,nepse_playwright
2026-05-04,NMB50,10.31,10.32,10.32,10.31,1600,5,nepse_playwright
2026-05-04,NMBHF2,9.27,9.45,9.7,9.27,55200,34,nepse_playwright
2026-05-04,NSIF2,10.55,10.51,10.55,10.51,2600,9,nepse_playwright
2026-05-04,PRSF,12.95,12.84,12.97,12.8,16100,15,nepse_playwright
2026-05-04,PSF,12.15,12.0,12.15,12.0,5140,14,nepse_playwright
2026-05-04,RBBF40,9.4,9.15,9.45,9.15,1800,14,nepse_playwright
2026-05-04,RMF1,10.0,9.76,10.0,9.5,5199,16,nepse_playwright
2026-05-04,RMF2,10.01,10.02,10.1,10.01,2750,5,nepse_playwright
2026-05-04,RSY,10.0,10.3,10.3,9.96,7700,14,nepse_playwright
2026-05-04,SAGF,10.11,10.0,10.11,10.0,15200,8,nepse_playwright
2026-05-04,SBCF,9.44,9.5,9.5,9.43,2900,10,nepse_playwright
2026-05-04,SEF,9.82,9.82,9.82,9.82,0,0,nepse_playwright
2026-05-04,SFEF,9.77,9.76,9.77,9.76,1200,3,nepse_playwright
2026-05-04,SFMF,10.51,10.32,10.62,10.32,4700,5,nepse_playwright
2026-05-04,SIGS2,10.16,10.28,10.28,10.16,16410,4,nepse_playwright
2026-05-04,SIGS3,10.54,10.5,10.54,10.5,1200,8,nepse_playwright
2026-05-04,SLCF,9.72,9.55,9.84,9.42,3750,17,nepse_playwright
2026-05-05,C30MF,9.87,9.7,9.87,9.7,500,4,nepse_playwright
2026-05-05,CMF2,9.8,9.8,9.8,9.8,0,0,nepse_playwright
2026-05-05,GBIMESY2,9.41,9.42,9.7,9.15,1000,10,nepse_playwright
2026-05-05,GIBF1,10.5,10.5,10.5,10.48,3050,20,nepse_playwright
2026-05-05,GSY,9.65,9.59,9.7,9.59,6900,21,nepse_playwright
2026-05-05,H8020,11.34,11.4,12.0,11.3,8650,23,nepse_playwright
2026-05-05,HLICF,9.1,8.81,9.1,8.81,1000,10,nepse_playwright
2026-05-05,KDBY,11.45,11.95,11.95,11.27,4800,36,nepse_playwright
2026-05-05,KEF,10.58,10.46,10.6,10.45,16550,21,nepse_playwright
2026-05-05,KSY,9.31,9.24,9.31,9.24,1050,7,nepse_playwright
2026-05-05,LUK,9.95,9.95,9.96,9.95,2400,3,nepse_playwright
2026-05-05,LVF2,9.95,9.95,10.0,9.95,1000,9,nepse_playwright
2026-05-05,MBLEF,9.97,9.85,10.19,9.85,16270,17,nepse_playwright
2026-05-05,MMF1,9.4,9.56,9.8,9.29,6020,29,nepse_playwright
2026-05-05,MNMF1,9.7,9.42,9.7,9.42,2320,19,nepse_playwright
2026-05-05,NBF2,10.0,10.0,10.0,9.9,20770,4,nepse_playwright
2026-05-05,NBF3,9.93,9.66,9.93,9.66,6550,22,nepse_playwright
2026-05-05,NIBLGF,9.5,9.14,9.5,9.14,5300,15,nepse_playwright
2026-05-05,NIBLSTF,9.07,8.86,9.57,8.67,24250,23,nepse_playwright
2026-05-05,NIBSF2,9.15,9.03,9.52,9.03,2780,12,nepse_playwright
2026-05-05,NICBF,9.74,9.19,9.74,9.19,1810,5,nepse_playwright
2026-05-05,NICFC,9.25,9.1,9.44,8.97,1600,13,nepse_playwright
2026-05-05,NICGF2,9.3,9.29,9.3,9.29,400,4,nepse_playwright
2026-05-05,NICSF,9.28,9.4,9.52,9.2,6400,14,nepse_playwright
2026-05-05,NMB50,10.3,10.6,10.6,10.3,7700,8,nepse_playwright
2026-05-05,NMBHF2,9.4,9.34,9.5,9.12,1720,12,nepse_playwright
2026-05-05,NSIF2,10.5,10.8,10.8,10.5,5700,4,nepse_playwright
2026-05-05,PRSF,12.97,12.67,12.97,12.67,600,6,nepse_playwright
2026-05-05,PSF,11.93,12.0,12.0,11.81,12900,13,nepse_playwright
2026-05-05,RBBF40,9.5,9.15,9.5,9.01,3000,19,nepse_playwright
2026-05-05,RMF1,9.73,9.7,9.9,9.7,1200,6,nepse_playwright
2026-05-05,RMF2,10.1,10.01,10.31,10.01,1200,5,nepse_playwright
2026-05-05,RSY,10.1,9.9,10.15,9.9,56000,12,nepse_playwright
2026-05-05,SAGF,10.15,10.0,10.2,10.0,9610,11,nepse_playwright
2026-05-05,SBCF,9.75,9.39,9.75,9.32,10150,19,nepse_playwright
2026-05-05,SEF,9.9,9.92,10.1,9.8,14200,14,nepse_playwright
2026-05-05,SFEF,10.0,9.76,10.0,9.76,1500,6,nepse_playwright
2026-05-05,SFMF,10.4,10.31,10.4,10.31,500,2,nepse_playwright
2026-05-05,SIGS2,10.2,10.1,10.2,10.1,799,3,nepse_playwright
2026-05-05,SIGS3,10.42,10.35,10.45,10.35,25500,11,nepse_playwright
2026-05-05,SLCF,9.75,9.72,9.75,9.65,6000,17,nepse_playwright
2026-05-06,C30MF,9.9,9.9,9.9,9.9,200,2,nepse_playwright
2026-05-06,CMF2,9.8,9.8,9.8,9.8,4825,4,nepse_playwright
2026-05-06,GBIMESY2,9.5,9.15,9.5,9.0,1800,12,nepse_playwright
2026-05-06,GIBF1,10.56,10.5,10.56,10.5,3150,11,nepse_playwright
2026-05-06,GSY,9.7,9.6,9.88,9.5,28345,39,nepse_playwright
2026-05-06,H8020,11.26,11.3,11.47,11.26,2600,15,nepse_playwright
2026-05-06,HLICF,9.2,8.83,9.25,8.83,2245,17,nepse_playwright
2026-05-06,KDBY,11.41,11.17,11.41,11.17,4550,26,nepse_playwright
2026-05-06,KEF,10.6,10.58,10.6,10.52,15100,24,nepse_playwright
2026-05-06,KSY,9.5,9.26,9.5,9.26,1100,7,nepse_playwright
2026-05-06,LUK,10.0,9.91,10.1,9.91,3500,8,nepse_playwright
2026-05-06,LVF2,9.71,9.7,10.0,9.7,1000,9,nepse_playwright
2026-05-06,MBLEF,10.1,9.89,10.1,9.76,2200,17,nepse_playwright
2026-05-06,MMF1,9.51,9.4,9.78,9.2,12563,32,nepse_playwright
2026-05-06,MNMF1,9.81,9.98,9.99,9.7,3600,20,nepse_playwright
2026-05-06,NBF2,9.88,10.1,10.12,9.86,10700,8,nepse_playwright
2026-05-06,NBF3,9.82,9.95,9.99,9.08,35280,53,nepse_playwright
2026-05-06,NIBLGF,9.5,9.33,9.77,9.33,11300,15,nepse_playwright
2026-05-06,NIBLSTF,9.37,8.88,9.39,8.88,37121,19,nepse_playwright
2026-05-06,NIBSF2,9.3,9.3,9.4,9.06,9810,9,nepse_playwright
2026-05-06,NICBF,9.33,9.45,9.45,9.33,400,3,nepse_playwright
2026-05-06,NICFC,9.4,9.11,9.52,9.11,1450,12,nepse_playwright
2026-05-06,NICGF2,9.78,9.3,9.78,9.15,2900,23,nepse_playwright
2026-05-06,NICSF,9.45,9.25,9.55,9.12,27518,23,nepse_playwright
2026-05-06,NMB50,10.31,10.26,10.31,10.26,900,4,nepse_playwright
2026-05-06,NMBHF2,9.36,9.13,9.4,9.13,3100,28,nepse_playwright
2026-05-06,NSIF2,10.99,10.48,10.99,10.29,25750,23,nepse_playwright
2026-05-06,PRSF,12.9,12.66,12.95,12.66,41400,10,nepse_playwright
2026-05-06,PSF,12.28,11.7,12.28,11.7,6700,14,nepse_playwright
2026-05-06,RBBF40,9.77,9.22,9.77,9.16,29250,25,nepse_playwright
2026-05-06,RMF1,9.88,9.89,9.89,9.6,7115,10,nepse_playwright
2026-05-06,RMF2,10.2,10.01,10.2,10.01,550,4,nepse_playwright
2026-05-06,RSY,10.19,9.91,10.19,9.91,28069,15,nepse_playwright
2026-05-06,SAGF,10.0,10.15,10.15,10.0,8550,11,nepse_playwright
2026-05-06,SBCF,9.75,9.51,9.75,9.51,1450,6,nepse_playwright
2026-05-06,SEF,10.0,9.75,10.0,9.75,5175,6,nepse_playwright
2026-05-06,SFEF,9.85,9.8,10.0,9.8,51600,9,nepse_playwright
2026-05-06,SFMF,10.4,10.7,10.7,10.4,15900,3,nepse_playwright
2026-05-06,SIGS2,10.35,10.35,10.4,10.35,7410,8,nepse_playwright
2026-05-06,SIGS3,10.9,10.4,10.9,10.4,25723,10,nepse_playwright
2026-05-06,SLCF,9.88,9.46,9.88,9.46,4210,10,nepse_playwright
2026-05-07,C30MF,9.77,10.0,10.0,9.75,400,4,nepse_playwright
2026-05-07,CMF2,9.8,9.8,9.8,9.8,0,0,nepse_playwright
2026-05-07,GBIMESY2,9.55,9.5,9.78,9.4,5820,18,nepse_playwright
2026-05-07,GIBF1,10.55,10.56,10.56,10.51,2650,16,nepse_playwright
2026-05-07,GSY,9.7,9.52,9.8,9.52,5294,15,nepse_playwright
2026-05-07,H8020,11.64,11.26,12.0,11.26,1415,7,nepse_playwright
2026-05-07,HLICF,9.2,9.0,9.3,9.0,7680,10,nepse_playwright
2026-05-07,KDBY,11.26,11.15,11.46,11.15,8703,39,nepse_playwright
2026-05-07,KEF,10.64,10.54,10.64,10.54,2600,7,nepse_playwright
2026-05-07,KSY,9.5,9.5,9.5,9.5,200,2,nepse_playwright
2026-05-07,LUK,10.1,9.97,10.15,9.91,3800,9,nepse_playwright
2026-05-07,LVF2,9.54,9.54,9.71,9.54,900,9,nepse_playwright
2026-05-07,MBLEF,10.03,10.0,10.2,10.0,20100,19,nepse_playwright
2026-05-07,MMF1,9.63,9.79,9.79,9.22,16420,38,nepse_playwright
2026-05-07,MNMF1,9.72,9.8,9.81,9.72,1500,14,nepse_playwright
2026-05-07,NBF2,10.0,9.86,10.0,9.86,10340,6,nepse_playwright
2026-05-07,NBF3,9.81,9.54,9.96,9.35,14500,34,nepse_playwright
2026-05-07,NIBLGF,9.52,9.25,9.52,9.25,3700,8,nepse_playwright
2026-05-07,NIBLSTF,9.39,9.37,9.6,9.09,4100,13,nepse_playwright
2026-05-07,NIBSF2,9.15,9.2,9.31,9.15,10900,8,nepse_playwright
2026-05-07,NICBF,9.41,9.4,9.41,9.4,300,2,nepse_playwright
2026-05-07,NICFC,9.27,9.13,9.67,9.12,5895,22,nepse_playwright
2026-05-07,NICGF2,9.53,9.49,9.78,9.26,3282,14,nepse_playwright
2026-05-07,NICSF,9.6,9.7,9.7,9.6,200,2,nepse_playwright
2026-05-07,NMB50,10.32,10.31,10.32,10.31,600,2,nepse_playwright
2026-05-07,NMBHF2,9.52,9.35,9.52,9.23,4420,21,nepse_playwright
2026-05-07,NSIF2,10.71,10.7,10.71,10.7,2100,8,nepse_playwright
2026-05-07,PRSF,12.94,12.94,12.94,12.6,80979,24,nepse_playwright
2026-05-07,PSF,12.01,12.28,12.3,12.0,5950,15,nepse_playwright
2026-05-07,RBBF40,9.55,9.5,9.55,9.5,900,9,nepse_playwright
2026-05-07,RMF1,9.8,9.7,9.8,9.6,2400,6,nepse_playwright
2026-05-07,RMF2,10.2,10.02,10.2,10.02,2200,4,nepse_playwright
2026-05-07,RSY,10.13,9.89,10.3,9.89,11600,22,nepse_playwright
2026-05-07,SAGF,10.1,9.92,10.15,9.92,2200,10,nepse_playwright
2026-05-07,SBCF,9.8,9.75,9.85,9.75,17010,15,nepse_playwright
2026-05-07,SEF,9.9,9.9,10.05,9.9,4000,4,nepse_playwright
2026-05-07,SFEF,9.99,9.76,10.05,9.76,55300,5,nepse_playwright
2026-05-07,SFMF,10.31,10.31,10.31,10.31,2500,1,nepse_playwright
2026-05-07,SIGS2,10.34,10.35,10.35,10.3,47350,5,nepse_playwright
2026-05-07,SIGS3,10.62,10.58,10.62,10.58,300,3,nepse_playwright
2026-05-07,SLCF,9.62,9.59,9.62,9.59,1700,5,nepse_playwright
2026-05-08,C30MF,10.06,10.05,10.06,10.05,1000,2,nepse_playwright
2026-05-08,CMF2,10.0,10.0,10.0,10.0,300,1,nepse_playwright
2026-05-08,GIBF1,10.8,10.55,11.0,10.55,1900,14,nepse_playwright
2026-05-08,GSY,9.72,9.7,9.8,9.7,3840,21,nepse_playwright
2026-05-08,H8020,11.37,11.7,11.7,11.37,401,4,nepse_playwright
2026-05-08,HLICF,9.2,9.2,9.25,9.2,2200,14,nepse_playwright
2026-05-08,KDBY,11.26,11.82,11.82,11.15,11200,53,nepse_playwright
2026-05-08,KEF,10.52,10.46,10.6,10.46,54200,18,nepse_playwright
2026-05-08,KSY,9.3,9.22,9.3,9.22,500,5,nepse_playwright
2026-05-08,LUK,10.0,10.1,10.14,9.85,2756,8,nepse_playwright
2026-05-08,LVF2,9.51,9.55,9.55,9.51,310,3,nepse_playwright
2026-05-08,MBLEF,10.13,10.2,10.2,9.97,12350,27,nepse_playwright
2026-05-08,MMF1,9.5,9.35,9.9,9.35,42403,47,nepse_playwright
2026-05-08,MNMF1,9.73,9.44,9.88,9.44,3040,11,nepse_playwright
2026-05-08,NBF2,10.18,10.0,10.18,10.0,12220,11,nepse_playwright
2026-05-08,NBF3,9.88,9.63,9.88,9.63,15120,17,nepse_playwright
2026-05-08,NIBLGF,9.57,9.3,9.6,9.3,3000,10,nepse_playwright
2026-05-08,NIBLSTF,9.49,8.93,9.64,8.93,13900,19,nepse_playwright
2026-05-08,NIBSF2,9.22,9.15,9.43,9.15,28360,12,nepse_playwright
2026-05-08,NICBF,9.95,9.69,9.95,9.69,2300,3,nepse_playwright
2026-05-08,NICFC,9.4,9.2,9.5,9.2,1400,12,nepse_playwright
2026-05-08,NICGF2,9.52,9.25,9.81,9.25,42758,27,nepse_playwright
2026-05-08,NICSF,9.7,9.32,9.7,9.25,14850,19,nepse_playwright
2026-05-08,NMB50,10.79,10.31,10.79,10.3,5410,7,nepse_playwright
2026-05-08,NMBHF2,9.6,9.61,9.88,9.6,153316,41,nepse_playwright
2026-05-08,NSIF2,10.98,11.03,11.03,10.67,25935,11,nepse_playwright
2026-05-08,PRSF,12.97,12.66,12.97,12.66,115400,20,nepse_playwright
2026-05-08,PSF,12.35,11.97,12.35,11.97,23940,25,nepse_playwright
2026-05-08,RBBF40,9.33,9.29,9.5,9.29,1000,10,nepse_playwright
2026-05-08,RMF1,10.11,9.58,10.11,9.51,67050,24,nepse_playwright
2026-05-08,RMF2,10.2,10.2,10.2,10.2,0,0,nepse_playwright
2026-05-08,RSY,10.13,9.93,10.2,9.93,12100,21,nepse_playwright
2026-05-08,SAGF,10.15,9.92,10.15,9.92,39500,14,nepse_playwright
2026-05-08,SBCF,9.8,9.55,9.8,9.55,3365,10,nepse_playwright
2026-05-08,SEF,9.9,10.12,10.12,9.9,1500,4,nepse_playwright
2026-05-08,SFEF,10.0,9.81,10.0,9.81,25900,7,nepse_playwright
2026-05-08,SFMF,10.4,10.25,10.4,10.25,14300,5,nepse_playwright
2026-05-08,SIGS2,10.61,10.61,10.61,10.61,940,1,nepse_playwright
2026-05-08,SIGS3,10.42,10.31,10.63,10.31,1600,5,nepse_playwright
2026-05-08,SLCF,9.9,9.62,9.9,9.62,43500,12,nepse_playwright
2026-05-08,GBIMESY2,9.3,9.5,9.5,9.1,15580,14,nepse_playwright
2026-05-11,C30MF,10.0,10.0,10.0,10.0,800,3,nepse_playwright
2026-05-11,CMF2,10.0,9.72,10.01,9.72,3835,10,nepse_playwright
2026-05-11,GBIMESY2,9.4,9.2,9.4,9.2,2200,11,nepse_playwright
2026-05-11,GIBF1,10.8,10.69,10.8,10.63,1400,9,nepse_playwright
2026-05-11,GSY,9.7,9.43,9.94,9.43,16600,20,nepse_playwright
2026-05-11,H8020,11.71,11.36,11.71,11.22,3400,18,nepse_playwright
2026-05-11,HLICF,9.1,9.2,9.35,9.03,17030,14,nepse_playwright
2026-05-11,KDBY,12.54,11.13,12.54,11.13,24500,58,nepse_playwright
2026-05-11,KEF,10.68,10.36,10.8,10.21,18285,23,nepse_playwright
2026-05-11,KSY,9.74,9.22,9.74,9.22,3640,13,nepse_playwright
2026-05-11,LUK,9.95,10.0,10.0,9.94,2750,6,nepse_playwright
2026-05-11,LVF2,9.4,9.52,9.8,9.37,10910,15,nepse_playwright
2026-05-11,MBLEF,10.02,10.1,10.3,10.0,23400,31,nepse_playwright
2026-05-11,MMF1,9.51,9.5,9.9,9.31,18635,37,nepse_playwright
2026-05-11,MNMF1,9.9,9.75,10.04,9.75,41050,34,nepse_playwright
2026-05-11,NBF2,10.0,10.0,10.0,10.0,300,2,nepse_playwright
2026-05-11,NBF3,9.93,9.88,9.97,9.88,38958,30,nepse_playwright
2026-05-11,NIBLGF,9.5,9.5,9.5,9.5,200,1,nepse_playwright
2026-05-11,NIBLSTF,9.6,9.47,9.66,9.3,6800,14,nepse_playwright
2026-05-11,NIBSF2,9.16,9.03,9.3,9.03,2700,12,nepse_playwright
2026-05-11,NICBF,9.95,9.95,9.95,9.95,0,0,nepse_playwright
2026-05-11,NICFC,9.57,9.21,9.57,9.21,5250,23,nepse_playwright
2026-05-11,NICGF2,9.4,9.5,9.78,9.33,3982,22,nepse_playwright
2026-05-11,NICSF,9.6,9.97,9.97,9.25,2900,18,nepse_playwright
2026-05-11,NMB50,10.5,10.5,10.8,10.49,19300,10,nepse_playwright
2026-05-11,NMBHF2,9.88,9.36,9.89,9.36,20150,29,nepse_playwright
2026-05-11,NSIF2,10.9,10.66,10.9,10.66,1650,8,nepse_playwright
2026-05-11,PRSF,13.14,12.68,13.19,12.68,150400,18,nepse_playwright
2026-05-11,PSF,12.51,11.99,12.51,11.99,11400,38,nepse_playwright
2026-05-11,RBBF40,9.6,9.33,9.75,9.33,6900,19,nepse_playwright
2026-05-11,RMF1,10.0,10.0,10.0,9.99,7782,9,nepse_playwright
2026-05-11,RMF2,10.2,10.1,10.2,10.1,600,5,nepse_playwright
2026-05-11,RSY,10.13,9.96,10.42,9.96,105400,29,nepse_playwright
2026-05-11,SAGF,10.2,10.0,10.45,10.0,4700,7,nepse_playwright
2026-05-11,SBCF,9.71,9.52,9.8,9.52,3600,8,nepse_playwright
2026-05-11,SEF,10.14,10.0,10.14,10.0,26700,9,nepse_playwright
2026-05-11,SFEF,10.2,10.0,10.2,10.0,36100,13,nepse_playwright
2026-05-11,SFMF,10.4,10.6,10.6,10.4,15435,5,nepse_playwright
2026-05-11,SIGS2,10.35,10.35,10.35,10.35,500,1,nepse_playwright
2026-05-11,SIGS3,10.53,10.7,10.73,10.44,2100,7,nepse_playwright
2026-05-11,SLCF,9.95,9.65,9.99,9.65,8900,13,nepse_playwright
2026-05-12,C30MF,10.02,10.27,10.28,10.0,7758,8,nepse_playwright
2026-05-12,CMF2,10.01,10.3,10.3,10.01,7640,3,nepse_playwright
2026-05-12,GBIMESY2,9.49,9.22,9.49,9.22,1800,9,nepse_playwright
2026-05-12,GIBF1,10.69,10.8,10.8,10.62,1600,7,nepse_playwright
2026-05-12,GSY,9.83,9.55,10.0,9.55,7300,56,nepse_playwright
2026-05-12,H8020,11.57,11.52,11.57,11.52,1000,10,nepse_playwright
2026-05-12,HLICF,9.3,8.95,9.3,8.95,2500,15,nepse_playwright
2026-05-12,KDBY,11.5,11.92,11.92,11.3,9193,33,nepse_playwright
2026-05-12,KEF,10.7,10.55,10.99,10.55,11500,22,nepse_playwright
2026-05-12,KSY,9.74,9.45,9.74,9.45,11017,7,nepse_playwright
2026-05-12,LUK,10.19,9.94,10.2,9.94,13000,17,nepse_playwright
2026-05-12,LVF2,9.61,9.43,9.99,9.43,23720,12,nepse_playwright
2026-05-12,MBLEF,10.1,10.05,10.35,10.05,2600,19,nepse_playwright
2026-05-12,MMF1,9.59,9.79,10.07,9.06,7500,38,nepse_playwright
2026-05-12,MNMF1,9.84,9.9,9.9,9.75,4400,14,nepse_playwright
2026-05-12,NBF2,10.0,10.01,10.01,10.0,1600,3,nepse_playwright
2026-05-12,NBF3,9.92,9.73,10.07,9.73,39421,35,nepse_playwright
2026-05-12,NIBLGF,9.5,9.78,9.78,9.5,700,3,nepse_playwright
2026-05-12,NIBLSTF,9.29,9.32,9.4,9.29,2900,9,nepse_playwright
2026-05-12,NIBSF2,9.48,9.16,9.48,9.1,2600,11,nepse_playwright
2026-05-12,NICBF,9.66,9.66,9.66,9.66,500,2,nepse_playwright
2026-05-12,NICFC,9.4,9.3,9.57,9.3,1910,11,nepse_playwright
2026-05-12,NICGF2,9.3,9.4,9.4,9.25,1800,9,nepse_playwright
2026-05-12,NICSF,9.58,9.4,9.6,9.32,1500,8,nepse_playwright
2026-05-12,NMB50,10.53,10.61,10.81,10.53,80101,22,nepse_playwright
2026-05-12,NMBHF2,9.63,9.8,9.8,9.61,33600,25,nepse_playwright
2026-05-12,NSIF2,10.7,10.59,10.7,10.59,300,3,nepse_playwright
2026-05-12,PRSF,13.1,13.1,13.14,12.84,71800,8,nepse_playwright
2026-05-12,PSF,12.03,12.22,12.22,12.02,49100,24,nepse_playwright
2026-05-12,RBBF40,9.88,9.34,9.88,9.34,2100,16,nepse_playwright
2026-05-12,RMF1,10.09,9.85,10.09,9.8,4750,15,nepse_playwright
2026-05-12,RMF2,10.15,10.1,10.2,10.1,600,4,nepse_playwright
2026-05-12,RSY,10.15,10.0,10.39,10.0,14820,43,nepse_playwright
2026-05-12,SAGF,10.21,10.14,10.22,10.14,1600,6,nepse_playwright
2026-05-12,SBCF,9.99,9.8,10.0,9.7,26400,18,nepse_playwright
2026-05-12,SEF,10.05,10.1,10.2,10.0,30540,11,nepse_playwright
2026-05-12,SFEF,10.07,10.2,10.2,10.07,60490,7,nepse_playwright
2026-05-12,SFMF,10.55,10.7,10.7,10.5,9780,6,nepse_playwright
2026-05-12,SIGS2,10.39,10.4,10.5,10.35,4900,7,nepse_playwright
2026-05-12,SIGS3,10.65,10.51,10.65,10.51,1800,7,nepse_playwright
2026-05-12,SLCF,10.0,9.8,10.0,9.8,8200,19,nepse_playwright
2026-05-13,C30MF,10.1,9.82,10.1,9.82,4692,7,nepse_playwright
2026-05-13,CMF2,10.1,10.01,10.1,9.91,9660,5,nepse_playwright
2026-05-13,GBIMESY2,9.5,9.46,9.5,9.46,1600,10,nepse_playwright
2026-05-13,GIBF1,10.67,10.69,10.8,10.65,885,8,nepse_playwright
2026-05-13,GSY,9.83,9.7,10.04,9.7,25500,29,nepse_playwright
2026-05-13,H8020,11.58,11.9,11.9,11.58,3800,13,nepse_playwright
2026-05-13,HLICF,9.12,9.1,9.37,9.1,2330,11,nepse_playwright
2026-05-13,KDBY,11.5,11.18,11.5,11.18,4800,25,nepse_playwright
2026-05-13,KEF,10.84,10.6,10.84,10.6,3100,6,nepse_playwright
2026-05-13,KSY,9.75,9.45,9.75,9.45,1400,8,nepse_playwright
2026-05-13,LUK,10.19,10.0,10.2,10.0,1300,9,nepse_playwright
2026-05-13,LVF2,9.62,9.46,9.62,9.46,800,8,nepse_playwright
2026-05-13,MBLEF,10.19,10.1,10.3,10.1,3400,12,nepse_playwright
2026-05-13,MMF1,9.5,9.34,9.71,9.08,7401,31,nepse_playwright
2026-05-13,MNMF1,9.82,10.0,10.02,9.75,5330,18,nepse_playwright
2026-05-13,NBF2,10.0,10.0,10.0,10.0,4931,4,nepse_playwright
2026-05-13,NBF3,9.89,9.85,10.07,9.85,24815,24,nepse_playwright
2026-05-13,NIBLGF,9.6,9.3,9.6,9.3,600,6,nepse_playwright
2026-05-13,NIBLSTF,9.1,9.29,9.76,9.1,2013,13,nepse_playwright
2026-05-13,NIBSF2,9.47,9.4,9.47,9.21,2200,9,nepse_playwright
2026-05-13,NICBF,9.85,9.85,9.85,9.85,4100,3,nepse_playwright
2026-05-13,NICFC,9.38,9.21,9.38,9.04,2000,18,nepse_playwright
2026-05-13,NICGF2,9.68,9.3,9.75,9.3,3600,20,nepse_playwright
2026-05-13,NICSF,9.24,9.4,9.78,9.14,4400,17,nepse_playwright
2026-05-13,NMB50,10.53,10.53,10.53,10.53,0,0,nepse_playwright
2026-05-13,NMBHF2,9.51,9.35,9.8,9.35,10020,32,nepse_playwright
2026-05-13,NSIF2,10.7,10.62,10.7,10.62,3100,14,nepse_playwright
2026-05-13,PRSF,12.9,13.0,13.05,12.85,36562,8,nepse_playwright
2026-05-13,PSF,11.98,11.87,11.98,11.87,3170,13,nepse_playwright
2026-05-13,RBBF40,9.51,9.59,9.88,9.5,7100,18,nepse_playwright
2026-05-13,RMF1,9.81,9.8,9.81,9.8,1810,4,nepse_playwright
2026-05-13,RMF2,10.11,10.1,10.15,10.1,400,4,nepse_playwright
2026-05-13,RSY,10.14,10.1,10.3,10.03,1500,13,nepse_playwright
2026-05-13,SAGF,10.51,10.21,10.51,10.21,2800,7,nepse_playwright
2026-05-13,SBCF,10.04,10.0,10.04,10.0,5400,6,nepse_playwright
2026-05-13,SEF,10.0,10.05,10.1,9.96,9060,8,nepse_playwright
2026-05-13,SFEF,9.91,9.82,9.91,9.82,700,3,nepse_playwright
2026-05-13,SFMF,10.5,10.5,10.5,10.5,100,1,nepse_playwright
2026-05-13,SIGS2,10.39,10.38,10.39,10.38,725,4,nepse_playwright
2026-05-13,SIGS3,10.62,10.65,10.65,10.61,1000,8,nepse_playwright
2026-05-13,SLCF,9.99,9.7,9.99,9.7,1364,5,nepse_playwright
2026-05-14,C30MF,9.87,10.0,10.1,9.87,2570,5,nepse_playwright
2026-05-14,CMF2,10.1,10.27,10.27,10.09,12100,4,nepse_playwright
2026-05-14,GBIMESY2,9.66,9.5,9.7,9.5,13600,23,nepse_playwright
2026-05-14,GIBF1,10.65,10.65,10.7,10.65,8280,14,nepse_playwright
2026-05-14,GSY,9.87,9.84,10.0,9.84,21950,32,nepse_playwright
2026-05-14,H8020,11.9,11.58,11.9,11.49,2600,14,nepse_playwright
2026-05-14,HLICF,9.27,9.1,9.27,8.77,262500,28,nepse_playwright
2026-05-14,KDBY,11.4,11.74,11.74,11.24,50880,27,nepse_playwright
2026-05-14,KEF,10.65,10.61,10.8,10.61,6100,16,nepse_playwright
2026-05-14,KSY,9.41,9.51,9.79,9.41,57600,19,nepse_playwright
2026-05-14,LUK,9.96,10.1,10.1,9.95,11750,8,nepse_playwright
2026-05-14,LVF2,9.66,9.62,9.9,9.62,1400,10,nepse_playwright
2026-05-14,MBLEF,10.1,10.1,10.1,10.0,642550,26,nepse_playwright
2026-05-14,MMF1,9.4,9.34,9.6,9.23,2900,19,nepse_playwright
2026-05-14,MNMF1,9.92,9.64,9.92,9.64,3650,17,nepse_playwright
2026-05-14,NBF2,10.0,10.0,10.0,10.0,100,1,nepse_playwright
2026-05-14,NBF3,9.95,9.87,9.95,9.87,17300,23,nepse_playwright
2026-05-14,NIBLGF,9.35,9.7,9.88,9.35,4300,11,nepse_playwright
2026-05-14,NIBLSTF,9.43,9.04,9.59,9.04,2820,19,nepse_playwright
2026-05-14,NIBSF2,9.3,9.22,9.39,9.22,4629,6,nepse_playwright
2026-05-14,NICBF,9.83,9.83,9.83,9.83,750,2,nepse_playwright
2026-05-14,NICFC,9.34,9.17,9.52,9.17,12400,24,nepse_playwright
2026-05-14,NICGF2,9.5,9.9,9.9,9.4,3800,9,nepse_playwright
2026-05-14,NICSF,9.25,9.25,9.25,9.0,29101,19,nepse_playwright
2026-05-14,NMB50,10.5,10.51,10.51,10.5,6200,5,nepse_playwright
2026-05-14,NMBHF2,9.78,9.34,9.79,9.34,20100,22,nepse_playwright
2026-05-14,NSIF2,10.7,10.62,10.7,10.62,1600,8,nepse_playwright
2026-05-14,PRSF,12.89,12.91,13.09,12.8,365650,37,nepse_playwright
2026-05-14,PSF,12.12,12.05,12.17,12.05,1400,8,nepse_playwright
2026-05-14,RBBF40,9.41,9.24,9.7,9.24,16500,14,nepse_playwright
2026-05-14,RMF1,10.0,9.71,10.04,9.71,22682,17,nepse_playwright
2026-05-14,RMF2,10.2,10.3,10.54,10.2,770,5,nepse_playwright
2026-05-14,RSY,10.36,10.14,10.36,10.06,19400,17,nepse_playwright
2026-05-14,SAGF,10.21,10.25,10.25,10.21,3500,6,nepse_playwright
2026-05-14,SBCF,9.79,9.78,9.79,9.78,300,3,nepse_playwright
2026-05-14,SEF,9.9,10.24,10.24,9.9,6111,10,nepse_playwright
2026-05-14,SFEF,10.14,10.18,10.2,10.13,49200,17,nepse_playwright
2026-05-14,SFMF,10.36,10.25,10.45,10.25,3800,4,nepse_playwright
2026-05-14,SIGS2,10.39,10.39,10.39,10.39,0,0,nepse_playwright
2026-05-14,SIGS3,10.63,10.6,10.64,10.6,2300,6,nepse_playwright
2026-05-14,SLCF,9.92,9.92,9.92,9.92,1150,5,nepse_playwright
2026-05-15,C30MF,10.05,10.0,10.05,9.85,44441,11,nepse_playwright
2026-05-15,CMF2,9.85,9.8,9.85,9.8,200,2,nepse_playwright
2026-05-15,GBIMESY2,9.63,9.4,9.69,9.35,2500,13,nepse_playwright
2026-05-15,GIBF1,10.66,10.65,10.8,10.65,1700,13,nepse_playwright
2026-05-15,GSY,9.9,9.9,9.9,9.9,3200,21,nepse_playwright
2026-05-15,H8020,11.66,11.55,11.89,11.55,13035,8,nepse_playwright
2026-05-15,HLICF,9.0,9.35,9.35,9.0,1100,8,nepse_playwright
2026-05-15,KDBY,11.4,11.2,11.5,11.2,54530,24,nepse_playwright
2026-05-15,KEF,10.62,10.62,10.85,10.62,17400,23,nepse_playwright
2026-05-15,KSY,9.4,9.33,9.5,9.33,890,8,nepse_playwright
2026-05-15,LUK,10.1,9.93,10.1,9.93,1465,4,nepse_playwright
2026-05-15,LVF2,9.89,9.42,9.89,9.42,6060,10,nepse_playwright
2026-05-15,MBLEF,10.14,10.02,10.19,9.98,494035,31,nepse_playwright
2026-05-15,MMF1,9.5,9.13,9.58,9.13,9280,34,nepse_playwright
2026-05-15,MNMF1,10.0,9.7,10.08,9.7,7000,13,nepse_playwright
2026-05-15,NBF2,10.0,10.2,10.28,10.0,5200,9,nepse_playwright
2026-05-15,NBF3,9.9,9.7,9.96,9.7,30900,26,nepse_playwright
2026-05-15,NIBLGF,9.5,9.3,9.5,9.11,7960,13,nepse_playwright
2026-05-15,NIBLSTF,9.42,9.75,9.75,9.18,2343,13,nepse_playwright
2026-05-15,NIBSF2,9.2,9.3,9.3,9.1,2200,11,nepse_playwright
2026-05-15,NICBF,9.8,9.8,9.8,9.8,635,1,nepse_playwright
2026-05-15,NICFC,9.32,9.6,9.6,9.23,700,6,nepse_playwright
2026-05-15,NICGF2,9.26,9.5,9.68,9.25,1000,8,nepse_playwright
2026-05-15,NICSF,9.15,9.5,9.5,8.97,48650,18,nepse_playwright
2026-05-15,NMB50,10.5,10.5,10.5,10.5,0,0,nepse_playwright
2026-05-15,NMBHF2,9.55,9.54,9.55,9.54,500,5,nepse_playwright
2026-05-15,NSIF2,10.7,10.62,10.7,10.62,600,5,nepse_playwright
2026-05-15,PRSF,12.99,12.73,13.0,12.68,316100,22,nepse_playwright
2026-05-15,PSF,11.93,11.86,12.2,11.86,103100,19,nepse_playwright
2026-05-15,RBBF40,9.5,9.25,9.98,9.25,5969,16,nepse_playwright
2026-05-15,RMF1,9.82,9.8,9.9,9.8,26554,9,nepse_playwright
2026-05-15,RMF2,10.2,10.3,10.3,10.2,5600,5,nepse_playwright
2026-05-15,RSY,10.25,10.35,10.35,10.1,1960,14,nepse_playwright
2026-05-15,SAGF,10.4,10.21,10.4,10.1,4300,10,nepse_playwright
2026-05-15,SBCF,9.85,9.6,9.85,9.6,1300,7,nepse_playwright
2026-05-15,SEF,9.95,9.9,9.95,9.85,5100,3,nepse_playwright
2026-05-15,SFEF,10.16,10.12,10.28,10.1,23360,14,nepse_playwright
2026-05-15,SFMF,10.36,10.36,10.36,10.36,0,0,nepse_playwright
2026-05-15,SIGS2,10.38,10.38,10.38,10.38,200,1,nepse_playwright
2026-05-15,SIGS3,10.6,10.6,10.63,10.6,8400,9,nepse_playwright
2026-05-15,SLCF,10.09,9.9,10.09,9.9,4400,13,nepse_playwright
2026-05-18,C30MF,9.9,9.85,9.9,9.85,300,3,nepse_playwright
2026-05-18,CMF2,9.96,9.72,10.0,9.72,2600,4,nepse_playwright
2026-05-18,GBIMESY2,9.41,9.35,9.42,9.35,6660,11,nepse_playwright
2026-05-18,GIBF1,10.68,10.65,10.68,10.65,1450,12,nepse_playwright
2026-05-18,GSY,9.95,9.89,9.95,9.89,5000,22,nepse_playwright
2026-05-18,H8020,11.9,11.65,11.9,11.65,1990,9,nepse_playwright
2026-05-18,HLICF,9.01,8.9,9.1,8.9,1650,15,nepse_playwright
2026-05-18,KDBY,11.31,11.07,11.4,11.07,48300,30,nepse_playwright
2026-05-18,KEF,10.83,10.62,10.84,10.6,31217,34,nepse_playwright
2026-05-18,KSY,9.46,9.4,9.5,9.4,4700,16,nepse_playwright
2026-05-18,LUK,9.96,9.95,9.96,9.95,300,3,nepse_playwright
2026-05-18,LVF2,9.64,9.84,9.84,9.64,600,4,nepse_playwright
2026-05-18,MBLEF,10.11,9.97,10.11,9.97,1300,9,nepse_playwright
2026-05-18,MMF1,9.5,9.58,9.58,9.39,14700,34,nepse_playwright
2026-05-18,MNMF1,10.0,9.9,10.0,9.61,62150,42,nepse_playwright
2026-05-18,NBF2,10.0,10.0,10.0,10.0,1534,4,nepse_playwright
2026-05-18,NBF3,9.9,9.7,9.9,9.7,10405,16,nepse_playwright
2026-05-18,NIBLGF,9.38,9.28,9.4,9.11,7700,10,nepse_playwright
2026-05-18,NIBLSTF,9.15,9.65,9.65,9.14,1100,7,nepse_playwright
2026-05-18,NIBSF2,9.5,9.1,9.5,9.0,15397,24,nepse_playwright
2026-05-18,NICBF,9.8,9.8,9.8,9.8,0,0,nepse_playwright
2026-05-18,NICFC,9.4,9.15,9.4,9.15,3700,17,nepse_playwright
2026-05-18,NICGF2,9.4,9.28,9.5,9.28,12700,19,nepse_playwright
2026-05-18,NICSF,9.25,9.2,9.4,9.0,15401,22,nepse_playwright
2026-05-18,NMB50,10.52,10.52,10.52,10.52,100,1,nepse_playwright
2026-05-18,NMBHF2,9.44,9.35,9.64,9.35,17690,19,nepse_playwright
2026-05-18,NSIF2,10.66,10.65,10.66,10.65,2750,11,nepse_playwright
2026-05-18,PRSF,12.98,12.71,13.0,12.71,39821,14,nepse_playwright
2026-05-18,PSF,12.07,11.81,12.15,11.81,59480,27,nepse_playwright
2026-05-18,RBBF40,9.36,9.5,9.55,9.26,2500,21,nepse_playwright
2026-05-18,RMF1,9.8,9.61,10.1,9.61,18510,16,nepse_playwright
2026-05-18,RMF2,10.1,10.1,10.1,10.1,3130,4,nepse_playwright
2026-05-18,RSY,10.12,9.95,10.28,9.95,26400,18,nepse_playwright
2026-05-18,SAGF,10.3,10.1,10.3,10.1,2600,6,nepse_playwright
2026-05-18,SBCF,9.71,9.58,10.04,9.58,12800,17,nepse_playwright
2026-05-18,SEF,9.95,9.95,10.15,9.95,13000,8,nepse_playwright
2026-05-18,SFEF,10.14,10.2,10.26,10.0,17757,16,nepse_playwright
2026-05-18,SFMF,10.35,10.26,10.55,10.25,9813,4,nepse_playwright
2026-05-18,SIGS2,10.45,10.38,10.45,10.31,7125,5,nepse_playwright
2026-05-18,SIGS3,10.79,10.59,10.8,10.59,2200,10,nepse_playwright
2026-05-18,SLCF,9.95,9.9,9.99,9.84,7500,12,nepse_playwright
2026-05-19,C30MF,9.75,9.63,9.75,9.63,200,2,nepse_playwright
2026-05-19,CMF2,9.96,9.96,9.96,9.96,0,0,nepse_playwright
2026-05-19,GBIMESY2,9.41,9.15,9.41,9.15,1500,12,nepse_playwright
2026-05-19,GIBF1,11.01,10.68,11.01,10.68,60700,15,nepse_playwright
2026-05-19,GSY,9.93,9.89,10.0,9.89,7150,22,nepse_playwright
2026-05-19,H8020,12.0,11.8,12.0,11.68,930,8,nepse_playwright
2026-05-19,HLICF,9.0,9.27,9.27,8.83,7084,14,nepse_playwright
2026-05-19,KDBY,11.5,11.11,11.5,11.11,3550,29,nepse_playwright
2026-05-19,KEF,10.66,10.61,10.66,10.61,4373,15,nepse_playwright
2026-05-19,KSY,9.57,9.46,9.57,9.46,900,7,nepse_playwright
2026-05-19,LUK,10.0,9.96,10.0,9.96,500,4,nepse_playwright
2026-05-19,LVF2,9.56,9.64,9.64,9.54,500,5,nepse_playwright
2026-05-19,MBLEF,9.94,10.0,10.1,9.79,3000,17,nepse_playwright
2026-05-19,MMF1,9.55,9.57,9.59,9.31,7140,33,nepse_playwright
2026-05-19,MNMF1,9.76,9.71,9.76,9.71,2600,13,nepse_playwright
2026-05-19,NBF2,9.9,9.92,10.1,9.89,7600,9,nepse_playwright
2026-05-19,NBF3,9.98,9.64,9.98,9.64,12680,16,nepse_playwright
2026-05-19,NIBLGF,9.16,9.1,9.16,9.1,700,5,nepse_playwright
2026-05-19,NIBLSTF,9.34,9.0,9.34,9.0,1500,7,nepse_playwright
2026-05-19,NIBSF2,9.25,9.23,9.26,9.23,2300,8,nepse_playwright
2026-05-19,NICBF,9.6,9.76,9.76,9.6,300,2,nepse_playwright
2026-05-19,NICFC,9.26,9.18,9.26,9.18,1335,13,nepse_playwright
2026-05-19,NICGF2,9.45,9.68,9.68,9.4,5300,5,nepse_playwright
2026-05-19,NICSF,9.25,9.02,9.25,9.01,11101,11,nepse_playwright
2026-05-19,NMB50,10.53,10.53,10.53,10.53,5500,2,nepse_playwright
2026-05-19,NMBHF2,9.45,9.7,9.71,9.44,12200,28,nepse_playwright
2026-05-19,NSIF2,10.71,10.62,10.71,10.62,700,7,nepse_playwright
2026-05-19,PRSF,12.98,12.66,13.05,12.66,1050830,9,nepse_playwright
2026-05-19,PSF,12.01,11.87,12.02,11.87,4650,17,nepse_playwright
2026-05-19,RBBF40,9.55,9.55,10.0,9.55,2500,13,nepse_playwright
2026-05-19,RMF1,9.92,9.8,9.92,9.75,16400,9,nepse_playwright
2026-05-19,RMF2,10.1,10.1,10.1,10.1,300,3,nepse_playwright
2026-05-19,RSY,10.15,9.9,10.2,9.9,3800,26,nepse_playwright
2026-05-19,SAGF,10.15,10.1,10.15,10.1,2400,10,nepse_playwright
2026-05-19,SBCF,9.7,9.5,9.78,9.5,1000,6,nepse_playwright
2026-05-19,SEF,9.95,9.96,10.1,9.95,11000,6,nepse_playwright
2026-05-19,SFEF,10.11,10.14,10.14,10.11,600,6,nepse_playwright
2026-05-19,SFMF,10.4,10.25,10.4,10.25,1600,2,nepse_playwright
2026-05-19,SIGS2,10.35,10.5,10.5,10.35,4370,4,nepse_playwright
2026-05-19,SIGS3,10.65,10.79,10.79,10.65,200,2,nepse_playwright
2026-05-19,SLCF,9.96,9.82,10.0,9.82,15700,16,nepse_playwright
2026-05-20,C30MF,9.83,10.0,10.0,9.83,300,3,nepse_playwright
2026-05-20,CMF2,9.96,9.96,9.96,9.96,0,0,nepse_playwright
2026-05-20,GBIMESY2,9.6,9.27,9.6,9.27,1800,13,nepse_playwright
2026-05-20,GIBF1,10.77,10.7,10.8,10.68,653310,30,nepse_playwright
2026-05-20,GSY,9.9,9.9,9.93,9.79,2350,22,nepse_playwright
2026-05-20,H8020,11.85,11.7,12.0,11.7,4763,9,nepse_playwright
2026-05-20,HLICF,9.04,9.0,9.25,8.79,21700,20,nepse_playwright
2026-05-20,KDBY,11.58,11.21,11.6,11.21,8330,42,nepse_playwright
2026-05-20,KEF,10.74,10.65,10.85,10.65,19183,19,nepse_playwright
2026-05-20,KSY,9.79,9.4,9.79,9.4,3500,9,nepse_playwright
2026-05-20,LUK,10.0,9.96,10.0,9.95,1900,6,nepse_playwright
2026-05-20,LVF2,9.73,9.45,9.73,9.45,800,4,nepse_playwright
2026-05-20,MBLEF,10.2,9.92,10.27,9.92,1100,10,nepse_playwright
2026-05-20,MMF1,9.32,9.5,9.79,9.31,11840,46,nepse_playwright
2026-05-20,MNMF1,9.9,9.7,9.99,9.7,12750,16,nepse_playwright
2026-05-20,NBF2,10.0,10.0,10.0,10.0,2100,1,nepse_playwright
2026-05-20,NBF3,9.95,9.98,9.99,9.81,7700,15,nepse_playwright
2026-05-20,NIBLGF,9.38,9.11,9.38,9.11,1000,7,nepse_playwright
2026-05-20,NIBLSTF,9.33,9.35,9.35,9.08,1700,11,nepse_playwright
2026-05-20,NIBSF2,9.55,9.14,9.68,9.14,7000,18,nepse_playwright
2026-05-20,NICBF,9.65,9.65,9.65,9.65,500,2,nepse_playwright
2026-05-20,NICFC,9.35,9.15,9.53,9.15,6800,20,nepse_playwright
2026-05-20,NICGF2,9.45,9.4,9.68,9.21,17100,9,nepse_playwright
2026-05-20,NICSF,9.36,9.0,9.4,9.0,13960,24,nepse_playwright
2026-05-20,NMB50,10.54,10.6,10.7,10.54,14020,9,nepse_playwright
2026-05-20,NMBHF2,9.76,9.4,9.76,9.4,53500,17,nepse_playwright
2026-05-20,NSIF2,10.8,10.67,10.91,10.42,741450,13,nepse_playwright
2026-05-20,PRSF,13.1,12.85,13.12,12.85,839750,38,nepse_playwright
2026-05-20,PSF,12.1,12.36,12.36,12.0,123450,34,nepse_playwright
2026-05-20,RBBF40,9.7,9.5,9.7,9.3,1400,10,nepse_playwright
2026-05-20,RMF1,9.94,9.95,9.95,9.9,13300,12,nepse_playwright
2026-05-20,RMF2,10.5,10.15,10.5,10.15,8900,9,nepse_playwright
2026-05-20,RSY,10.12,10.2,10.29,9.94,2500,16,nepse_playwright
2026-05-20,SAGF,10.4,10.14,10.4,10.1,2000,15,nepse_playwright
2026-05-20,SBCF,9.76,9.58,9.86,9.58,3090,5,nepse_playwright
2026-05-20,SEF,10.0,10.1,10.1,9.95,17100,9,nepse_playwright
2026-05-20,SFEF,10.15,10.01,10.15,10.01,2500,8,nepse_playwright
2026-05-20,SFMF,10.2,10.66,10.66,10.2,7127,7,nepse_playwright
2026-05-20,SIGS2,10.51,10.32,10.66,10.32,12060,4,nepse_playwright
2026-05-20,SIGS3,10.85,10.6,10.91,10.6,25650,10,nepse_playwright
2026-05-20,SLCF,9.95,9.8,9.95,9.8,1450,9,nepse_playwright
2026-05-21,C30MF,9.83,9.83,9.83,9.83,0,0,nepse_playwright
2026-05-21,CMF2,9.89,9.72,9.89,9.72,2050,3,nepse_playwright
2026-05-21,GBIMESY2,9.55,9.6,9.69,9.4,2150,9,nepse_playwright
2026-05-21,GIBF1,11.0,10.6,11.15,10.6,1900,9,nepse_playwright
2026-05-21,GSY,10.0,9.62,10.0,9.62,4220,22,nepse_playwright
2026-05-21,H8020,12.14,11.72,12.14,11.72,4400,10,nepse_playwright
2026-05-21,HLICF,8.99,8.9,8.99,8.85,24820,11,nepse_playwright
2026-05-21,KDBY,11.69,11.25,11.69,11.25,48900,34,nepse_playwright
2026-05-21,KEF,10.68,10.72,10.83,10.43,23140,20,nepse_playwright
2026-05-21,KSY,9.79,9.7,9.79,9.69,900,6,nepse_playwright
2026-05-21,LUK,9.93,9.95,10.0,9.93,2900,7,nepse_playwright
2026-05-21,LVF2,9.8,9.48,9.8,9.48,400,3,nepse_playwright
2026-05-21,MBLEF,10.05,9.93,10.2,9.93,12600,13,nepse_playwright
2026-05-21,MMF1,9.48,9.32,9.59,9.25,34899,42,nepse_playwright
2026-05-21,MNMF1,10.0,9.75,10.03,9.74,30400,22,nepse_playwright
2026-05-21,NBF2,10.0,9.9,10.0,9.9,200,2,nepse_playwright
2026-05-21,NBF3,10.0,9.9,10.0,9.77,21250,27,nepse_playwright
2026-05-21,NIBLGF,9.63,9.12,9.63,9.11,5870,12,nepse_playwright
2026-05-21,NIBLSTF,9.31,9.06,9.33,9.0,1400,7,nepse_playwright
2026-05-21,NIBSF2,9.29,9.27,9.5,9.27,4300,7,nepse_playwright
2026-05-21,NICBF,9.65,9.65,9.65,9.65,0,0,nepse_playwright
2026-05-21,NICFC,9.4,9.27,9.54,9.27,4450,8,nepse_playwright
2026-05-21,NICGF2,9.73,9.5,9.73,9.21,11680,16,nepse_playwright
2026-05-21,NICSF,9.13,9.36,9.6,9.12,2727,13,nepse_playwright
2026-05-21,NMB50,10.75,10.81,10.81,10.75,200,2,nepse_playwright
2026-05-21,NMBHF2,9.84,9.76,9.84,9.51,16733,28,nepse_playwright
2026-05-21,NSIF2,10.75,10.8,10.8,10.65,2800,6,nepse_playwright
2026-05-21,PRSF,12.9,13.1,13.1,12.9,183000,13,nepse_playwright
2026-05-21,PSF,12.35,12.01,12.4,12.01,32400,18,nepse_playwright
2026-05-21,RBBF40,9.52,9.7,9.74,9.42,2200,10,nepse_playwright
2026-05-21,RMF1,9.99,9.66,9.99,9.66,3800,16,nepse_playwright
2026-05-21,RMF2,10.5,10.5,10.5,10.5,0,0,nepse_playwright
2026-05-21,RSY,10.16,9.92,10.4,9.92,2100,15,nepse_playwright
2026-05-21,SAGF,10.2,10.2,10.5,10.2,12100,8,nepse_playwright
2026-05-21,SBCF,10.0,9.63,10.04,9.63,24300,17,nepse_playwright
2026-05-21,SEF,10.0,9.9,10.0,9.9,67838,9,nepse_playwright
2026-05-21,SFEF,10.27,10.0,10.27,10.0,22737,20,nepse_playwright
2026-05-21,SFMF,10.1,10.1,10.1,10.1,100,1,nepse_playwright
2026-05-21,SIGS2,10.51,10.75,10.75,10.51,6460,4,nepse_playwright
2026-05-21,SIGS3,10.76,10.85,10.85,10.76,200,2,nepse_playwright
2026-05-21,SLCF,10.13,9.84,10.14,9.84,26550,18,nepse_playwright
2026-05-22,C30MF,9.83,9.83,9.83,9.83,0,0,nepse_playwright
2026-05-22,CMF2,10.14,10.17,10.17,10.14,600,3,nepse_playwright
2026-05-22,GBIMESY2,9.31,9.5,9.5,9.21,800,8,nepse_playwright
2026-05-22,GIBF1,11.0,11.0,11.0,11.0,8650,12,nepse_playwright
2026-05-22,GSY,10.0,9.71,10.0,9.71,5200,28,nepse_playwright
2026-05-22,H8020,11.98,11.78,12.13,11.64,12400,12,nepse_playwright
2026-05-22,HLICF,8.87,8.9,9.0,8.82,77427,25,nepse_playwright
2026-05-22,KDBY,11.45,12.27,12.27,11.25,6900,24,nepse_playwright
2026-05-22,KEF,10.75,10.67,10.89,10.67,11650,10,nepse_playwright
2026-05-22,KSY,9.8,9.5,9.8,9.5,27267,12,nepse_playwright
2026-05-22,LUK,9.95,9.95,9.95,9.95,200,1,nepse_playwright
2026-05-22,LVF2,10.0,10.0,10.0,10.0,2600,4,nepse_playwright
2026-05-22,MBLEF,10.05,10.19,10.19,9.93,109800,29,nepse_playwright
2026-05-22,MMF1,9.59,9.6,9.6,8.98,15300,33,nepse_playwright
2026-05-22,MNMF1,10.0,9.8,10.0,9.8,28500,17,nepse_playwright
2026-05-22,NBF2,9.95,9.95,9.95,9.95,2266,3,nepse_playwright
2026-05-22,NBF3,9.95,9.83,9.99,9.83,6630,17,nepse_playwright
2026-05-22,NIBLGF,9.91,9.4,9.91,9.26,9070,15,nepse_playwright
2026-05-22,NIBLSTF,9.29,9.34,9.34,9.1,10800,19,nepse_playwright
2026-05-22,NIBSF2,9.35,9.29,9.4,9.21,3300,8,nepse_playwright
2026-05-22,NICBF,9.4,9.65,9.65,9.3,2950,4,nepse_playwright
2026-05-22,NICFC,9.4,9.15,9.57,9.15,18150,18,nepse_playwright
2026-05-22,NICGF2,9.64,9.98,9.98,9.4,1300,11,nepse_playwright
2026-05-22,NICSF,9.29,9.4,9.58,9.17,18725,24,nepse_playwright
2026-05-22,NMB50,10.7,10.8,10.8,10.7,5000,2,nepse_playwright
2026-05-22,NMBHF2,9.67,9.84,9.84,9.56,4800,17,nepse_playwright
2026-05-22,NSIF2,10.75,11.05,11.05,10.72,2200,3,nepse_playwright
2026-05-22,PRSF,12.95,13.54,13.54,12.8,617150,21,nepse_playwright
2026-05-22,PSF,12.21,12.1,12.35,12.1,41582,21,nepse_playwright
2026-05-22,RBBF40,9.45,9.6,9.8,9.45,2700,16,nepse_playwright
2026-05-22,RMF1,10.0,9.5,10.0,9.5,12950,12,nepse_playwright
2026-05-22,RMF2,10.5,10.5,10.5,10.5,0,0,nepse_playwright
2026-05-22,RSY,10.35,9.95,10.37,9.95,7500,25,nepse_playwright
2026-05-22,SAGF,10.2,10.15,10.2,10.15,1800,6,nepse_playwright
2026-05-22,SBCF,9.9,9.7,9.99,9.7,30700,13,nepse_playwright
2026-05-22,SEF,10.4,10.1,10.4,10.05,78011,20,nepse_playwright
2026-05-22,SFEF,10.13,10.27,10.27,10.11,700,6,nepse_playwright
2026-05-22,SFMF,10.01,10.01,10.01,10.01,500,1,nepse_playwright
2026-05-22,SIGS2,10.82,10.51,10.82,10.51,255,2,nepse_playwright
2026-05-22,SIGS3,10.86,10.61,10.86,10.61,1100,7,nepse_playwright
2026-05-22,SLCF,10.0,10.0,10.1,10.0,4500,8,nepse_playwright
2026-05-25,C30MF,10.0,9.89,10.2,9.89,11600,10,nepse_playwright
2026-05-25,CMF2,10.01,10.0,10.25,10.0,2620,6,nepse_playwright
2026-05-25,GBIMESY2,9.41,9.31,9.58,9.25,5000,24,nepse_playwright
2026-05-25,GIBF1,11.0,10.9,11.33,10.9,6200,27,nepse_playwright
2026-05-25,GSY,10.0,9.99,10.25,9.91,73300,63,nepse_playwright
2026-05-25,H8020,11.83,12.33,12.33,11.81,231835,23,nepse_playwright
2026-05-25,HLICF,8.96,9.1,9.12,8.9,50360,19,nepse_playwright
2026-05-25,KDBY,11.67,11.41,11.7,11.41,329500,50,nepse_playwright
2026-05-25,KEF,11.0,10.75,11.0,10.72,163100,32,nepse_playwright
2026-05-25,KSY,9.9,9.8,9.9,9.61,21900,17,nepse_playwright
2026-05-25,LUK,10.0,9.95,10.2,9.95,5825,8,nepse_playwright
2026-05-25,LVF2,9.95,9.8,10.19,9.8,4700,19,nepse_playwright
2026-05-25,MBLEF,10.08,9.93,10.21,9.93,6309,24,nepse_playwright
2026-05-25,MMF1,9.57,9.7,9.7,9.39,5205,24,nepse_playwright
2026-05-25,MNMF1,9.96,9.9,10.0,9.9,22506,29,nepse_playwright
2026-05-25,NBF2,9.96,9.95,10.1,9.9,7950,8,nepse_playwright
2026-05-25,NBF3,9.96,9.95,9.96,9.95,4700,26,nepse_playwright
2026-05-25,NIBLGF,9.43,9.62,9.62,9.42,1100,6,nepse_playwright
2026-05-25,NIBLSTF,9.32,9.13,9.35,9.13,2780,14,nepse_playwright
2026-05-25,NIBSF2,9.25,9.14,9.41,9.14,4710,12,nepse_playwright
2026-05-25,NICBF,9.68,9.68,9.68,9.68,100,1,nepse_playwright
2026-05-25,NICFC,9.5,9.17,9.53,9.17,2250,21,nepse_playwright
2026-05-25,NICGF2,9.5,9.92,9.92,9.4,1700,9,nepse_playwright
2026-05-25,NICSF,9.2,9.39,9.39,9.11,2500,10,nepse_playwright
2026-05-25,NMB50,10.7,10.7,10.7,10.7,0,0,nepse_playwright
2026-05-25,NMBHF2,9.7,9.6,9.7,9.6,22100,18,nepse_playwright
2026-05-25,NSIF2,10.72,10.6,10.75,10.6,3100,12,nepse_playwright
2026-05-25,PRSF,12.95,13.0,13.14,12.94,323300,22,nepse_playwright
2026-05-25,PSF,12.3,12.01,12.3,12.01,62650,19,nepse_playwright
2026-05-25,RBBF40,9.41,9.33,9.69,9.33,2300,14,nepse_playwright
2026-05-25,RMF1,10.05,9.85,10.05,9.85,9900,14,nepse_playwright
2026-05-25,RMF2,10.2,10.2,10.2,10.2,2700,4,nepse_playwright
2026-05-25,RSY,10.3,10.04,10.45,10.04,23100,39,nepse_playwright
2026-05-25,SAGF,10.2,10.15,10.2,10.15,1400,8,nepse_playwright
2026-05-25,SBCF,9.98,9.65,9.98,9.65,2800,6,nepse_playwright
2026-05-25,SEF,10.09,10.11,10.41,10.09,51850,14,nepse_playwright
2026-05-25,SFEF,10.3,10.13,10.3,10.13,3400,11,nepse_playwright
2026-05-25,SFMF,10.01,10.01,10.01,10.01,0,0,nepse_playwright
2026-05-25,SIGS2,10.5,10.5,10.5,10.5,1000,1,nepse_playwright
2026-05-25,SIGS3,10.8,10.66,10.8,10.66,1300,9,nepse_playwright
2026-05-25,SLCF,10.01,10.3,10.3,10.01,3550,14,nepse_playwright
2026-05-26,C30MF,10.0,10.1,10.2,9.96,200330,34,nepse_playwright
2026-05-26,CMF2,10.24,10.0,10.28,10.0,15578,7,nepse_playwright
2026-05-26,GBIMESY2,9.35,9.41,9.5,9.24,7399,12,nepse_playwright
2026-05-26,GIBF1,11.0,11.0,11.0,10.9,1000,10,nepse_playwright
2026-05-26,GSY,9.99,9.93,10.0,9.93,9120,29,nepse_playwright
2026-05-26,H8020,12.0,11.84,12.0,11.76,20900,15,nepse_playwright
2026-05-26,HLICF,8.9,8.96,9.0,8.83,5450,17,nepse_playwright
2026-05-26,KDBY,11.47,11.5,11.6,11.42,66860,38,nepse_playwright
2026-05-26,KEF,10.99,10.72,11.0,10.72,140850,29,nepse_playwright
2026-05-26,KSY,9.74,9.61,9.74,9.61,400,4,nepse_playwright
2026-05-26,LUK,10.2,10.3,10.3,10.0,1860,8,nepse_playwright
2026-05-26,LVF2,9.92,10.2,10.2,9.91,18733,8,nepse_playwright
2026-05-26,MBLEF,10.03,9.97,10.21,9.97,23445,24,nepse_playwright
2026-05-26,MMF1,9.55,9.29,9.6,9.29,12200,34,nepse_playwright
2026-05-26,MNMF1,9.8,9.72,9.96,9.72,35610,26,nepse_playwright
2026-05-26,NBF2,10.0,10.15,10.15,9.91,5750,3,nepse_playwright
2026-05-26,NBF3,9.98,9.93,9.99,9.93,13955,23,nepse_playwright
2026-05-26,NIBLGF,9.5,9.4,9.5,9.31,13350,12,nepse_playwright
2026-05-26,NIBLSTF,9.34,9.0,9.34,9.0,2150,10,nepse_playwright
2026-05-26,NIBSF2,9.46,9.15,9.48,9.15,6920,18,nepse_playwright
2026-05-26,NICBF,9.75,9.75,9.75,9.7,12300,5,nepse_playwright
2026-05-26,NICFC,9.55,9.27,9.55,9.27,4000,14,nepse_playwright
2026-05-26,NICGF2,9.69,9.28,9.7,9.28,1800,17,nepse_playwright
2026-05-26,NICSF,9.3,9.3,9.4,9.13,1310,8,nepse_playwright
2026-05-26,NMB50,10.84,10.62,10.84,10.62,425,4,nepse_playwright
2026-05-26,NMBHF2,9.64,9.68,9.93,9.6,5250,23,nepse_playwright
2026-05-26,NSIF2,10.72,10.8,10.8,10.65,2424,9,nepse_playwright
2026-05-26,PRSF,12.92,12.86,13.0,12.86,455400,26,nepse_playwright
2026-05-26,PSF,12.3,12.2,12.3,12.2,2400,9,nepse_playwright
2026-05-26,RBBF40,9.31,9.4,9.4,9.25,9900,16,nepse_playwright
2026-05-26,RMF1,10.05,9.8,10.05,9.8,3727,9,nepse_playwright
2026-05-26,RMF2,10.1,10.2,10.2,10.1,1900,8,nepse_playwright
2026-05-26,RSY,10.4,10.3,10.4,10.08,4600,31,nepse_playwright
2026-05-26,SAGF,10.2,10.25,10.25,10.2,600,5,nepse_playwright
2026-05-26,SBCF,9.98,9.71,9.98,9.71,9300,15,nepse_playwright
2026-05-26,SEF,10.19,9.91,10.19,9.9,24500,6,nepse_playwright
2026-05-26,SFEF,10.38,10.15,10.38,10.14,5350,10,nepse_playwright
2026-05-26,SFMF,10.2,10.12,10.2,10.12,900,4,nepse_playwright
2026-05-26,SIGS2,10.82,10.49,10.82,10.48,18972,6,nepse_playwright
2026-05-26,SIGS3,11.11,10.8,11.12,10.8,6820,9,nepse_playwright
2026-05-26,SLCF,10.05,10.01,10.1,9.88,2190,12,nepse_playwright
2026-05-27,C30MF,10.19,9.92,10.19,9.92,1900,5,nepse_playwright
2026-05-27,CMF2,10.2,10.24,10.24,10.0,5009,6,nepse_playwright
2026-05-27,GBIMESY2,9.35,9.3,9.8,9.21,13000,20,nepse_playwright
2026-05-27,GIBF1,10.87,10.8,11.15,10.8,19450,28,nepse_playwright
2026-05-27,GSY,9.99,9.99,9.99,9.95,2600,21,nepse_playwright
2026-05-27,H8020,12.25,11.75,12.56,11.75,37450,26,nepse_playwright
2026-05-27,HLICF,9.0,8.8,9.0,8.8,24670,22,nepse_playwright
2026-05-27,KDBY,11.51,11.47,11.67,11.46,477100,65,nepse_playwright
2026-05-27,KEF,11.0,10.98,11.15,10.98,263899,33,nepse_playwright
2026-05-27,KSY,9.83,9.74,10.0,9.6,8050,16,nepse_playwright
2026-05-27,LUK,10.15,10.3,10.34,10.15,6700,7,nepse_playwright
2026-05-27,LVF2,10.0,10.0,10.3,10.0,3900,22,nepse_playwright
2026-05-27,MBLEF,10.23,10.0,10.25,10.0,121600,17,nepse_playwright
2026-05-27,MMF1,9.48,9.32,9.6,9.32,15997,32,nepse_playwright
2026-05-27,MNMF1,10.01,9.73,10.03,9.73,30730,27,nepse_playwright
2026-05-27,NBF2,10.19,10.0,10.19,9.73,66915,15,nepse_playwright
2026-05-27,NBF3,9.98,9.98,9.98,9.9,8050,21,nepse_playwright
2026-05-27,NIBLGF,9.32,9.78,9.78,9.31,3150,12,nepse_playwright
2026-05-27,NIBLSTF,9.33,9.16,9.34,9.16,3810,18,nepse_playwright
2026-05-27,NIBSF2,9.58,9.19,9.6,9.19,5950,12,nepse_playwright
2026-05-27,NICBF,9.7,9.7,9.8,9.7,5365,5,nepse_playwright
2026-05-27,NICFC,9.59,9.35,9.59,9.32,12400,20,nepse_playwright
2026-05-27,NICGF2,9.72,9.8,9.8,9.28,1600,15,nepse_playwright
2026-05-27,NICSF,9.32,9.07,9.34,9.07,4925,16,nepse_playwright
2026-05-27,NMB50,10.84,10.57,10.84,10.57,600,3,nepse_playwright
2026-05-27,NMBHF2,9.64,9.6,9.88,9.6,155600,31,nepse_playwright
2026-05-27,NSIF2,10.83,10.73,10.9,10.71,143680,15,nepse_playwright
2026-05-27,PRSF,13.05,12.92,13.05,12.92,149815,37,nepse_playwright
2026-05-27,PSF,12.54,12.3,12.54,12.3,14250,23,nepse_playwright
2026-05-27,RBBF40,9.61,9.3,9.85,9.3,10000,14,nepse_playwright
2026-05-27,RMF1,9.85,10.0,10.01,9.7,14610,15,nepse_playwright
2026-05-27,RMF2,10.4,9.81,10.4,9.81,900,4,nepse_playwright
2026-05-27,RSY,10.22,10.26,10.43,10.15,38847,24,nepse_playwright
2026-05-27,SAGF,10.2,10.2,10.2,10.2,3300,6,nepse_playwright
2026-05-27,SBCF,9.83,9.77,9.85,9.77,7450,11,nepse_playwright
2026-05-27,SEF,10.2,10.3,10.3,10.2,57000,8,nepse_playwright
2026-05-27,SFEF,10.1,10.2,10.3,10.1,2221,7,nepse_playwright
2026-05-27,SFMF,10.2,10.2,10.2,10.2,0,0,nepse_playwright
2026-05-27,SIGS2,10.71,10.9,10.9,10.7,23015,7,nepse_playwright
2026-05-27,SIGS3,11.2,11.11,11.2,11.0,29832,9,nepse_playwright
2026-05-27,SLCF,10.17,10.05,10.19,10.05,30400,24,nepse_playwright
2026-06-01,C30MF,10.1,10.2,10.25,9.97,673658,18,nepse_playwright
2026-06-01,CMF2,9.91,9.91,9.91,9.91,300,2,nepse_playwright
2026-06-01,GBIMESY2,9.4,9.35,9.63,9.35,20000,9,nepse_playwright
2026-06-01,GIBF1,11.0,10.56,11.0,10.56,36300,16,nepse_playwright
2026-06-01,GSY,10.02,9.93,10.02,9.72,9250,29,nepse_playwright
2026-06-01,H8020,11.99,12.0,12.36,11.66,19550,19,nepse_playwright
2026-06-01,HLICF,8.9,9.0,9.0,8.85,7200,11,nepse_playwright
2026-06-01,KDBY,11.5,11.51,11.55,11.45,17400,31,nepse_playwright
2026-06-01,KEF,10.9,10.97,11.0,10.9,818052,25,nepse_playwright
2026-06-01,KSY,9.67,9.56,9.82,9.56,2200,9,nepse_playwright
2026-06-01,LUK,10.15,10.15,10.15,10.15,0,0,nepse_playwright
2026-06-01,LVF2,10.0,9.71,10.0,9.71,2205,13,nepse_playwright
2026-06-01,MBLEF,10.04,9.95,10.26,9.95,11200,26,nepse_playwright
2026-06-01,MMF1,9.48,9.6,9.6,9.23,18920,41,nepse_playwright
2026-06-01,MNMF1,9.99,9.75,9.99,9.75,4050,20,nepse_playwright
2026-06-01,NBF2,10.1,9.98,10.2,9.98,11592,10,nepse_playwright
2026-06-01,NBF3,9.99,9.7,9.99,9.41,6401,21,nepse_playwright
2026-06-01,NIBLGF,9.12,9.24,9.3,9.06,850,8,nepse_playwright
2026-06-01,NIBLSTF,9.34,9.13,9.34,9.13,4600,17,nepse_playwright
2026-06-01,NIBSF2,9.04,9.31,9.32,9.04,10400,11,nepse_playwright
2026-06-01,NICBF,9.7,9.7,9.7,9.7,0,0,nepse_playwright
2026-06-01,NICFC,9.34,9.35,9.4,9.34,1600,13,nepse_playwright
2026-06-01,NICGF2,9.58,9.43,9.6,9.31,4137,11,nepse_playwright
2026-06-01,NICSF,9.1,9.4,9.46,9.1,16000,20,nepse_playwright
2026-06-01,NMB50,10.86,10.84,10.86,10.84,505,3,nepse_playwright
2026-06-01,NMBHF2,9.64,9.6,9.64,9.55,2000,18,nepse_playwright
2026-06-01,NSIF2,10.8,11.1,11.1,10.8,1400,9,nepse_playwright
2026-06-01,PRSF,12.97,13.4,13.4,12.95,86300,22,nepse_playwright
2026-06-01,PSF,12.01,12.5,12.5,12.01,27900,22,nepse_playwright
2026-06-01,RBBF40,9.35,9.5,9.5,9.35,2400,11,nepse_playwright
2026-06-01,RMF1,9.85,9.85,9.85,9.85,600,3,nepse_playwright
2026-06-01,RMF2,10.11,10.1,10.11,10.1,600,3,nepse_playwright
2026-06-01,RSY,10.17,10.03,10.5,10.03,3600,25,nepse_playwright
2026-06-01,SAGF,10.15,10.0,10.4,10.0,2360,9,nepse_playwright
2026-06-01,SBCF,9.8,9.83,9.95,9.8,6625,14,nepse_playwright
2026-06-01,SEF,10.2,9.97,10.2,9.97,2980,2,nepse_playwright
2026-06-01,SFEF,10.12,10.0,10.28,10.0,800,7,nepse_playwright
2026-06-01,SFMF,10.2,10.2,10.2,10.2,0,0,nepse_playwright
2026-06-01,SIGS2,10.5,10.6,10.6,10.5,35000,6,nepse_playwright
2026-06-01,SIGS3,11.2,11.2,11.2,10.92,1100,9,nepse_playwright
2026-06-01,SLCF,10.0,10.2,10.2,9.9,5550,5,nepse_playwright
2026-06-02,C30MF,10.05,10.1,10.1,10.0,500,4,nepse_playwright
2026-06-02,CMF2,9.9,10.1,10.2,9.9,5428,3,nepse_playwright
2026-06-02,GBIMESY2,9.4,9.2,9.75,9.2,1710,10,nepse_playwright
2026-06-02,GIBF1,11.0,11.0,11.02,10.7,1500,12,nepse_playwright
2026-06-02,GSY,10.1,9.8,10.1,9.8,62001,49,nepse_playwright
2026-06-02,H8020,11.99,12.0,12.05,11.7,6900,8,nepse_playwright
2026-06-02,HLICF,8.99,8.75,9.0,8.75,8925,9,nepse_playwright
2026-06-02,KDBY,11.53,11.35,11.55,11.35,174600,44,nepse_playwright
2026-06-02,KEF,10.87,10.77,11.0,10.77,37030,11,nepse_playwright
2026-06-02,KSY,9.8,9.58,9.86,9.58,5300,11,nepse_playwright
2026-06-02,LUK,10.0,10.0,10.0,10.0,300,2,nepse_playwright
2026-06-02,LVF2,9.9,9.7,9.9,9.7,1430,8,nepse_playwright
2026-06-02,MBLEF,10.2,10.15,10.2,10.0,129550,26,nepse_playwright
2026-06-02,MMF1,9.45,9.76,9.76,9.2,2800,15,nepse_playwright
2026-06-02,MNMF1,9.85,9.73,10.0,9.73,36800,18,nepse_playwright
2026-06-02,NBF2,10.39,10.39,10.4,10.1,6691,9,nepse_playwright
2026-06-02,NBF3,9.99,10.0,10.0,9.9,13990,20,nepse_playwright
2026-06-02,NIBLGF,9.21,9.0,9.38,9.0,4300,11,nepse_playwright
2026-06-02,NIBSF2,9.2,9.09,9.21,9.09,1800,8,nepse_playwright
2026-06-02,NICBF,9.7,9.7,9.7,9.7,0,0,nepse_playwright
2026-06-02,NICFC,9.3,9.2,9.5,9.2,2250,18,nepse_playwright
2026-06-02,NICGF2,9.32,9.3,9.58,9.3,1500,10,nepse_playwright
2026-06-02,NICSF,9.13,9.37,9.37,9.1,5247,15,nepse_playwright
2026-06-02,NMB50,10.8,10.58,10.8,10.58,6570,6,nepse_playwright
2026-06-02,NMBHF2,9.83,9.52,9.83,9.52,13400,21,nepse_playwright
2026-06-02,NSIF2,10.7,10.66,10.7,10.66,600,5,nepse_playwright
2026-06-02,PRSF,12.99,12.94,13.2,12.94,287750,20,nepse_playwright
2026-06-02,PSF,12.3,12.01,12.3,12.01,1100,8,nepse_playwright
2026-06-02,RBBF40,9.45,9.3,9.69,9.14,2500,11,nepse_playwright
2026-06-02,RMF1,9.8,9.99,9.99,9.8,5900,5,nepse_playwright
2026-06-02,RMF2,10.41,10.11,10.41,10.11,700,7,nepse_playwright
2026-06-02,RSY,10.26,10.1,10.39,10.1,4290,18,nepse_playwright
2026-06-02,SAGF,10.15,10.15,10.45,10.15,2800,4,nepse_playwright
2026-06-02,SBCF,9.78,9.74,9.78,9.74,460,2,nepse_playwright
2026-06-02,SEF,10.0,9.97,10.3,9.97,22672,12,nepse_playwright
2026-06-02,SFEF,10.01,10.0,10.15,9.96,1666,11,nepse_playwright
2026-06-02,SFMF,10.2,10.2,10.2,10.2,0,0,nepse_playwright
2026-06-02,SIGS2,10.81,10.5,10.81,10.5,3900,5,nepse_playwright
2026-06-02,SIGS3,11.25,10.93,11.25,10.93,3000,8,nepse_playwright
2026-06-02,SLCF,10.0,9.75,10.09,9.75,3985,11,nepse_playwright
2026-06-03,C30MF,10.15,10.05,10.25,10.05,13100,11,nepse_playwright
2026-06-03,CMF2,9.94,9.94,9.94,9.94,450,1,nepse_playwright
2026-06-03,GBIMESY2,9.5,9.24,9.8,9.24,9100,14,nepse_playwright
2026-06-03,GIBF1,10.85,11.0,11.0,10.76,4600,14,nepse_playwright
2026-06-03,GSY,10.02,10.0,10.1,10.0,12400,41,nepse_playwright
2026-06-03,H8020,11.87,11.99,12.2,11.8,11586,14,nepse_playwright
2026-06-03,HLICF,9.05,8.74,9.25,8.74,93710,32,nepse_playwright
2026-06-03,KDBY,11.49,11.45,11.53,11.31,930900,46,nepse_playwright
2026-06-03,KEF,11.0,10.82,11.0,10.82,31340,20,nepse_playwright
2026-06-03,KSY,9.72,9.65,9.72,9.65,1100,11,nepse_playwright
2026-06-03,LUK,10.0,9.86,10.3,9.86,2100,7,nepse_playwright
2026-06-03,LVF2,10.3,9.72,10.3,9.72,2675,15,nepse_playwright
2026-06-03,MBLEF,10.2,10.0,10.2,10.0,84600,26,nepse_playwright
2026-06-03,MMF1,9.49,9.22,9.5,9.22,16597,38,nepse_playwright
2026-06-03,MNMF1,10.0,9.82,10.0,9.82,4700,19,nepse_playwright
2026-06-03,NBF2,10.39,10.35,10.39,10.1,4330,8,nepse_playwright
2026-06-03,NBF3,10.04,9.7,10.04,9.7,53845,35,nepse_playwright
2026-06-03,NIBLGF,9.2,9.24,9.4,9.13,5400,11,nepse_playwright
2026-06-03,NIBLSTF,9.1,9.4,9.4,8.9,23615,20,nepse_playwright
2026-06-03,NIBSF2,9.3,9.0,9.57,9.0,15150,19,nepse_playwright
2026-06-03,NICBF,9.43,9.7,9.7,9.43,1000,2,nepse_playwright
2026-06-03,NICFC,9.5,9.22,9.5,9.2,6550,22,nepse_playwright
2026-06-03,NICGF2,9.4,9.32,9.5,9.32,1100,6,nepse_playwright
2026-06-03,NICSF,9.32,9.4,9.4,9.11,2600,14,nepse_playwright
2026-06-03,NMB50,10.8,10.8,10.8,10.8,0,0,nepse_playwright
2026-06-03,NMBHF2,9.72,9.61,9.89,9.61,3850,19,nepse_playwright
2026-06-03,NSIF2,10.73,10.7,10.73,10.7,750,7,nepse_playwright
2026-06-03,PRSF,13.09,13.04,13.1,12.98,214500,30,nepse_playwright
2026-06-03,PSF,12.2,12.4,12.5,12.15,8800,21,nepse_playwright
2026-06-03,RBBF40,9.29,9.17,9.6,9.17,7800,18,nepse_playwright
2026-06-03,RMF1,9.8,9.69,9.8,9.69,2100,13,nepse_playwright
2026-06-03,RMF2,10.14,10.4,10.4,10.12,1400,4,nepse_playwright
2026-06-03,RSY,10.21,10.12,10.3,10.12,155900,32,nepse_playwright
2026-06-03,SAGF,10.2,10.1,10.2,10.1,1520,8,nepse_playwright
2026-06-03,SBCF,9.8,9.75,9.8,9.75,4800,5,nepse_playwright
2026-06-03,SEF,9.96,10.0,10.0,9.96,6100,4,nepse_playwright
2026-06-03,SFEF,10.05,10.01,10.29,10.01,8200,11,nepse_playwright
2026-06-03,SFMF,10.21,10.21,10.21,10.21,600,2,nepse_playwright
2026-06-03,SIGS2,10.81,10.81,10.81,10.81,0,0,nepse_playwright
2026-06-03,SIGS3,11.28,10.96,11.28,10.96,1900,10,nepse_playwright
2026-06-03,SLCF,10.0,10.0,10.01,10.0,2700,10,nepse_playwright
2026-06-04,C30MF,10.1,10.1,10.1,10.1,300,2,nepse_playwright
2026-06-04,CMF2,10.0,9.87,10.0,9.87,3875,3,nepse_playwright
2026-06-04,GBIMESY2,9.45,9.5,9.69,9.26,6900,14,nepse_playwright
2026-06-04,GIBF1,10.84,11.1,11.1,10.8,11300,16,nepse_playwright
2026-06-04,GSY,10.03,10.02,10.18,10.02,686600,36,nepse_playwright
2026-06-04,H8020,12.1,11.59,12.2,11.59,275300,15,nepse_playwright
2026-06-04,HLICF,9.18,8.8,9.19,8.8,11000,13,nepse_playwright
2026-06-04,KDBY,11.4,11.17,11.45,11.17,103300,51,nepse_playwright
2026-06-04,KEF,10.91,10.83,11.0,10.83,10550,17,nepse_playwright
2026-06-04,KSY,9.7,9.51,9.79,9.51,600,4,nepse_playwright
2026-06-04,LUK,10.15,10.29,10.29,10.1,800,3,nepse_playwright
2026-06-04,LVF2,10.01,10.0,10.01,9.85,1300,8,nepse_playwright
2026-06-04,MBLEF,10.15,9.97,10.2,9.97,3300,21,nepse_playwright
2026-06-04,MMF1,9.42,9.23,9.48,9.22,9940,27,nepse_playwright
2026-06-04,MNMF1,9.99,9.82,9.99,9.82,35750,20,nepse_playwright
2026-06-04,NBF2,10.69,10.7,10.7,10.69,200,2,nepse_playwright
2026-06-04,NBF3,10.02,9.74,10.07,9.74,13191,23,nepse_playwright
2026-06-04,NIBLGF,9.4,9.25,9.68,9.25,2137,11,nepse_playwright
2026-06-04,NIBLSTF,9.18,9.2,9.2,9.01,11450,14,nepse_playwright
2026-06-04,NIBSF2,9.32,9.15,9.57,9.15,11300,17,nepse_playwright
2026-06-04,NICBF,9.5,9.42,9.5,9.42,1100,2,nepse_playwright
2026-06-04,NICFC,9.5,9.5,9.5,9.5,3900,17,nepse_playwright
2026-06-04,NICGF2,9.37,9.13,9.4,8.92,1600,14,nepse_playwright
2026-06-04,NICSF,9.29,9.4,9.4,9.1,9050,17,nepse_playwright
2026-06-04,NMB50,11.06,11.0,11.4,11.0,5200,4,nepse_playwright
2026-06-04,NMBHF2,9.71,9.7,9.71,9.66,1400,6,nepse_playwright
2026-06-04,NSIF2,10.75,10.73,11.0,10.73,2000,15,nepse_playwright
2026-06-04,PRSF,13.0,12.99,13.09,12.97,131000,16,nepse_playwright
2026-06-04,PSF,12.3,12.14,12.56,12.14,21800,15,nepse_playwright
2026-06-04,RBBF40,9.36,9.29,9.56,9.28,2000,11,nepse_playwright
2026-06-04,RMF1,9.8,10.0,10.0,9.8,8500,11,nepse_playwright
2026-06-04,RMF2,10.14,10.14,10.14,10.14,0,0,nepse_playwright
2026-06-04,RSY,10.25,10.11,10.3,10.11,27816,22,nepse_playwright
2026-06-04,SAGF,10.11,10.5,11.0,10.1,17975,20,nepse_playwright
2026-06-04,SBCF,9.85,9.63,9.85,9.63,13954,11,nepse_playwright
2026-06-04,SEF,10.1,10.0,10.1,10.0,4000,5,nepse_playwright
2026-06-04,SFEF,10.19,10.01,10.19,10.01,28762,11,nepse_playwright
2026-06-04,SFMF,10.21,10.21,10.21,10.21,0,0,nepse_playwright
2026-06-04,SIGS2,10.55,10.54,10.55,10.54,1100,2,nepse_playwright
2026-06-04,SIGS3,11.01,11.01,11.01,11.01,700,6,nepse_playwright
2026-06-04,SLCF,10.15,9.91,10.3,9.91,9400,6,nepse_playwright
2026-06-05,C30MF,10.01,10.01,10.01,10.01,400,3,nepse_playwright
2026-06-05,CMF2,10.0,10.0,10.0,10.0,100,1,nepse_playwright
2026-06-05,GBIMESY2,9.4,9.22,9.4,9.22,1200,11,nepse_playwright
2026-06-05,GIBF1,11.0,10.8,11.0,10.8,2000,14,nepse_playwright
2026-06-05,GSY,10.02,10.0,10.03,9.76,2600,23,nepse_playwright
2026-06-05,H8020,12.16,11.8,12.16,11.8,1300,9,nepse_playwright
2026-06-05,HLICF,9.35,9.0,9.37,9.0,17100,11,nepse_playwright
2026-06-05,KDBY,11.4,11.11,11.44,11.11,248500,51,nepse_playwright
2026-06-05,KEF,10.9,10.84,10.91,10.84,7000,11,nepse_playwright
2026-06-05,KSY,9.75,9.99,9.99,9.75,1900,4,nepse_playwright
2026-06-05,LUK,9.94,9.92,9.94,9.92,300,3,nepse_playwright
2026-06-05,LVF2,9.96,9.72,10.01,9.72,1700,12,nepse_playwright
2026-06-05,MBLEF,10.2,10.0,10.2,10.0,42700,14,nepse_playwright
2026-06-05,MMF1,9.45,9.53,9.53,8.93,13360,32,nepse_playwright
2026-06-05,MNMF1,9.85,9.82,9.9,9.82,7300,7,nepse_playwright
2026-06-05,NBF2,10.37,10.69,10.69,10.37,229,2,nepse_playwright
2026-06-05,NBF3,10.03,9.75,10.04,9.75,74484,27,nepse_playwright
2026-06-05,NIBLGF,9.4,9.39,9.45,9.39,4500,6,nepse_playwright
2026-06-05,NIBLSTF,9.2,9.2,9.2,9.0,18350,22,nepse_playwright
2026-06-05,NIBSF2,9.22,9.2,9.3,9.15,2200,9,nepse_playwright
2026-06-05,NICBF,9.75,9.5,9.75,9.5,3400,2,nepse_playwright
2026-06-05,NICFC,9.54,9.5,9.54,9.2,3450,18,nepse_playwright
2026-06-05,NICGF2,9.36,9.65,9.65,9.34,12100,8,nepse_playwright
2026-06-05,NICSF,9.35,9.4,9.4,9.13,2700,12,nepse_playwright
2026-06-05,NMB50,10.99,10.99,10.99,10.99,10828,3,nepse_playwright
2026-06-05,NMBHF2,9.71,9.56,9.9,9.56,16200,15,nepse_playwright
2026-06-05,NSIF2,10.85,10.75,10.85,10.75,58400,10,nepse_playwright
2026-06-05,PRSF,12.99,12.96,13.1,12.96,536428,35,nepse_playwright
2026-06-05,PSF,12.5,12.16,12.5,12.16,431984,27,nepse_playwright
2026-06-05,RBBF40,9.42,9.5,9.7,9.4,2100,13,nepse_playwright
2026-06-05,RMF1,9.66,9.55,9.83,9.55,26600,15,nepse_playwright
2026-06-05,RMF2,10.35,10.15,10.35,10.15,500,4,nepse_playwright
2026-06-05,RSY,10.33,10.25,10.33,10.18,39000,17,nepse_playwright
2026-06-05,SAGF,10.1,10.1,10.2,10.1,1350,9,nepse_playwright
2026-06-05,SBCF,9.59,9.6,9.85,9.57,29300,18,nepse_playwright
2026-06-05,SEF,9.97,10.0,10.0,9.97,9070,6,nepse_playwright
2026-06-05,SFEF,10.14,10.14,10.14,10.14,39109,11,nepse_playwright
2026-06-05,SFMF,10.21,10.21,10.21,10.21,1000,1,nepse_playwright
2026-06-05,SIGS2,10.8,10.55,10.8,10.55,6740,9,nepse_playwright
2026-06-05,SIGS3,11.25,11.01,11.25,11.01,2300,9,nepse_playwright
2026-06-05,SLCF,10.0,10.15,10.15,9.89,1150,9,nepse_playwright
2026-06-08,C30MF,10.0,10.01,10.21,9.92,1900,7,nepse_playwright
2026-06-08,CMF2,10.01,10.01,10.01,10.0,2025,3,nepse_playwright
2026-06-08,GBIMESY2,9.4,9.12,9.67,9.12,3300,13,nepse_playwright
2026-06-08,GIBF1,10.81,11.0,11.13,10.8,31400,15,nepse_playwright
2026-06-08,GSY,10.01,10.0,10.05,9.92,9300,33,nepse_playwright
2026-06-08,H8020,11.88,11.87,11.88,11.87,250,2,nepse_playwright
2026-06-08,HLICF,9.04,9.6,9.88,8.85,3150,19,nepse_playwright
2026-06-08,KDBY,11.21,11.21,11.39,11.19,255600,42,nepse_playwright
2026-06-08,KEF,10.86,10.86,10.86,10.86,10350,15,nepse_playwright
2026-06-08,KSY,9.76,9.7,9.76,9.7,900,5,nepse_playwright
2026-06-08,LUK,10.3,9.9,10.3,9.9,28700,9,nepse_playwright
2026-06-08,LVF2,9.9,9.76,10.0,9.76,10110,11,nepse_playwright
2026-06-08,MBLEF,10.2,10.01,10.2,10.01,6610,20,nepse_playwright
2026-06-08,MMF1,9.5,9.6,9.6,9.25,116300,38,nepse_playwright
2026-06-08,MNMF1,9.8,9.8,9.81,9.61,13350,22,nepse_playwright
2026-06-08,NBF2,10.4,10.1,10.4,10.1,5300,4,nepse_playwright
2026-06-08,NBF3,10.03,9.74,10.03,9.74,23150,27,nepse_playwright
2026-06-08,NIBLGF,9.39,9.4,9.4,9.39,1297,6,nepse_playwright
2026-06-08,NIBLSTF,9.42,9.2,9.42,8.91,52350,28,nepse_playwright
2026-06-08,NIBSF2,9.28,9.0,9.28,9.0,21953,21,nepse_playwright
2026-06-08,NICBF,9.46,9.46,9.46,9.46,1000,2,nepse_playwright
2026-06-08,NICFC,9.3,9.26,9.5,9.26,600,6,nepse_playwright
2026-06-08,NICGF2,9.6,9.6,9.6,9.33,3200,15,nepse_playwright
2026-06-08,NICSF,9.31,9.37,9.6,9.11,90353,27,nepse_playwright
2026-06-08,NMB50,10.99,10.99,10.99,10.99,0,0,nepse_playwright
2026-06-08,NMBHF2,9.65,9.6,9.7,9.6,2900,17,nepse_playwright
2026-06-08,NSIF2,10.73,10.73,11.1,10.73,3300,15,nepse_playwright
2026-06-08,PRSF,13.0,12.95,13.0,12.95,585,4,nepse_playwright
2026-06-08,PSF,12.3,12.23,12.5,12.23,67350,27,nepse_playwright
2026-06-08,RBBF40,9.5,9.22,9.5,9.22,3280,12,nepse_playwright
2026-06-08,RMF1,9.71,9.6,9.99,9.6,70400,18,nepse_playwright
2026-06-08,RMF2,10.14,10.14,10.14,10.14,100,1,nepse_playwright
2026-06-08,RSY,10.21,10.2,10.3,10.15,40900,25,nepse_playwright
2026-06-08,SAGF,10.12,10.1,10.4,10.1,1200,6,nepse_playwright
2026-06-08,SBCF,9.62,9.61,9.62,9.6,6800,11,nepse_playwright
2026-06-08,SEF,9.93,9.98,10.1,9.81,54760,14,nepse_playwright
2026-06-08,SFEF,10.03,10.02,10.3,10.02,12118,11,nepse_playwright
2026-06-08,SFMF,10.21,10.21,10.21,10.21,0,0,nepse_playwright
2026-06-08,SIGS2,10.8,10.8,10.8,10.8,400,1,nepse_playwright
2026-06-08,SIGS3,11.0,11.0,11.01,11.0,3900,6,nepse_playwright
2026-06-08,SLCF,10.02,9.87,10.2,9.87,45300,25,nepse_playwright
2026-06-09,C30MF,10.01,10.0,10.01,10.0,600,2,nepse_playwright
2026-06-09,CMF2,10.01,10.01,10.01,10.01,0,0,nepse_playwright
2026-06-09,GBIMESY2,9.29,9.28,9.29,9.28,830,5,nepse_playwright
2026-06-09,GIBF1,10.8,11.11,11.13,10.8,850,6,nepse_playwright
2026-06-09,GSY,10.0,10.0,10.01,10.0,7450,28,nepse_playwright
2026-06-09,H8020,11.88,11.54,11.88,11.54,1970,11,nepse_playwright
2026-06-09,HLICF,9.0,9.0,9.2,9.0,605,6,nepse_playwright
2026-06-09,KDBY,11.25,11.17,11.4,11.17,4700,28,nepse_playwright
2026-06-09,KEF,10.75,10.84,10.86,10.73,5100,20,nepse_playwright
2026-06-09,KSY,9.82,9.75,9.82,9.66,5000,10,nepse_playwright
2026-06-09,LUK,10.3,10.6,10.6,10.3,235,2,nepse_playwright
2026-06-09,LVF2,9.86,9.8,9.9,9.8,650,4,nepse_playwright
2026-06-09,MBLEF,10.0,10.0,10.1,10.0,2400,8,nepse_playwright
2026-06-09,MMF1,9.41,9.35,9.62,9.35,40400,39,nepse_playwright
2026-06-09,MNMF1,9.97,9.72,9.97,9.72,13320,13,nepse_playwright
2026-06-09,NBF2,10.09,10.09,10.09,10.09,400,3,nepse_playwright
2026-06-09,NBF3,9.97,9.83,10.03,9.83,4400,13,nepse_playwright
2026-06-09,NIBLGF,9.39,9.5,9.79,9.39,7500,8,nepse_playwright
2026-06-09,NIBLSTF,9.28,9.38,9.38,9.0,19195,18,nepse_playwright
2026-06-09,NIBSF2,9.2,9.14,9.2,9.14,3937,6,nepse_playwright
2026-06-09,NICBF,9.18,9.18,9.18,9.18,400,1,nepse_playwright
2026-06-09,NICFC,9.5,9.57,9.57,9.3,3900,11,nepse_playwright
2026-06-09,NICGF2,9.62,9.32,9.62,9.16,1700,17,nepse_playwright
2026-06-09,NICSF,9.44,9.26,9.44,9.25,45346,16,nepse_playwright
2026-06-09,NMB50,10.88,11.0,11.3,10.87,12930,10,nepse_playwright
2026-06-09,NMBHF2,9.85,9.57,9.85,9.57,41850,18,nepse_playwright
2026-06-09,NSIF2,10.85,10.74,10.94,10.74,7900,15,nepse_playwright
2026-06-09,PRSF,12.92,13.0,13.0,12.9,37500,15,nepse_playwright
2026-06-09,PSF,12.25,12.66,12.66,12.1,1700,7,nepse_playwright
2026-06-09,RBBF40,9.3,9.3,9.3,9.3,400,3,nepse_playwright
2026-06-09,RMF1,9.9,9.72,9.9,9.71,2100,4,nepse_playwright
2026-06-09,RMF2,10.14,10.14,10.14,10.14,550,2,nepse_playwright
2026-06-09,RSY,10.2,10.15,10.3,10.15,7000,14,nepse_playwright
2026-06-09,SAGF,10.2,10.15,10.2,10.1,1200,8,nepse_playwright
2026-06-09,SBCF,9.67,9.63,9.7,9.63,9632,16,nepse_playwright
2026-06-09,SEF,10.0,10.0,10.0,10.0,1500,2,nepse_playwright
2026-06-09,SFEF,10.05,10.05,10.05,10.05,400,4,nepse_playwright
2026-06-09,SFMF,10.51,10.51,10.51,10.51,100,1,nepse_playwright
2026-06-09,SIGS2,10.78,10.79,11.11,10.5,29125,12,nepse_playwright
2026-06-09,SIGS3,11.0,11.33,11.33,11.0,7810,8,nepse_playwright
2026-06-09,SLCF,10.1,10.0,10.1,10.0,6050,13,nepse_playwright
2026-06-10,C30MF,9.96,10.05,10.05,9.96,97500,9,nepse_playwright
2026-06-10,CMF2,9.9,9.88,9.9,9.88,700,3,nepse_playwright
2026-06-10,GBIMESY2,9.35,9.3,9.59,9.3,1559,10,nepse_playwright
2026-06-10,GIBF1,10.72,10.8,11.0,10.71,2000,11,nepse_playwright
2026-06-10,GSY,9.96,9.93,10.0,9.93,4900,22,nepse_playwright
2026-06-10,H8020,11.65,11.63,11.8,11.63,1000,9,nepse_playwright
2026-06-10,HLICF,9.0,9.0,9.0,8.81,3686,10,nepse_playwright
2026-06-10,KDBY,11.3,11.25,11.92,11.22,4300,31,nepse_playwright
2026-06-10,KEF,10.79,10.74,11.0,10.74,39600,24,nepse_playwright
2026-06-10,KSY,9.93,9.8,9.93,9.8,1000,7,nepse_playwright
2026-06-10,LUK,10.1,10.1,10.1,10.1,200,2,nepse_playwright
2026-06-10,LVF2,9.8,10.1,10.1,9.8,900,5,nepse_playwright
2026-06-10,MBLEF,10.2,10.0,10.27,10.0,6600,17,nepse_playwright
2026-06-10,MMF1,9.45,9.4,9.54,9.4,24945,33,nepse_playwright
2026-06-10,MNMF1,10.0,9.8,10.0,9.8,1600,14,nepse_playwright
2026-06-10,NBF2,9.85,9.85,9.85,9.85,100,1,nepse_playwright
2026-06-10,NBF3,9.94,10.0,10.0,9.91,25560,23,nepse_playwright
2026-06-10,NIBLGF,9.39,9.39,9.66,9.39,16400,10,nepse_playwright
2026-06-10,NIBLSTF,9.36,9.28,9.52,8.99,13400,30,nepse_playwright
2026-06-10,NIBSF2,9.24,9.05,9.41,9.05,5100,14,nepse_playwright
2026-06-10,NICBF,9.2,9.2,9.52,9.2,16500,7,nepse_playwright
2026-06-10,NICFC,9.35,9.22,9.6,9.22,3650,13,nepse_playwright
2026-06-10,NICGF2,9.61,9.78,9.78,9.41,12600,14,nepse_playwright
2026-06-10,NICSF,9.49,9.6,9.6,9.22,34650,18,nepse_playwright
2026-06-10,NMB50,11.02,10.7,11.02,10.7,1100,2,nepse_playwright
2026-06-10,NMBHF2,9.66,9.7,9.9,9.66,51500,18,nepse_playwright
2026-06-10,NSIF2,10.75,10.75,10.75,10.75,1200,5,nepse_playwright
2026-06-10,PRSF,13.1,12.64,13.15,12.64,58034,22,nepse_playwright
2026-06-10,PSF,12.1,11.96,12.2,11.96,10800,16,nepse_playwright
2026-06-10,RBBF40,9.3,9.3,9.3,9.3,700,7,nepse_playwright
2026-06-10,RMF1,9.85,9.69,9.85,9.68,12500,4,nepse_playwright
2026-06-10,RMF2,10.14,10.14,10.14,10.14,400,3,nepse_playwright
2026-06-10,RSY,10.36,10.17,10.36,10.17,12700,23,nepse_playwright
2026-06-10,SAGF,10.13,10.16,10.16,10.12,1600,12,nepse_playwright
2026-06-10,SBCF,9.85,9.58,9.85,9.58,20500,25,nepse_playwright
2026-06-10,SEF,10.1,10.29,10.29,10.0,18000,7,nepse_playwright
2026-06-10,SFEF,10.1,10.06,10.1,10.06,1300,7,nepse_playwright
2026-06-10,SFMF,10.24,10.2,10.24,10.2,2100,2,nepse_playwright
2026-06-10,SIGS2,10.81,10.49,10.81,10.49,18295,5,nepse_playwright
2026-06-10,SIGS3,10.98,10.98,10.98,10.67,127000,22,nepse_playwright
2026-06-10,SLCF,10.03,10.0,10.1,10.0,1700,4,nepse_playwright
2026-06-11,C30MF,10.0,9.99,10.0,9.99,7350,4,nepse_playwright
2026-06-11,CMF2,9.9,9.9,9.9,9.9,100,1,nepse_playwright
2026-06-11,GBIMESY2,9.58,9.32,9.58,9.31,20150,15,nepse_playwright
2026-06-11,GIBF1,10.73,10.7,11.03,10.7,86400,11,nepse_playwright
2026-06-11,GSY,9.96,9.96,9.97,9.95,2900,14,nepse_playwright
2026-06-11,H8020,11.75,11.65,11.97,11.4,261800,20,nepse_playwright
2026-06-11,HLICF,9.0,9.0,9.0,8.73,1850,11,nepse_playwright
2026-06-11,KDBY,11.26,11.21,11.3,11.21,3900,26,nepse_playwright
2026-06-11,KEF,10.72,10.75,10.8,10.71,9800,18,nepse_playwright
2026-06-11,KSY,9.77,9.64,9.77,9.64,800,6,nepse_playwright
2026-06-11,LUK,9.9,10.0,10.0,9.9,11000,2,nepse_playwright
2026-06-11,LVF2,9.75,10.0,10.0,9.7,450,4,nepse_playwright
2026-06-11,MBLEF,10.01,10.0,10.01,10.0,900,9,nepse_playwright
2026-06-11,MMF1,9.52,9.6,9.6,9.33,21700,33,nepse_playwright
2026-06-11,MNMF1,10.0,9.81,10.0,9.81,138895,22,nepse_playwright
2026-06-11,NBF2,9.88,9.88,9.9,9.88,4200,4,nepse_playwright
2026-06-11,NBF3,10.0,9.8,10.0,9.8,23800,25,nepse_playwright
2026-06-11,NIBLGF,9.4,9.4,9.4,9.4,700,6,nepse_playwright
2026-06-11,NIBLSTF,9.11,9.08,9.39,9.08,11180,15,nepse_playwright
2026-06-11,NIBSF2,9.25,9.1,9.25,9.0,5200,9,nepse_playwright
2026-06-11,NICBF,9.2,9.2,9.2,9.2,100,1,nepse_playwright
2026-06-11,NICFC,9.25,9.35,9.51,9.23,3300,15,nepse_playwright
2026-06-11,NICGF2,9.65,9.33,9.65,9.33,8200,17,nepse_playwright
2026-06-11,NICSF,9.45,9.25,9.45,9.25,18600,20,nepse_playwright
2026-06-11,NMB50,11.02,11.02,11.02,11.02,0,0,nepse_playwright
2026-06-11,NMBHF2,9.68,9.7,9.85,9.68,32140,18,nepse_playwright
2026-06-11,NSIF2,10.84,10.75,10.85,10.75,69195,19,nepse_playwright
2026-06-11,PRSF,12.9,13.0,13.0,12.86,110200,18,nepse_playwright
2026-06-11,PSF,12.2,12.03,12.2,11.8,352348,48,nepse_playwright
2026-06-11,RBBF40,9.25,9.3,9.4,9.2,610,6,nepse_playwright
2026-06-11,RMF1,9.77,9.9,9.9,9.64,6350,12,nepse_playwright
2026-06-11,RMF2,9.99,9.99,9.99,9.99,250,1,nepse_playwright
2026-06-11,RSY,10.25,10.21,10.3,10.21,116160,22,nepse_playwright
2026-06-11,SAGF,10.2,10.13,10.2,10.02,700,7,nepse_playwright
2026-06-11,SBCF,9.7,9.8,10.38,9.66,51756,35,nepse_playwright
2026-06-11,SEF,10.0,10.0,10.68,10.0,93450,22,nepse_playwright
2026-06-11,SFEF,10.08,10.06,10.1,10.06,55500,21,nepse_playwright
2026-06-11,SFMF,10.5,10.5,10.5,10.5,3300,2,nepse_playwright
2026-06-11,SIGS2,11.0,10.81,11.0,10.81,10100,3,nepse_playwright
2026-06-11,SIGS3,10.8,10.7,10.8,10.7,300,3,nepse_playwright
2026-06-11,SLCF,10.0,9.9,10.3,9.87,39900,31,nepse_playwright
2026-06-12,C30MF,9.92,10.0,10.0,9.9,49100,9,nepse_playwright
2026-06-12,CMF2,9.9,9.9,9.9,9.9,0,0,nepse_playwright
2026-06-12,GBIMESY2,9.42,9.85,9.86,9.35,10450,11,nepse_playwright
2026-06-12,GIBF1,11.02,10.71,11.02,10.7,10300,12,nepse_playwright
2026-06-12,GSY,9.96,9.93,9.98,9.93,2300,20,nepse_playwright
2026-06-12,H8020,11.6,11.5,11.8,11.5,60400,13,nepse_playwright
2026-06-12,HLICF,9.01,8.75,9.01,8.75,800,8,nepse_playwright
2026-06-12,KDBY,11.29,11.2,11.29,11.2,3660,27,nepse_playwright
2026-06-12,KEF,10.85,10.7,10.85,10.7,12400,16,nepse_playwright
2026-06-12,KSY,9.69,9.67,9.69,9.67,600,5,nepse_playwright
2026-06-12,LUK,10.0,10.0,10.9,10.0,34675,20,nepse_playwright
2026-06-12,LVF2,9.82,9.6,9.82,9.6,500,5,nepse_playwright
2026-06-12,MBLEF,10.2,10.0,10.31,9.98,72210,24,nepse_playwright
2026-06-12,MMF1,9.55,9.59,9.59,9.32,10800,31,nepse_playwright
2026-06-12,MNMF1,10.0,9.82,10.0,9.82,28045,14,nepse_playwright
2026-06-12,NBF2,9.94,9.91,9.94,9.91,1100,5,nepse_playwright
2026-06-12,NBF3,10.0,10.0,10.0,9.79,68454,34,nepse_playwright
2026-06-12,NIBLGF,9.22,9.22,9.22,9.22,200,2,nepse_playwright
2026-06-12,NIBLSTF,9.4,9.56,9.56,9.03,3050,13,nepse_playwright
2026-06-12,NIBSF2,9.03,9.01,9.03,9.01,1500,3,nepse_playwright
2026-06-12,NICBF,9.2,9.2,9.2,9.2,0,0,nepse_playwright
2026-06-12,NICFC,9.26,9.25,9.34,9.25,2400,22,nepse_playwright
2026-06-12,NICGF2,9.36,10.13,10.13,9.27,1600,6,nepse_playwright
2026-06-12,NICSF,9.4,9.5,9.6,9.2,25500,15,nepse_playwright
2026-06-12,NMB50,11.02,11.02,11.02,11.02,0,0,nepse_playwright
2026-06-12,NMBHF2,9.7,9.68,9.9,9.68,148300,32,nepse_playwright
2026-06-12,NSIF2,10.7,10.52,10.84,10.52,10700,7,nepse_playwright
2026-06-12,PRSF,12.83,12.9,13.0,12.83,277100,29,nepse_playwright
2026-06-12,PSF,12.25,11.9,12.25,11.9,53373,20,nepse_playwright
2026-06-12,RBBF40,9.47,9.25,9.47,9.2,800,7,nepse_playwright
2026-06-12,RMF1,9.8,10.0,10.06,9.8,70840,26,nepse_playwright
2026-06-12,RMF2,9.99,9.99,9.99,9.99,0,0,nepse_playwright
2026-06-12,RSY,10.33,10.23,10.33,10.23,6000,21,nepse_playwright
2026-06-12,SAGF,10.1,10.1,10.1,10.08,1100,7,nepse_playwright
2026-06-12,SBCF,9.89,9.61,10.15,9.61,12150,20,nepse_playwright
2026-06-12,SEF,10.18,10.2,10.85,10.18,97065,25,nepse_playwright
2026-06-12,SFEF,10.08,10.05,10.08,10.05,6400,6,nepse_playwright
2026-06-12,SFMF,10.81,10.81,10.81,10.81,7615,2,nepse_playwright
2026-06-12,SIGS2,11.4,11.33,11.5,11.16,60000,12,nepse_playwright
2026-06-12,SIGS3,11.25,11.0,11.3,11.0,22900,11,nepse_playwright
2026-06-12,SLCF,10.01,10.0,10.3,10.0,12100,20,nepse_playwright
2026-06-15,C30MF,10.01,9.92,10.09,9.92,7450,6,nepse_playwright
2026-06-15,CMF2,9.9,9.9,9.9,9.68,8600,5,nepse_playwright
2026-06-15,GBIMESY2,9.41,9.37,9.41,9.37,1600,7,nepse_playwright
2026-06-15,GIBF1,10.8,10.8,10.82,10.73,2400,14,nepse_playwright
2026-06-15,GSY,9.95,9.93,10.05,9.93,5700,33,nepse_playwright
2026-06-15,H8020,11.7,11.58,11.85,11.58,1352532,15,nepse_playwright
2026-06-15,HLICF,9.0,8.75,9.0,8.75,7700,13,nepse_playwright
2026-06-15,KDBY,11.28,11.25,11.35,11.22,5060,30,nepse_playwright
2026-06-15,KEF,10.9,10.75,10.95,10.75,7810,17,nepse_playwright
2026-06-15,KSY,9.76,9.69,9.9,9.69,4200,8,nepse_playwright
2026-06-15,LUK,10.04,10.0,10.3,10.0,1740,6,nepse_playwright
2026-06-15,LVF2,9.76,9.61,9.91,9.61,1300,5,nepse_playwright
2026-06-15,MBLEF,10.0,9.99,10.2,9.98,4000,22,nepse_playwright
2026-06-15,MMF1,9.55,9.3,9.57,9.3,53100,37,nepse_playwright
2026-06-15,MNMF1,10.0,9.82,10.0,9.82,2250,16,nepse_playwright
2026-06-15,NBF2,9.72,9.7,9.94,9.7,2700,6,nepse_playwright
2026-06-15,NBF3,10.0,10.0,10.0,9.7,19314,21,nepse_playwright
2026-06-15,NIBLGF,9.23,9.22,9.23,9.22,600,6,nepse_playwright
2026-06-15,NIBLSTF,9.35,9.2,9.39,8.93,4700,18,nepse_playwright
2026-06-15,NIBSF2,9.12,9.02,9.15,9.02,5300,11,nepse_playwright
2026-06-15,NICBF,9.15,9.15,9.15,9.15,300,2,nepse_playwright
2026-06-15,NICFC,9.4,9.0,9.44,9.0,3205,21,nepse_playwright
2026-06-15,NICGF2,9.26,9.2,9.5,9.2,3900,12,nepse_playwright
2026-06-15,NICSF,9.4,9.25,9.45,9.25,23600,22,nepse_playwright
2026-06-15,NMB50,10.7,10.9,10.9,10.7,9560,7,nepse_playwright
2026-06-15,NMBHF2,9.7,9.6,9.8,9.6,10310,24,nepse_playwright
2026-06-15,NSIF2,10.79,10.7,10.84,10.6,43700,27,nepse_playwright
2026-06-15,PRSF,12.95,12.83,12.97,12.83,130620,17,nepse_playwright
2026-06-15,PSF,12.3,12.0,12.3,12.0,19500,11,nepse_playwright
2026-06-15,RBBF40,9.25,9.2,9.26,9.2,900,8,nepse_playwright
2026-06-15,RMF1,9.86,9.58,9.86,9.58,700,3,nepse_playwright
2026-06-15,RMF2,9.99,9.97,9.99,9.97,200,2,nepse_playwright
2026-06-15,RSY,10.26,10.25,10.31,10.25,7400,29,nepse_playwright
2026-06-15,SAGF,10.2,10.11,10.2,10.11,1400,10,nepse_playwright
2026-06-15,SBCF,9.76,9.9,9.91,9.7,4000,10,nepse_playwright
2026-06-15,SEF,10.19,10.48,10.48,10.19,26725,13,nepse_playwright
2026-06-15,SFEF,10.11,10.08,10.3,10.08,4500,7,nepse_playwright
2026-06-15,SFMF,10.81,10.81,10.81,10.81,0,0,nepse_playwright
2026-06-15,SIGS2,11.4,11.4,11.4,11.4,0,0,nepse_playwright
2026-06-15,SIGS3,11.57,10.94,11.58,10.94,12055,10,nepse_playwright
2026-06-15,SLCF,9.95,10.0,10.3,9.95,18150,19,nepse_playwright
2026-06-16,C30MF,10.11,10.11,10.11,10.11,900,4,nepse_playwright
2026-06-16,CMF2,9.9,9.9,9.9,9.9,0,0,nepse_playwright
2026-06-16,GBIMESY2,9.4,9.37,9.4,9.37,12800,14,nepse_playwright
2026-06-16,GIBF1,10.8,10.73,10.8,10.73,2900,14,nepse_playwright
2026-06-16,GSY,9.86,10.0,10.1,9.86,23800,29,nepse_playwright
2026-06-16,H8020,11.75,11.6,11.75,11.6,5251,10,nepse_playwright
2026-06-16,HLICF,9.2,8.87,9.2,8.87,11600,14,nepse_playwright
2026-06-16,KDBY,11.25,11.28,11.35,11.22,1063850,50,nepse_playwright
2026-06-16,KEF,10.8,10.84,11.15,10.8,18410,24,nepse_playwright
2026-06-16,KSY,9.65,9.65,9.65,9.65,1720,3,nepse_playwright
2026-06-16,LUK,10.2,10.04,10.2,10.04,7920,11,nepse_playwright
2026-06-16,LVF2,9.67,9.5,9.67,9.5,700,6,nepse_playwright
2026-06-16,MBLEF,10.0,9.97,10.19,9.97,64100,28,nepse_playwright
2026-06-16,MMF1,9.56,9.5,9.57,9.38,37206,35,nepse_playwright
2026-06-16,MNMF1,10.0,9.81,10.0,9.75,4750,18,nepse_playwright
2026-06-16,NBF2,9.86,10.01,10.01,9.86,1000,2,nepse_playwright
2026-06-16,NBF3,9.99,9.7,9.99,9.5,86480,39,nepse_playwright
2026-06-16,NIBLGF,9.36,9.35,9.36,9.35,3000,8,nepse_playwright
2026-06-16,NIBLSTF,9.4,9.8,9.8,8.99,4610,17,nepse_playwright
2026-06-16,NIBSF2,9.1,8.99,9.26,8.99,11350,14,nepse_playwright
2026-06-16,NICBF,9.15,9.15,9.15,9.15,0,0,nepse_playwright
2026-06-16,NICFC,9.39,9.4,9.45,9.39,15930,21,nepse_playwright
2026-06-16,NICGF2,9.22,9.4,9.4,9.15,3500,18,nepse_playwright
2026-06-16,NICSF,9.53,9.8,9.8,9.26,31040,15,nepse_playwright
2026-06-16,NMB50,10.38,10.38,10.38,10.38,100,1,nepse_playwright
2026-06-16,NMBHF2,9.8,9.5,9.8,9.5,4050,20,nepse_playwright
2026-06-16,NSIF2,10.82,10.6,10.82,10.6,13000,8,nepse_playwright
2026-06-16,PRSF,12.81,12.92,13.0,12.7,153173,37,nepse_playwright
2026-06-16,PSF,12.22,12.02,12.25,12.0,205498,32,nepse_playwright
2026-06-16,RBBF40,9.5,9.5,9.52,9.5,10650,23,nepse_playwright
2026-06-16,RMF1,9.8,9.68,9.96,9.67,1200,4,nepse_playwright
2026-06-16,RMF2,10.19,10.0,10.3,9.97,14499,11,nepse_playwright
2026-06-16,RSY,10.23,10.25,10.37,10.23,612800,33,nepse_playwright
2026-06-16,SAGF,10.17,10.17,10.17,10.17,200,2,nepse_playwright
2026-06-16,SBCF,9.61,9.47,9.99,9.47,1487,9,nepse_playwright
2026-06-16,SEF,10.16,10.2,10.3,10.16,36790,17,nepse_playwright
2026-06-16,SFEF,10.06,10.2,10.35,10.06,21250,12,nepse_playwright
2026-06-16,SFMF,10.9,10.9,10.9,10.9,2000,1,nepse_playwright
2026-06-16,SIGS2,11.4,11.4,11.4,11.4,0,0,nepse_playwright
2026-06-16,SIGS3,11.36,11.23,11.36,10.91,2700,10,nepse_playwright
2026-06-16,SLCF,9.92,9.87,10.16,9.87,8000,13,nepse_playwright
2026-06-17,C30MF,10.0,10.15,10.2,10.0,1300,4,nepse_playwright
2026-06-17,CMF2,10.0,9.9,10.19,9.9,980,4,nepse_playwright
2026-06-17,GBIMESY2,9.3,9.37,9.47,9.2,2350,18,nepse_playwright
2026-06-17,GIBF1,11.12,10.8,11.12,10.62,3400,22,nepse_playwright
2026-06-17,GSY,9.88,9.86,10.15,9.86,13950,42,nepse_playwright
2026-06-17,H8020,11.97,11.75,11.97,11.63,332421,12,nepse_playwright
2026-06-17,HLICF,9.0,9.2,9.2,9.0,11000,5,nepse_playwright
2026-06-17,KDBY,11.26,11.21,11.3,11.21,101600,49,nepse_playwright
2026-06-17,KEF,10.85,10.74,10.85,10.72,3650,15,nepse_playwright
2026-06-17,KSY,9.75,9.5,9.75,9.5,1400,6,nepse_playwright
2026-06-17,LUK,9.87,9.9,10.0,9.87,800,3,nepse_playwright
2026-06-17,LVF2,9.85,9.76,10.0,9.76,1870,9,nepse_playwright
2026-06-17,MBLEF,10.15,9.9,10.19,9.9,8800,18,nepse_playwright
2026-06-17,MMF1,9.58,9.55,9.84,9.35,22200,41,nepse_playwright
2026-06-17,MNMF1,10.0,9.75,10.0,9.75,4250,22,nepse_playwright
2026-06-17,NBF2,9.85,10.1,10.1,9.85,2200,4,nepse_playwright
2026-06-17,NBF3,10.05,10.0,10.06,9.8,94600,59,nepse_playwright
2026-06-17,NIBLGF,9.35,9.35,9.6,9.35,1300,9,nepse_playwright
2026-06-17,NIBLSTF,9.35,9.25,9.4,9.04,4420,23,nepse_playwright
2026-06-17,NIBSF2,9.06,8.99,9.2,8.99,37150,16,nepse_playwright
2026-06-17,NICBF,9.41,9.42,9.7,9.41,14600,5,nepse_playwright
2026-06-17,NICFC,9.45,9.39,9.45,9.39,6870,27,nepse_playwright
2026-06-17,NICGF2,9.5,9.19,9.54,9.19,5820,16,nepse_playwright
2026-06-17,NICSF,9.3,9.4,9.48,9.3,9789,18,nepse_playwright
2026-06-17,NMB50,10.46,10.4,10.6,10.4,700,3,nepse_playwright
2026-06-17,NMBHF2,9.64,9.51,9.83,9.5,7620,18,nepse_playwright
2026-06-17,NSIF2,10.7,10.8,11.0,10.67,14948,6,nepse_playwright
2026-06-17,PRSF,12.77,12.72,12.89,12.72,170600,25,nepse_playwright
2026-06-17,PSF,12.19,11.86,12.25,11.86,12750,17,nepse_playwright
2026-06-17,RBBF40,9.36,9.3,9.5,9.23,1350,11,nepse_playwright
2026-06-17,RMF1,9.81,10.09,11.02,9.8,3635,13,nepse_playwright
2026-06-17,RMF2,10.2,10.0,10.2,10.0,300,2,nepse_playwright
2026-06-17,RSY,10.22,10.21,10.3,10.21,4500,18,nepse_playwright
2026-06-17,SAGF,10.1,10.1,10.1,10.06,300,3,nepse_playwright
2026-06-17,SBCF,10.0,9.89,10.1,9.66,18832,24,nepse_playwright
2026-06-17,SEF,10.41,10.2,10.91,10.15,54400,14,nepse_playwright
2026-06-17,SFEF,10.08,10.06,10.08,10.06,700,3,nepse_playwright
2026-06-17,SFMF,10.7,10.9,10.9,10.7,700,3,nepse_playwright
2026-06-17,SIGS2,11.06,11.29,11.29,11.06,6000,3,nepse_playwright
2026-06-17,SIGS3,11.15,11.04,11.2,11.04,2200,5,nepse_playwright
2026-06-17,SLCF,10.07,10.21,10.7,9.92,20655,23,nepse_playwright
2026-06-18,C30MF,10.24,10.25,10.25,9.95,144461,7,nepse_playwright
2026-06-18,CMF2,10.09,10.2,10.2,9.9,1910,3,nepse_playwright
2026-06-18,GBIMESY2,9.33,9.2,9.4,9.2,1700,11,nepse_playwright
2026-06-18,GIBF1,10.61,10.79,10.79,10.47,1300,12,nepse_playwright
2026-06-18,GSY,9.9,9.7,10.0,9.7,2500,21,nepse_playwright
2026-06-18,H8020,12.32,11.63,12.32,11.63,1100,9,nepse_playwright
2026-06-18,HLICF,8.82,8.76,9.0,8.76,3200,13,nepse_playwright
2026-06-18,KDBY,11.23,11.2,11.25,11.2,55000,43,nepse_playwright
2026-06-18,KEF,11.0,11.3,11.3,10.76,22896,19,nepse_playwright
2026-06-18,KSY,9.83,9.65,9.83,9.65,900,9,nepse_playwright
2026-06-18,LUK,10.0,10.0,10.0,10.0,100,1,nepse_playwright
2026-06-18,LVF2,10.14,9.85,10.14,9.7,2200,18,nepse_playwright
2026-06-18,MBLEF,10.15,9.93,10.2,9.9,175700,26,nepse_playwright
2026-06-18,MMF1,9.58,9.45,9.58,9.4,33464,31,nepse_playwright
2026-06-18,MNMF1,9.98,9.76,9.98,9.76,2900,15,nepse_playwright
2026-06-18,NBF2,10.2,10.0,10.2,10.0,850,3,nepse_playwright
2026-06-18,NBF3,9.95,10.05,10.05,9.77,34400,23,nepse_playwright
2026-06-18,NIBLGF,9.5,9.35,9.5,9.35,8720,14,nepse_playwright
2026-06-18,NIBLSTF,9.33,9.35,9.5,9.07,9160,16,nepse_playwright
2026-06-18,NIBSF2,9.1,9.03,9.1,9.03,4800,9,nepse_playwright
2026-06-18,NICBF,9.41,9.41,9.41,9.41,0,0,nepse_playwright
2026-06-18,NICFC,9.39,9.39,9.67,9.39,2100,16,nepse_playwright
2026-06-18,NICGF2,9.5,9.22,9.5,9.22,9508,10,nepse_playwright
2026-06-18,NICSF,9.3,9.3,9.57,9.28,7150,13,nepse_playwright
2026-06-18,NMB50,10.7,10.7,10.7,10.7,1500,1,nepse_playwright
2026-06-18,NMBHF2,9.73,9.64,9.92,9.64,32810,30,nepse_playwright
2026-06-18,NSIF2,10.81,10.8,10.81,10.61,2400,8,nepse_playwright
2026-06-18,PRSF,12.8,12.77,12.85,12.62,118307,25,nepse_playwright
2026-06-18,PSF,12.14,12.16,12.16,12.13,7700,10,nepse_playwright
2026-06-18,RBBF40,9.52,9.4,9.52,9.4,2200,14,nepse_playwright
2026-06-18,RMF1,10.05,10.0,10.05,9.9,5135,9,nepse_playwright
2026-06-18,RMF2,10.3,10.2,10.3,10.2,4700,6,nepse_playwright
2026-06-18,RSY,10.22,10.21,10.31,10.2,5060,23,nepse_playwright
2026-06-18,SAGF,10.2,10.0,10.2,10.0,500,5,nepse_playwright
2026-06-18,SBCF,9.95,9.8,9.96,9.8,1800,5,nepse_playwright
2026-06-18,SEF,10.41,10.9,10.9,10.27,49175,15,nepse_playwright
2026-06-18,SFEF,10.1,10.1,10.1,10.1,300,3,nepse_playwright
2026-06-18,SFMF,10.7,10.7,10.7,10.7,0,0,nepse_playwright
2026-06-18,SIGS2,11.06,11.06,11.06,11.06,1206,1,nepse_playwright
2026-06-18,SIGS3,11.01,10.85,11.3,10.85,10400,7,nepse_playwright
2026-06-18,SLCF,10.2,10.37,10.68,10.1,30467,19,nepse_playwright
2026-06-19,C30MF,10.05,10.0,10.24,10.0,277200,25,nepse_playwright
2026-06-19,CMF2,10.09,10.09,10.09,10.09,0,0,nepse_playwright
2026-06-19,GBIMESY2,9.51,9.4,9.51,9.4,1100,6,nepse_playwright
2026-06-19,GIBF1,10.59,10.54,10.6,10.54,1250,10,nepse_playwright
2026-06-19,GSY,10.0,9.63,10.0,9.63,7820,34,nepse_playwright
2026-06-19,H8020,11.96,11.96,11.96,11.96,1350,6,nepse_playwright
2026-06-19,HLICF,8.83,8.82,9.0,8.8,961,8,nepse_playwright
2026-06-19,KDBY,11.24,11.13,11.3,10.8,901850,71,nepse_playwright
2026-06-19,KEF,10.75,10.72,10.75,10.7,2600,12,nepse_playwright
2026-06-19,KSY,9.9,9.66,9.9,9.66,2400,11,nepse_playwright
2026-06-19,LUK,10.0,10.0,10.3,10.0,11300,8,nepse_playwright
2026-06-19,LVF2,9.87,9.87,9.87,9.87,450,3,nepse_playwright
2026-06-19,MBLEF,10.1,10.2,10.2,10.0,2800,18,nepse_playwright
2026-06-19,MMF1,9.45,9.58,9.58,9.28,35590,37,nepse_playwright
2026-06-19,MNMF1,9.86,9.77,9.99,9.77,1700,13,nepse_playwright
2026-06-19,NBF2,10.1,9.95,10.1,9.95,6800,5,nepse_playwright
2026-06-19,NBF3,9.95,9.94,10.0,9.69,63940,31,nepse_playwright
2026-06-19,NIBLGF,9.35,9.35,9.5,9.35,2020,8,nepse_playwright
2026-06-19,NIBLSTF,9.12,9.3,9.46,9.1,7070,17,nepse_playwright
2026-06-19,NIBSF2,9.27,9.1,9.27,8.85,14600,13,nepse_playwright
2026-06-19,NICBF,9.41,9.41,9.41,9.41,600,1,nepse_playwright
2026-06-19,NICFC,9.32,9.39,9.4,9.2,14450,20,nepse_playwright
2026-06-19,NICGF2,9.55,9.55,9.55,9.26,15900,16,nepse_playwright
2026-06-19,NICSF,9.23,9.22,9.29,9.22,4150,11,nepse_playwright
2026-06-19,NMB50,10.7,10.7,10.7,10.7,0,0,nepse_playwright
2026-06-19,NMBHF2,9.71,9.7,9.85,9.7,31740,15,nepse_playwright
2026-06-19,NSIF2,10.6,10.53,10.65,10.53,50810,16,nepse_playwright
2026-06-19,PRSF,12.61,12.71,12.93,12.53,398700,41,nepse_playwright
2026-06-19,PSF,12.2,12.01,12.23,11.7,288200,45,nepse_playwright
2026-06-19,RBBF40,9.45,9.45,9.45,9.25,500,5,nepse_playwright
2026-06-19,RMF1,9.81,10.05,10.05,9.46,600,6,nepse_playwright
2026-06-19,RMF2,10.2,10.2,10.2,10.2,400,4,nepse_playwright
2026-06-19,RSY,10.25,10.18,10.25,10.18,2100,17,nepse_playwright
2026-06-19,SAGF,10.0,10.05,10.05,9.9,10675,9,nepse_playwright
2026-06-19,SBCF,9.77,9.66,9.95,9.66,11501,11,nepse_playwright
2026-06-19,SEF,10.3,10.3,10.3,10.3,200,2,nepse_playwright
2026-06-19,SFEF,10.1,10.1,10.1,10.1,900,4,nepse_playwright
2026-06-19,SFMF,11.01,11.01,11.01,11.01,1000,1,nepse_playwright
2026-06-19,SIGS2,10.8,10.8,10.8,10.8,200,1,nepse_playwright
2026-06-19,SIGS3,10.51,11.0,11.28,10.32,1001170,34,nepse_playwright
2026-06-19,SLCF,10.1,9.9,10.1,9.9,13920,12,nepse_playwright
2026-06-22,C30MF,10.1,9.9,10.1,9.9,200,2,nepse_playwright
2026-06-22,CMF2,9.85,9.88,10.39,9.85,8088,9,nepse_playwright
2026-06-22,GBIMESY2,9.42,9.3,9.51,9.3,2180,8,nepse_playwright
2026-06-22,GIBF1,10.55,10.54,10.6,10.54,2700,13,nepse_playwright
2026-06-22,GSY,10.0,10.0,10.0,9.9,11800,34,nepse_playwright
2026-06-22,H8020,12.31,11.96,12.31,11.61,3840,15,nepse_playwright
2026-06-22,HLICF,8.73,8.7,8.96,8.7,2700,11,nepse_playwright
2026-06-22,KDBY,11.0,10.92,11.18,10.92,100590,39,nepse_playwright
2026-06-22,KEF,10.51,10.71,10.75,10.46,17500,31,nepse_playwright
2026-06-22,KSY,9.91,9.82,9.91,9.82,1300,9,nepse_playwright
2026-06-22,LUK,10.2,10.01,10.2,10.01,2600,7,nepse_playwright
2026-06-22,LVF2,9.81,9.81,10.09,9.75,1310,11,nepse_playwright
2026-06-22,MBLEF,9.95,10.0,10.1,9.95,28700,16,nepse_playwright
2026-06-22,MMF1,9.58,9.73,9.73,8.89,63550,63,nepse_playwright
2026-06-22,MNMF1,9.86,9.78,9.86,9.78,9100,23,nepse_playwright
2026-06-22,NBF2,9.91,10.0,10.2,9.91,1200,8,nepse_playwright
2026-06-22,NBF3,9.9,10.0,10.0,9.5,102090,62,nepse_playwright
2026-06-22,NIBLGF,9.35,9.36,9.36,9.35,300,3,nepse_playwright
2026-06-22,NIBLSTF,8.95,9.39,9.42,8.85,1200,12,nepse_playwright
2026-06-22,NIBSF2,9.52,9.0,9.52,9.0,3823,15,nepse_playwright
2026-06-22,NICBF,9.18,9.69,9.69,9.18,3600,4,nepse_playwright
2026-06-22,NICFC,9.33,9.21,9.4,9.2,2750,23,nepse_playwright
2026-06-22,NICGF2,9.5,9.27,9.5,9.27,1700,17,nepse_playwright
2026-06-22,NICSF,9.28,9.23,9.28,9.23,6610,16,nepse_playwright
2026-06-22,NMB50,10.45,10.4,10.45,10.4,3420,4,nepse_playwright
2026-06-22,NMBHF2,9.61,9.6,9.8,9.52,66330,33,nepse_playwright
2026-06-22,NSIF2,10.55,10.6,10.91,10.55,17200,15,nepse_playwright
2026-06-22,PRSF,12.61,12.53,12.78,12.53,87778,33,nepse_playwright
2026-06-22,PSF,11.99,11.84,12.21,11.5,4150,17,nepse_playwright
2026-06-22,RBBF40,9.34,9.5,9.5,9.31,1100,9,nepse_playwright
2026-06-22,RMF1,10.05,9.32,10.05,9.32,16910,22,nepse_playwright
2026-06-22,RMF2,10.0,10.2,10.2,10.0,300,3,nepse_playwright
2026-06-22,RSY,10.2,10.2,10.2,10.1,5200,20,nepse_playwright
2026-06-22,SAGF,10.2,10.3,10.6,9.99,6500,6,nepse_playwright
2026-06-22,SBCF,9.6,9.5,9.99,9.5,13500,22,nepse_playwright
2026-06-22,SEF,10.3,10.52,10.52,10.16,23898,12,nepse_playwright
2026-06-22,SFEF,10.08,10.08,10.08,10.08,500,4,nepse_playwright
2026-06-22,SFMF,10.7,10.7,10.7,10.7,570,2,nepse_playwright
2026-06-22,SIGS2,10.5,10.5,10.5,10.5,2000,2,nepse_playwright
2026-06-22,SIGS3,10.53,10.5,10.6,10.5,800,6,nepse_playwright
2026-06-22,SLCF,9.97,10.1,10.3,9.97,39300,25,nepse_playwright
2026-06-23,C30MF,10.1,10.25,10.3,10.1,263188,16,nepse_playwright
2026-06-23,CMF2,9.85,9.85,9.85,9.85,0,0,nepse_playwright
2026-06-23,GBIMESY2,9.42,9.3,9.42,9.12,3700,24,nepse_playwright
2026-06-23,GIBF1,10.85,10.54,10.85,10.54,3800,10,nepse_playwright
2026-06-23,GSY,9.9,9.8,10.0,9.8,4260,31,nepse_playwright
2026-06-23,H8020,12.0,11.95,12.0,11.95,1910,13,nepse_playwright
2026-06-23,HLICF,8.88,8.6,8.88,8.6,4895,12,nepse_playwright
2026-06-23,KDBY,10.88,10.86,11.0,10.86,58350,39,nepse_playwright
2026-06-23,KEF,10.38,10.52,10.55,10.27,24400,22,nepse_playwright
2026-06-23,KSY,9.78,9.75,9.9,9.75,3711,11,nepse_playwright
2026-06-23,LUK,10.81,10.5,10.81,10.1,35365,17,nepse_playwright
2026-06-23,LVF2,9.8,9.81,10.0,9.7,12127,10,nepse_playwright
2026-06-23,MBLEF,10.14,9.94,10.23,9.94,4200,15,nepse_playwright
2026-06-23,MMF1,9.6,9.75,9.75,9.17,34862,34,nepse_playwright
2026-06-23,MNMF1,9.83,9.78,9.86,9.77,77200,15,nepse_playwright
2026-06-23,NBF2,9.9,10.1,10.2,9.9,1626,7,nepse_playwright
2026-06-23,NBF3,10.0,9.7,10.0,9.7,91550,35,nepse_playwright
2026-06-23,NIBLGF,9.35,9.36,9.5,9.35,575,4,nepse_playwright
2026-06-23,NIBLSTF,9.29,9.0,9.37,8.76,16403,16,nepse_playwright
2026-06-23,NIBSF2,9.35,9.25,9.39,9.25,29250,14,nepse_playwright
2026-06-23,NICBF,9.16,9.12,9.16,9.12,2400,3,nepse_playwright
2026-06-23,NICFC,9.23,9.3,9.33,9.22,2600,16,nepse_playwright
2026-06-23,NICGF2,9.31,9.22,9.69,9.22,34299,16,nepse_playwright
2026-06-23,NICSF,9.38,9.2,9.58,9.2,30895,25,nepse_playwright
2026-06-23,NMB50,10.21,10.2,10.21,10.2,6420,2,nepse_playwright
2026-06-23,NMBHF2,9.75,9.6,9.88,9.55,44490,31,nepse_playwright
2026-06-23,NSIF2,10.56,10.55,10.86,10.55,1200,12,nepse_playwright
2026-06-23,PRSF,12.78,12.61,12.78,12.5,133710,29,nepse_playwright
2026-06-23,PSF,12.15,11.67,12.15,11.67,9560,21,nepse_playwright
2026-06-23,RBBF40,9.21,9.2,9.25,9.2,6549,14,nepse_playwright
2026-06-23,RMF1,10.02,10.08,10.08,10.0,12875,13,nepse_playwright
2026-06-23,RMF2,10.0,9.71,10.0,9.71,400,2,nepse_playwright
2026-06-23,RSY,10.15,10.16,10.16,10.1,3560,25,nepse_playwright
2026-06-23,SAGF,10.11,9.95,10.11,9.95,5900,9,nepse_playwright
2026-06-23,SBCF,10.09,9.55,10.1,9.55,6017,13,nepse_playwright
2026-06-23,SEF,10.39,10.14,10.4,10.14,53300,16,nepse_playwright
2026-06-23,SFEF,10.0,10.08,10.08,9.82,13020,9,nepse_playwright
2026-06-23,SFMF,11.0,10.4,11.0,10.1,3400,5,nepse_playwright
2026-06-23,SIGS2,10.4,10.48,10.48,10.2,9215,4,nepse_playwright
2026-06-23,SIGS3,11.1,10.36,11.1,10.36,600,4,nepse_playwright
2026-06-23,SLCF,10.01,9.79,10.3,9.79,15310,14,nepse_playwright
2026-06-24,C30MF,10.0,9.81,10.0,9.81,300,3,nepse_playwright
2026-06-24,CMF2,9.89,9.62,9.89,9.61,22000,3,nepse_playwright
2026-06-24,GBIMESY2,9.42,9.42,9.42,9.15,1600,14,nepse_playwright
2026-06-24,GIBF1,10.55,10.53,10.55,10.53,700,7,nepse_playwright
2026-06-24,GSY,10.0,9.9,10.0,9.72,3750,25,nepse_playwright
2026-06-24,H8020,11.53,12.0,12.0,11.49,2600,11,nepse_playwright
2026-06-24,HLICF,8.88,8.88,9.0,8.62,4100,14,nepse_playwright
2026-06-24,KDBY,10.95,10.87,10.95,10.56,906700,27,nepse_playwright
2026-06-24,KEF,10.54,10.38,10.73,10.38,17300,20,nepse_playwright
2026-06-24,KSY,9.75,9.65,9.9,9.65,970,8,nepse_playwright
2026-06-24,LUK,10.79,10.7,10.79,10.7,1800,5,nepse_playwright
2026-06-24,LVF2,9.75,9.71,9.99,9.7,500,5,nepse_playwright
2026-06-24,MBLEF,10.0,9.84,10.14,9.84,65670,20,nepse_playwright
2026-06-24,MMF1,9.63,9.79,9.79,9.4,28430,40,nepse_playwright
2026-06-24,MNMF1,9.88,9.76,9.95,9.76,40277,22,nepse_playwright
2026-06-24,NBF2,9.91,9.9,9.91,9.9,400,2,nepse_playwright
2026-06-24,NBF3,9.99,9.81,10.0,9.8,42190,23,nepse_playwright
2026-06-24,NIBLGF,9.5,9.35,9.5,9.35,5800,9,nepse_playwright
2026-06-24,NIBLSTF,9.25,9.5,9.5,9.05,1223,11,nepse_playwright
2026-06-24,NIBSF2,9.08,9.07,9.25,9.07,800,6,nepse_playwright
2026-06-24,NICBF,9.22,9.22,9.22,9.22,100,1,nepse_playwright
2026-06-24,NICFC,9.27,8.97,9.34,8.97,1900,13,nepse_playwright
2026-06-24,NICGF2,9.25,9.12,9.25,9.12,2926,12,nepse_playwright
2026-06-24,NICSF,9.3,9.2,9.39,9.15,14500,12,nepse_playwright
2026-06-24,NMB50,10.19,10.21,10.21,10.19,400,2,nepse_playwright
2026-06-24,NMBHF2,9.7,9.56,9.8,9.56,2220,8,nepse_playwright
2026-06-24,NSIF2,10.53,10.56,10.56,10.53,9900,8,nepse_playwright
2026-06-24,PRSF,12.6,12.78,12.78,12.46,49261,12,nepse_playwright
2026-06-24,PSF,11.81,11.8,11.92,11.5,57800,19,nepse_playwright
2026-06-24,RBBF40,9.2,9.48,9.48,9.2,3750,14,nepse_playwright
2026-06-24,RMF1,10.0,10.0,10.03,9.74,5510,10,nepse_playwright
2026-06-24,RMF2,9.82,9.82,9.82,9.82,100,1,nepse_playwright
2026-06-24,RSY,10.16,10.16,10.16,10.16,5200,24,nepse_playwright
2026-06-24,SAGF,10.01,10.1,10.11,10.01,6200,12,nepse_playwright
2026-06-24,SBCF,10.0,9.79,10.09,9.79,32900,18,nepse_playwright
2026-06-24,SEF,10.3,10.3,10.3,10.2,3221,4,nepse_playwright
2026-06-24,SFEF,10.1,10.0,10.1,10.0,20800,6,nepse_playwright
2026-06-24,SFMF,11.0,11.0,11.0,11.0,0,0,nepse_playwright
2026-06-24,SIGS2,10.22,10.25,10.25,10.22,1000,2,nepse_playwright
2026-06-24,SIGS3,11.1,11.1,11.1,11.1,0,0,nepse_playwright
2026-06-24,SLCF,10.09,10.0,10.09,9.8,10300,16,nepse_playwright
2026-06-25,C30MF,10.0,10.0,10.0,10.0,300,3,nepse_playwright
2026-06-25,CMF2,9.95,9.95,9.95,9.95,1000,1,nepse_playwright
2026-06-25,GBIMESY2,9.23,9.18,9.42,9.17,2000,9,nepse_playwright
2026-06-25,GIBF1,10.65,10.53,10.65,10.53,34035,16,nepse_playwright
2026-06-25,GSY,10.0,9.7,10.01,9.7,12900,27,nepse_playwright
2026-06-25,H8020,11.53,11.53,11.8,11.53,4900,9,nepse_playwright
2026-06-25,HLICF,9.0,8.62,9.01,8.62,14250,15,nepse_playwright
2026-06-25,KDBY,10.87,10.78,10.99,10.78,22500,23,nepse_playwright
2026-06-25,KEF,10.4,10.53,10.54,10.38,6450,8,nepse_playwright
2026-06-25,KSY,9.75,9.75,9.75,9.65,4539,10,nepse_playwright
2026-06-25,LUK,10.54,10.7,10.7,10.54,2000,3,nepse_playwright
2026-06-25,LVF2,9.8,9.7,10.04,9.7,1500,11,nepse_playwright
2026-06-25,MBLEF,9.95,9.7,10.2,9.7,22050,22,nepse_playwright
2026-06-25,MMF1,9.46,9.75,10.0,9.25,25202,36,nepse_playwright
2026-06-25,MNMF1,9.78,9.76,9.85,9.76,24400,22,nepse_playwright
2026-06-25,NBF2,10.1,9.91,10.4,9.91,4700,5,nepse_playwright
2026-06-25,NBF3,10.0,9.9,10.01,9.9,138324,34,nepse_playwright
2026-06-25,NIBLGF,9.6,9.5,9.6,9.5,2400,8,nepse_playwright
2026-06-25,NIBLSTF,9.31,9.25,9.51,9.1,1200,9,nepse_playwright
2026-06-25,NIBSF2,9.22,9.35,9.35,9.09,1100,8,nepse_playwright
2026-06-25,NICBF,9.22,9.22,9.22,9.22,0,0,nepse_playwright
2026-06-25,NICFC,9.4,9.1,9.42,9.1,16495,14,nepse_playwright
2026-06-25,NICGF2,9.27,9.01,9.34,9.01,5700,22,nepse_playwright
2026-06-25,NICSF,9.3,9.4,9.4,9.2,21700,13,nepse_playwright
2026-06-25,NMB50,10.19,10.19,10.19,10.19,0,0,nepse_playwright
2026-06-25,NMBHF2,9.61,9.52,9.8,9.52,7377,25,nepse_playwright
2026-06-25,NSIF2,10.62,10.53,10.62,10.53,600,5,nepse_playwright
2026-06-25,PRSF,12.65,12.79,12.79,12.5,75000,18,nepse_playwright
2026-06-25,PSF,11.75,11.55,12.0,11.55,71810,15,nepse_playwright
2026-06-25,RBBF40,9.25,9.15,9.25,9.15,1900,8,nepse_playwright
2026-06-25,RMF1,9.78,10.0,10.0,9.78,1300,6,nepse_playwright
2026-06-25,RMF2,10.11,10.11,10.11,10.11,100,1,nepse_playwright
2026-06-25,RSY,10.16,10.16,10.2,10.12,2300,18,nepse_playwright
2026-06-25,SAGF,10.08,10.0,10.31,10.0,900,8,nepse_playwright
2026-06-25,SBCF,9.7,9.95,9.95,9.7,900,5,nepse_playwright
2026-06-25,SEF,10.16,10.14,10.17,10.14,3100,4,nepse_playwright
2026-06-25,SFEF,10.01,10.0,10.01,10.0,20000,6,nepse_playwright
2026-06-25,SFMF,11.0,11.0,11.0,11.0,1500,1,nepse_playwright
2026-06-25,SIGS2,10.3,10.25,10.3,10.25,15000,2,nepse_playwright
2026-06-25,SIGS3,10.67,10.99,10.99,10.67,2000,4,nepse_playwright
2026-06-25,SLCF,9.94,9.9,10.0,9.9,1500,8,nepse_playwright
2026-06-26,C30MF,10.0,10.0,10.0,10.0,100,1,nepse_playwright
2026-06-26,CMF2,9.86,9.66,9.94,9.66,1700,4,nepse_playwright
2026-06-26,GBIMESY2,9.25,9.23,9.25,9.23,500,5,nepse_playwright
2026-06-26,GIBF1,10.53,10.53,10.84,10.53,510,5,nepse_playwright
2026-06-26,GSY,10.0,9.8,10.0,9.8,2300,23,nepse_playwright
2026-06-26,H8020,11.5,11.5,11.61,11.5,11499,14,nepse_playwright
2026-06-26,HLICF,8.92,9.0,9.26,8.73,942,10,nepse_playwright
2026-06-26,KDBY,10.95,10.87,11.0,10.86,4500,16,nepse_playwright
2026-06-26,KEF,10.71,10.4,10.71,10.1,149500,32,nepse_playwright
2026-06-26,KSY,9.65,9.75,9.8,9.65,4000,10,nepse_playwright
2026-06-26,LUK,10.25,10.25,10.25,10.25,1000,1,nepse_playwright
2026-06-26,LVF2,9.8,9.6,9.8,9.6,400,4,nepse_playwright
2026-06-26,MBLEF,9.98,10.0,10.23,9.95,66900,14,nepse_playwright
2026-06-26,MMF1,9.6,9.72,9.72,9.3,57800,34,nepse_playwright
2026-06-26,MNMF1,9.85,9.76,9.99,9.76,52750,17,nepse_playwright
2026-06-26,NBF2,10.15,10.15,10.4,10.15,6924,5,nepse_playwright
2026-06-26,NBF3,10.03,9.7,10.03,9.7,31589,17,nepse_playwright
2026-06-26,NIBLGF,9.82,9.45,9.82,9.45,1800,6,nepse_playwright
2026-06-26,NIBLSTF,9.3,9.5,9.5,8.79,13100,16,nepse_playwright
2026-06-26,NIBSF2,9.0,9.01,9.1,8.76,42291,23,nepse_playwright
2026-06-26,NICBF,9.3,9.3,9.3,9.3,100,1,nepse_playwright
2026-06-26,NICFC,9.26,9.14,9.26,9.14,600,6,nepse_playwright
2026-06-26,NICGF2,9.17,9.27,9.27,8.92,1800,9,nepse_playwright
2026-06-26,NICSF,9.44,9.2,9.44,9.2,4040,10,nepse_playwright
2026-06-26,NMB50,10.2,10.2,10.2,10.2,100,1,nepse_playwright
2026-06-26,NMBHF2,9.62,9.61,9.85,9.55,3200,16,nepse_playwright
2026-06-26,NSIF2,10.67,10.62,10.9,10.52,61400,11,nepse_playwright
2026-06-26,PRSF,12.5,12.51,12.65,12.5,97790,18,nepse_playwright
2026-06-26,PSF,11.75,11.75,11.75,11.6,12000,8,nepse_playwright
2026-06-26,RBBF40,9.18,9.11,9.19,9.11,2100,8,nepse_playwright
2026-06-26,RMF1,10.05,10.0,10.05,10.0,10000,5,nepse_playwright
2026-06-26,RMF2,10.41,10.0,10.41,10.0,200,2,nepse_playwright
2026-06-26,RSY,10.13,10.12,10.2,10.12,2900,23,nepse_playwright
2026-06-26,SAGF,10.01,10.0,10.3,10.0,400,4,nepse_playwright
2026-06-26,SBCF,9.9,9.8,10.0,9.72,3100,10,nepse_playwright
2026-06-26,SEF,10.35,10.16,10.35,10.16,2300,8,nepse_playwright
2026-06-26,SFEF,10.0,10.0,10.01,10.0,130300,14,nepse_playwright
2026-06-26,SFMF,10.67,10.67,10.67,10.67,7335,1,nepse_playwright
2026-06-26,SIGS2,10.25,10.26,10.26,10.25,9000,2,nepse_playwright
2026-06-26,SIGS3,10.84,10.8,10.85,10.53,74110,10,nepse_playwright
2026-06-26,SLCF,10.1,9.9,10.1,9.9,11600,15,nepse_playwright
2026-06-29,C30MF,9.94,9.9,10.0,9.81,7700,5,nepse_playwright
2026-06-29,CMF2,10.1,9.84,10.1,9.84,5100,4,nepse_playwright
2026-06-29,GBIMESY2,9.27,9.0,9.27,9.0,1600,10,nepse_playwright
2026-06-29,GIBF1,10.6,10.54,10.6,10.54,3200,13,nepse_playwright
2026-06-29,GSY,10.0,9.72,10.0,9.72,13200,24,nepse_playwright
2026-06-29,H8020,11.35,11.5,11.6,11.32,1036981,15,nepse_playwright
2026-06-29,HLICF,8.9,8.7,8.9,8.7,950,7,nepse_playwright
2026-06-29,KDBY,10.8,10.89,10.95,10.79,71450,42,nepse_playwright
2026-06-29,KEF,10.79,10.55,10.79,10.51,3050,13,nepse_playwright
2026-06-29,KSY,9.8,9.8,10.03,9.65,3010,17,nepse_playwright
2026-06-29,LUK,10.05,10.0,10.1,10.0,7125,11,nepse_playwright
2026-06-29,LVF2,10.0,10.0,10.2,9.9,17220,17,nepse_playwright
2026-06-29,MBLEF,9.95,9.86,10.1,9.86,25500,16,nepse_playwright
2026-06-29,MMF1,9.6,9.87,9.87,9.35,27821,41,nepse_playwright
2026-06-29,MNMF1,9.81,9.75,9.85,9.75,3000,16,nepse_playwright
2026-06-29,NBF2,10.16,9.87,10.16,9.87,2100,3,nepse_playwright
2026-06-29,NBF3,10.0,9.78,10.0,9.78,39750,28,nepse_playwright
2026-06-29,NIBLGF,9.5,9.53,9.53,9.3,1300,8,nepse_playwright
2026-06-29,NIBLSTF,9.3,9.03,9.51,8.77,7807,21,nepse_playwright
2026-06-29,NIBSF2,9.06,9.01,9.06,8.73,10600,15,nepse_playwright
2026-06-29,NICBF,9.04,9.05,9.05,9.04,800,3,nepse_playwright
2026-06-29,NICFC,9.07,9.1,9.1,9.04,3750,19,nepse_playwright
2026-06-29,NICGF2,9.2,9.15,9.2,9.12,14600,20,nepse_playwright
2026-06-29,NICSF,9.35,9.25,9.35,9.25,12200,8,nepse_playwright
2026-06-29,NMB50,10.08,10.02,10.08,10.02,9200,5,nepse_playwright
2026-06-29,NMBHF2,9.65,9.56,9.65,9.56,3950,17,nepse_playwright
2026-06-29,NSIF2,10.57,10.52,10.85,10.52,2620,11,nepse_playwright
2026-06-29,PRSF,12.52,12.46,12.79,12.25,118631,31,nepse_playwright
2026-06-29,PSF,11.76,11.65,11.8,11.65,86600,16,nepse_playwright
2026-06-29,RBBF40,9.25,9.18,9.45,9.1,700,7,nepse_playwright
2026-06-29,RMF1,9.75,10.05,10.1,9.75,68427,22,nepse_playwright
2026-06-29,RMF2,10.1,10.1,10.41,10.1,6800,6,nepse_playwright
2026-06-29,RSY,10.01,10.15,10.15,10.01,18800,15,nepse_playwright
2026-06-29,SAGF,10.0,10.0,10.3,10.0,12000,14,nepse_playwright
2026-06-29,SBCF,10.0,9.8,10.0,9.8,5300,10,nepse_playwright
2026-06-29,SEF,10.47,10.49,10.49,10.47,225,2,nepse_playwright
2026-06-29,SFEF,10.0,9.85,10.05,9.85,259035,17,nepse_playwright
2026-06-29,SFMF,10.5,10.5,10.5,10.5,1000,1,nepse_playwright
2026-06-29,SIGS2,10.5,10.5,10.5,10.5,5100,2,nepse_playwright
2026-06-29,SIGS3,10.6,10.55,10.6,10.41,52370,11,nepse_playwright
2026-06-29,SLCF,10.3,9.83,10.3,9.83,12800,10,nepse_playwright
2026-06-30,C30MF,9.96,9.94,9.96,9.94,400,3,nepse_playwright
2026-06-30,CMF2,9.87,9.87,9.88,9.87,5100,3,nepse_playwright
2026-06-30,GBIMESY2,9.21,9.1,9.21,9.1,300,3,nepse_playwright
2026-06-30,GIBF1,10.7,10.55,10.7,10.55,2900,11,nepse_playwright
2026-06-30,GSY,9.8,9.8,10.0,9.52,21500,14,nepse_playwright
2026-06-30,H8020,11.35,11.11,11.78,11.11,502900,15,nepse_playwright
2026-06-30,HLICF,8.69,8.7,8.95,8.5,2000,10,nepse_playwright
2026-06-30,KDBY,10.79,10.78,10.9,10.7,734450,31,nepse_playwright
2026-06-30,KEF,10.52,10.51,10.65,10.51,3500,11,nepse_playwright
2026-06-30,KSY,9.65,9.65,9.67,9.65,500,5,nepse_playwright
2026-06-30,LUK,10.01,10.0,10.18,10.0,11900,8,nepse_playwright
2026-06-30,LVF2,10.19,10.0,10.19,10.0,14940,12,nepse_playwright
2026-06-30,MBLEF,9.96,9.93,10.09,9.93,3100,10,nepse_playwright
2026-06-30,MMF1,9.7,9.35,10.15,9.35,10350,38,nepse_playwright
2026-06-30,MNMF1,9.75,9.76,9.76,9.75,1100,9,nepse_playwright
2026-06-30,NBF2,10.05,9.9,10.15,9.9,1920,6,nepse_playwright
2026-06-30,NBF3,10.15,9.81,10.15,9.75,108340,48,nepse_playwright
2026-06-30,NIBLGF,9.31,9.5,9.5,9.25,1900,7,nepse_playwright
2026-06-30,NIBLSTF,9.31,8.89,9.31,8.89,1200,11,nepse_playwright
2026-06-30,NIBSF2,9.2,9.0,9.2,9.0,7900,14,nepse_playwright
2026-06-30,NICBF,9.08,9.08,9.08,9.08,200,2,nepse_playwright
2026-06-30,NICFC,9.1,9.02,9.28,9.01,2950,21,nepse_playwright
2026-06-30,NICGF2,9.12,9.1,9.19,9.1,7900,11,nepse_playwright
2026-06-30,NICSF,9.3,9.3,9.5,9.25,32650,12,nepse_playwright
2026-06-30,NMB50,10.18,10.18,10.18,10.18,100,1,nepse_playwright
2026-06-30,NMBHF2,9.74,9.52,9.75,9.52,7100,22,nepse_playwright
2026-06-30,NSIF2,10.65,10.57,10.65,10.55,62900,14,nepse_playwright
2026-06-30,PRSF,12.47,12.5,12.79,12.47,3800,7,nepse_playwright
2026-06-30,PSF,11.7,11.66,11.8,11.65,9900,15,nepse_playwright
2026-06-30,RBBF40,9.3,9.2,9.47,9.16,2100,14,nepse_playwright
2026-06-30,RMF1,9.8,9.71,9.99,9.71,1487,6,nepse_playwright
2026-06-30,RMF2,10.0,10.0,10.0,10.0,300,3,nepse_playwright
2026-06-30,RSY,10.0,9.71,10.3,9.71,2300,17,nepse_playwright
2026-06-30,SAGF,10.07,10.05,10.1,10.05,1270,8,nepse_playwright
2026-06-30,SBCF,10.0,10.0,10.1,9.8,20350,12,nepse_playwright
2026-06-30,SEF,10.2,10.16,10.2,10.16,3500,3,nepse_playwright
2026-06-30,SFEF,9.9,9.9,10.0,9.9,700,6,nepse_playwright
2026-06-30,SFMF,10.8,10.8,10.8,10.8,100,1,nepse_playwright
2026-06-30,SIGS2,10.5,10.45,10.5,10.45,500,2,nepse_playwright
2026-06-30,SIGS3,10.65,10.41,10.65,10.41,12049,8,nepse_playwright
2026-06-30,SLCF,10.15,10.6,10.6,10.1,27750,14,nepse_playwright
2026-07-01,C30MF,10.25,10.2,10.25,10.2,1940,2,nepse_playwright
2026-07-01,CMF2,9.69,10.15,10.16,9.61,5951,7,nepse_playwright
2026-07-01,GBIMESY2,9.5,9.25,9.5,9.25,2200,10,nepse_playwright
2026-07-01,GIBF1,10.59,10.56,10.8,10.56,6450,12,nepse_playwright
2026-07-01,GSY,10.0,9.7,10.09,9.7,14560,22,nepse_playwright
2026-07-01,H8020,11.35,11.35,11.58,11.25,1200,6,nepse_playwright
2026-07-01,HLICF,8.76,8.69,9.0,8.69,5500,9,nepse_playwright
2026-07-01,KDBY,10.99,10.67,10.99,10.67,150202,39,nepse_playwright
2026-07-01,KEF,10.56,10.52,10.57,10.51,17980,20,nepse_playwright
2026-07-01,KSY,9.99,9.7,9.99,9.7,3210,13,nepse_playwright
2026-07-01,LUK,10.2,10.01,10.2,9.8,35250,14,nepse_playwright
2026-07-01,LVF2,10.0,9.91,10.0,9.91,1204,7,nepse_playwright
2026-07-01,MBLEF,10.0,10.22,10.22,9.92,5100,13,nepse_playwright
2026-07-01,MMF1,9.65,9.71,9.97,9.45,20200,30,nepse_playwright
2026-07-01,MNMF1,9.81,9.5,9.93,9.5,6250,17,nepse_playwright
2026-07-01,NBF2,10.06,10.1,10.24,10.05,3000,6,nepse_playwright
2026-07-01,NBF3,10.0,9.89,10.0,9.88,5300,18,nepse_playwright
2026-07-01,NIBLGF,9.25,9.3,9.3,9.21,1300,5,nepse_playwright
2026-07-01,NIBLSTF,9.08,9.05,9.3,9.04,2900,11,nepse_playwright
2026-07-01,NIBSF2,9.02,9.0,9.15,9.0,1500,9,nepse_playwright
2026-07-01,NICBF,9.03,9.03,9.03,9.03,250,2,nepse_playwright
2026-07-01,NICFC,9.35,8.99,9.35,8.99,3100,14,nepse_playwright
2026-07-01,NICGF2,9.42,9.01,9.42,9.01,10500,13,nepse_playwright
2026-07-01,NICSF,9.3,9.22,9.35,9.21,10700,7,nepse_playwright
2026-07-01,NMB50,10.35,10.35,10.35,10.35,500,1,nepse_playwright
2026-07-01,NMBHF2,9.78,9.53,9.78,9.53,16100,13,nepse_playwright
2026-07-01,NSIF2,10.79,10.54,10.79,10.54,10350,6,nepse_playwright
2026-07-01,PRSF,12.75,12.79,12.79,12.6,119300,20,nepse_playwright
2026-07-01,PSF,11.9,11.75,11.99,11.7,67218,20,nepse_playwright
2026-07-01,RBBF40,9.13,9.03,9.39,9.03,800,8,nepse_playwright
2026-07-01,RMF1,10.0,9.77,10.06,9.77,2070,6,nepse_playwright
2026-07-01,RMF2,10.25,10.0,10.25,10.0,1000,5,nepse_playwright
2026-07-01,RSY,10.14,9.8,10.14,9.8,1100,6,nepse_playwright
2026-07-01,SAGF,10.2,10.05,10.35,10.05,1950,9,nepse_playwright
2026-07-01,SBCF,9.8,10.0,10.0,9.7,2900,8,nepse_playwright
2026-07-01,SEF,10.25,10.2,10.25,10.15,46000,6,nepse_playwright
2026-07-01,SFEF,10.19,9.9,10.19,9.9,10595,9,nepse_playwright
2026-07-01,SFMF,10.8,10.8,10.8,10.8,0,0,nepse_playwright
2026-07-01,SIGS2,10.5,10.5,10.5,10.5,10000,2,nepse_playwright
2026-07-01,SIGS3,10.55,10.65,10.65,10.55,20090,12,nepse_playwright
2026-07-01,SLCF,10.05,10.0,10.15,10.0,44000,19,nepse_playwright
2026-07-02,C30MF,10.18,10.15,10.24,10.15,1500,4,nepse_playwright
2026-07-02,CMF2,9.9,9.44,9.9,9.44,3000,3,nepse_playwright
2026-07-02,GBIMESY2,9.35,9.3,9.5,9.25,1000,6,nepse_playwright
2026-07-02,GIBF1,10.6,10.53,10.85,10.53,68597,15,nepse_playwright
2026-07-02,GSY,9.86,10.0,10.02,9.8,24040,25,nepse_playwright
2026-07-02,H8020,11.95,11.36,12.19,11.36,26777,17,nepse_playwright
2026-07-02,HLICF,8.92,8.76,9.08,8.5,900,9,nepse_playwright
2026-07-02,KDBY,11.08,10.89,11.08,10.82,115604,20,nepse_playwright
2026-07-02,KEF,10.61,10.75,10.76,10.53,2700,11,nepse_playwright
2026-07-02,KSY,9.72,9.73,9.73,9.72,400,3,nepse_playwright
2026-07-02,LUK,10.0,9.9,10.18,9.9,7485,5,nepse_playwright
2026-07-02,LVF2,9.87,9.99,9.99,9.85,600,6,nepse_playwright
2026-07-02,MBLEF,10.0,10.0,10.18,9.99,2750,12,nepse_playwright
2026-07-02,MMF1,9.7,9.93,9.93,9.4,12700,29,nepse_playwright
2026-07-02,MNMF1,9.85,9.7,9.85,9.7,1950,14,nepse_playwright
2026-07-02,NBF2,10.06,10.36,10.36,9.8,2700,5,nepse_playwright
2026-07-02,NBF3,10.0,9.82,10.0,9.82,33900,20,nepse_playwright
2026-07-02,NIBLGF,9.25,9.5,9.52,9.25,9900,6,nepse_playwright
2026-07-02,NIBLSTF,9.01,9.22,9.24,8.97,1000,9,nepse_playwright
2026-07-02,NIBSF2,9.1,9.02,9.1,9.02,400,3,nepse_playwright
2026-07-02,NICBF,9.3,9.3,9.3,9.3,500,1,nepse_playwright
2026-07-02,NICFC,9.45,9.3,9.45,9.3,4600,13,nepse_playwright
2026-07-02,NICGF2,9.3,9.2,9.44,9.2,13200,8,nepse_playwright
2026-07-02,NICSF,9.48,9.26,9.48,9.26,24800,8,nepse_playwright
2026-07-02,NMB50,10.5,10.49,10.5,10.49,5200,3,nepse_playwright
2026-07-02,NMBHF2,9.7,9.5,9.78,9.5,3010,17,nepse_playwright
2026-07-02,NSIF2,10.74,11.0,11.0,10.74,15659,9,nepse_playwright
2026-07-02,PRSF,12.9,12.85,12.9,12.63,130900,31,nepse_playwright
2026-07-02,PSF,11.88,11.9,11.9,11.75,35000,11,nepse_playwright
2026-07-02,RBBF40,9.2,9.1,9.4,9.1,2100,9,nepse_playwright
2026-07-02,RMF1,9.86,9.83,9.86,9.83,200,2,nepse_playwright
2026-07-02,RMF2,10.0,9.96,10.0,9.96,1200,3,nepse_playwright
2026-07-02,RSY,10.3,10.04,10.3,10.04,2350,15,nepse_playwright
2026-07-02,SAGF,10.49,10.2,10.49,10.2,2200,8,nepse_playwright
2026-07-02,SBCF,9.9,9.8,9.9,9.65,7400,7,nepse_playwright
2026-07-02,SEF,9.95,10.25,10.25,9.95,22300,8,nepse_playwright
2026-07-02,SFEF,10.02,9.9,10.02,9.9,500,5,nepse_playwright
2026-07-02,SFMF,10.8,10.6,10.8,10.6,1100,2,nepse_playwright
2026-07-02,SIGS2,10.8,10.8,10.8,10.8,10500,4,nepse_playwright
2026-07-02,SIGS3,10.6,10.65,10.65,10.5,59750,16,nepse_playwright
2026-07-02,SLCF,10.03,10.01,10.03,10.01,11100,7,nepse_playwright
2026-07-03,C30MF,10.18,10.0,10.18,10.0,2400,3,nepse_playwright
2026-07-03,CMF2,9.9,9.9,9.9,9.9,0,0,nepse_playwright
2026-07-03,GBIMESY2,9.22,9.2,9.3,9.2,1150,7,nepse_playwright
2026-07-03,GIBF1,10.62,10.53,10.62,10.53,600,6,nepse_playwright
2026-07-03,GSY,9.78,9.75,10.0,9.75,5900,17,nepse_playwright
2026-07-03,H8020,11.95,11.65,11.95,11.65,400,4,nepse_playwright
2026-07-03,HLICF,8.8,8.66,8.8,8.66,4400,4,nepse_playwright
2026-07-03,KDBY,11.07,11.1,11.19,10.9,65627,28,nepse_playwright
2026-07-03,KEF,10.79,10.52,10.82,10.51,44852,25,nepse_playwright
2026-07-03,KSY,9.75,9.6,9.83,9.6,6890,8,nepse_playwright
2026-07-03,LUK,10.01,10.01,10.01,10.0,15310,13,nepse_playwright
2026-07-03,LVF2,10.0,9.9,10.0,9.8,6640,9,nepse_playwright
2026-07-03,MBLEF,10.0,10.2,10.2,10.0,300,3,nepse_playwright
2026-07-03,MMF1,9.75,9.7,9.95,9.5,5300,18,nepse_playwright
2026-07-03,MNMF1,9.85,9.56,9.85,9.56,25700,12,nepse_playwright
2026-07-03,NBF2,9.87,9.8,10.09,9.75,61300,19,nepse_playwright
2026-07-03,NBF3,10.0,9.9,10.0,9.8,19450,25,nepse_playwright
2026-07-03,NIBLGF,9.25,9.25,9.25,9.25,0,0,nepse_playwright
2026-07-03,NIBLSTF,9.3,9.12,9.3,8.91,10180,13,nepse_playwright
2026-07-03,NIBSF2,9.1,9.1,9.1,8.86,2813,7,nepse_playwright
2026-07-03,NICBF,9.3,9.3,9.3,9.3,1200,4,nepse_playwright
2026-07-03,NICFC,9.4,9.17,9.4,9.17,1430,13,nepse_playwright
2026-07-03,NICGF2,9.21,9.1,9.21,9.1,900,6,nepse_playwright
2026-07-03,NICSF,9.24,9.21,9.24,9.21,6300,4,nepse_playwright
2026-07-03,NMB50,10.5,10.5,10.5,10.5,0,0,nepse_playwright
2026-07-03,NMBHF2,9.78,9.5,9.78,9.5,2122,10,nepse_playwright
2026-07-03,NSIF2,10.79,10.56,10.79,10.56,40300,6,nepse_playwright
2026-07-03,PRSF,12.61,13.0,13.0,12.6,160200,27,nepse_playwright
2026-07-03,PSF,11.82,11.8,11.82,11.8,4500,7,nepse_playwright
2026-07-03,RBBF40,9.25,9.12,9.47,9.12,1550,11,nepse_playwright
2026-07-03,RMF1,9.8,9.81,9.81,9.8,1500,4,nepse_playwright
2026-07-03,RMF2,10.0,10.0,10.0,10.0,0,0,nepse_playwright
2026-07-03,RSY,10.01,10.0,10.01,10.0,400,4,nepse_playwright
2026-07-03,SAGF,10.49,10.49,10.49,10.49,0,0,nepse_playwright
2026-07-03,SBCF,9.8,9.61,9.8,9.61,9600,5,nepse_playwright
2026-07-03,SEF,9.95,9.95,9.95,9.95,1000,1,nepse_playwright
2026-07-03,SFEF,10.02,10.02,10.02,10.02,100,1,nepse_playwright
2026-07-03,SFMF,10.79,10.5,10.79,10.5,9686,4,nepse_playwright
2026-07-03,SIGS2,10.95,10.48,10.95,10.48,7150,5,nepse_playwright
2026-07-03,SIGS3,10.6,10.46,10.6,10.46,800,6,nepse_playwright
2026-07-03,SLCF,10.05,10.1,10.1,10.04,7610,9,nepse_playwright
2026-07-06,C30MF,9.92,9.92,9.92,9.92,600,2,nepse_playwright
2026-07-06,CMF2,9.9,9.9,9.9,9.9,0,0,nepse_playwright
2026-07-06,GBIMESY2,9.2,9.2,9.4,9.2,1100,10,nepse_playwright
2026-07-06,GIBF1,11.02,10.62,11.02,10.62,1900,13,nepse_playwright
2026-07-06,GSY,9.9,9.7,10.0,9.41,3300,23,nepse_playwright
2026-07-06,H8020,11.62,11.62,11.62,11.62,200,2,nepse_playwright
2026-07-06,HLICF,8.9,9.06,9.1,8.9,3584,11,nepse_playwright
2026-07-06,KDBY,10.85,11.0,11.0,10.55,478100,81,nepse_playwright
2026-07-06,KEF,10.65,10.57,10.65,10.57,2900,12,nepse_playwright
2026-07-06,KSY,9.67,9.51,9.67,9.51,600,5,nepse_playwright
2026-07-06,LUK,10.5,10.01,10.7,10.01,24447,18,nepse_playwright
2026-07-06,LVF2,9.75,9.7,9.75,9.7,820,7,nepse_playwright
2026-07-06,MBLEF,10.0,9.98,10.1,9.98,3400,17,nepse_playwright
2026-07-06,MMF1,9.47,9.75,9.75,9.26,11150,28,nepse_playwright
2026-07-06,MNMF1,9.67,9.58,9.75,9.58,6150,9,nepse_playwright
2026-07-06,NBF2,10.3,10.09,10.3,10.0,24200,9,nepse_playwright
2026-07-06,NBF3,10.0,9.7,10.0,9.7,11775,19,nepse_playwright
2026-07-06,NIBLGF,9.5,9.02,9.5,8.98,6800,10,nepse_playwright
2026-07-06,NIBLSTF,8.6,9.5,9.5,8.43,3700,12,nepse_playwright
2026-07-06,NIBSF2,9.02,8.91,9.1,8.65,9950,17,nepse_playwright
2026-07-06,NICBF,9.09,9.06,9.09,9.06,6100,3,nepse_playwright
2026-07-06,NICFC,9.39,9.4,9.4,9.12,32500,14,nepse_playwright
2026-07-06,NICGF2,9.2,9.45,9.45,9.13,7700,7,nepse_playwright
2026-07-06,NICSF,9.35,9.24,9.35,8.92,18300,14,nepse_playwright
2026-07-06,NMB50,10.19,10.19,10.19,10.19,7500,2,nepse_playwright
2026-07-06,NMBHF2,9.8,9.6,9.8,9.6,3905,13,nepse_playwright
2026-07-06,NSIF2,10.79,10.54,10.8,10.54,17100,7,nepse_playwright
2026-07-06,PRSF,12.54,12.61,12.8,12.54,51500,17,nepse_playwright
2026-07-06,PSF,11.76,11.8,11.9,11.62,36300,19,nepse_playwright
2026-07-06,RBBF40,9.1,9.2,9.4,9.1,7700,12,nepse_playwright
2026-07-06,RMF1,9.94,9.8,9.94,9.8,9100,10,nepse_playwright
2026-07-06,RMF2,10.1,10.2,10.4,10.1,7350,8,nepse_playwright
2026-07-06,RSY,10.0,10.2,10.2,9.78,79800,19,nepse_playwright
2026-07-06,SAGF,10.29,10.18,10.6,10.0,8075,10,nepse_playwright
2026-07-06,SBCF,9.66,9.53,9.93,9.53,10400,12,nepse_playwright
2026-07-06,SEF,10.0,9.98,10.2,9.86,20300,12,nepse_playwright
2026-07-06,SFEF,10.0,10.02,10.1,9.95,1800,10,nepse_playwright
2026-07-06,SFMF,10.79,10.79,10.79,10.79,0,0,nepse_playwright
2026-07-06,SIGS2,10.5,10.8,10.8,10.5,2350,3,nepse_playwright
2026-07-06,SIGS3,10.6,10.7,10.7,10.46,2800,9,nepse_playwright
2026-07-06,SLCF,10.01,10.02,10.4,10.01,85450,33,nepse_playwright
2026-07-07,C30MF,10.2,9.81,10.2,9.81,25050,5,nepse_playwright
2026-07-07,CMF2,9.9,9.9,9.9,9.9,0,0,nepse_playwright
2026-07-07,GBIMESY2,9.04,9.2,9.2,9.0,2525,11,nepse_playwright
2026-07-07,GIBF1,10.69,10.69,10.69,10.69,500,5,nepse_playwright
2026-07-07,GSY,10.1,9.9,10.14,9.9,344290,50,nepse_playwright
2026-07-07,H8020,11.9,11.04,11.9,11.04,1650,16,nepse_playwright
2026-07-07,HLICF,8.9,9.0,9.0,8.9,700,7,nepse_playwright
2026-07-07,KDBY,10.48,10.31,10.85,10.31,326800,56,nepse_playwright
2026-07-07,KEF,10.3,10.5,10.5,10.2,35780,27,nepse_playwright
2026-07-07,KSY,9.2,9.4,9.46,8.86,28400,11,nepse_playwright
2026-07-07,LUK,10.4,10.71,10.71,10.4,5200,5,nepse_playwright
2026-07-07,LVF2,10.0,9.75,10.0,9.75,26300,12,nepse_playwright
2026-07-07,MBLEF,9.95,9.97,10.0,9.85,2650,12,nepse_playwright
2026-07-07,MMF1,9.68,9.75,9.75,9.47,40360,43,nepse_playwright
2026-07-07,MNMF1,9.85,9.6,9.85,9.5,3610,19,nepse_playwright
2026-07-07,NBF2,10.0,10.3,10.35,10.0,2000,11,nepse_playwright
2026-07-07,NBF3,10.0,10.0,10.08,9.8,19400,22,nepse_playwright
2026-07-07,NIBLGF,9.3,9.46,9.46,9.3,2750,10,nepse_playwright
2026-07-07,NIBLSTF,9.07,8.61,9.36,8.61,12750,22,nepse_playwright
2026-07-07,NIBSF2,8.98,8.8,9.1,8.8,14314,15,nepse_playwright
2026-07-07,NICBF,9.36,9.36,9.36,9.36,600,2,nepse_playwright
2026-07-07,NICFC,9.35,9.17,9.35,9.17,14000,22,nepse_playwright
2026-07-07,NICGF2,9.15,8.99,9.25,8.99,1500,14,nepse_playwright
2026-07-07,NICSF,9.16,9.2,9.36,8.96,1700,9,nepse_playwright
2026-07-07,NMB50,10.69,10.49,10.7,10.38,4500,5,nepse_playwright
2026-07-07,NMBHF2,9.57,9.51,9.7,9.5,4500,17,nepse_playwright
2026-07-07,NSIF2,10.54,10.54,10.54,10.54,100,1,nepse_playwright
2026-07-07,PRSF,12.58,12.55,12.65,12.54,76900,19,nepse_playwright
2026-07-07,PSF,11.76,11.51,11.94,11.51,1800,13,nepse_playwright
2026-07-07,RBBF40,10.36,9.2,10.36,9.2,10150,24,nepse_playwright
2026-07-07,RMF1,9.81,9.81,9.95,9.81,1550,9,nepse_playwright
2026-07-07,RMF2,10.1,10.1,10.1,10.1,0,0,nepse_playwright
2026-07-07,RSY,10.19,9.81,10.19,9.81,51410,21,nepse_playwright
2026-07-07,SAGF,10.2,10.2,10.3,10.0,3680,9,nepse_playwright
2026-07-07,SBCF,9.75,9.5,9.8,9.5,55946,32,nepse_playwright
2026-07-07,SEF,10.0,9.99,10.24,9.99,16100,6,nepse_playwright
2026-07-07,SFEF,9.95,9.95,9.95,9.95,400,4,nepse_playwright
2026-07-07,SFMF,10.79,10.79,10.79,10.79,0,0,nepse_playwright
2026-07-07,SIGS2,10.6,10.5,10.6,10.5,3000,4,nepse_playwright
2026-07-07,SIGS3,10.6,10.44,10.6,10.44,900,7,nepse_playwright
2026-07-07,SLCF,10.1,10.0,10.2,10.0,2400,9,nepse_playwright
2026-07-08,C30MF,10.24,9.93,10.24,9.93,1360,9,nepse_playwright
2026-07-08,CMF2,9.9,9.9,9.9,9.9,0,0,nepse_playwright
2026-07-08,GBIMESY2,9.2,9.05,9.3,9.05,2800,19,nepse_playwright
2026-07-08,GIBF1,10.81,10.46,10.81,10.46,2600,9,nepse_playwright
2026-07-08,GSY,9.95,10.0,10.0,9.75,1700,17,nepse_playwright
2026-07-08,H8020,12.12,11.65,12.12,11.65,2264,13,nepse_playwright
2026-07-08,HLICF,9.16,9.16,9.16,8.9,3400,16,nepse_playwright
2026-07-08,KDBY,10.5,10.48,10.81,10.48,225650,62,nepse_playwright
2026-07-08,KEF,10.33,10.29,10.5,10.29,16700,16,nepse_playwright
2026-07-08,KSY,9.57,9.01,9.57,9.01,1200,7,nepse_playwright
2026-07-08,LUK,10.3,10.3,10.65,10.3,6000,7,nepse_playwright
2026-07-08,LVF2,10.0,9.71,10.05,9.71,31733,13,nepse_playwright
2026-07-08,MBLEF,10.0,9.95,10.15,9.9,800,7,nepse_playwright
2026-07-08,MMF1,9.79,9.9,9.9,9.3,17730,24,nepse_playwright
2026-07-08,MNMF1,9.85,9.85,9.85,9.66,38385,18,nepse_playwright
2026-07-08,NBF2,9.81,10.1,10.1,9.81,19500,6,nepse_playwright
2026-07-08,NBF3,10.0,9.7,10.0,9.7,14250,23,nepse_playwright
2026-07-08,NIBLGF,9.29,9.2,9.57,9.2,13900,8,nepse_playwright
2026-07-08,NIBLSTF,8.91,9.34,9.34,8.91,9100,16,nepse_playwright
2026-07-08,NIBSF2,8.98,8.98,8.98,8.98,0,0,nepse_playwright
2026-07-08,NICBF,9.6,9.6,9.6,9.6,7300,1,nepse_playwright
2026-07-08,NICFC,9.36,9.24,9.36,9.24,5500,8,nepse_playwright
2026-07-08,NICGF2,9.2,9.2,9.2,9.2,500,5,nepse_playwright
2026-07-08,NICSF,9.4,9.2,9.45,9.17,45900,15,nepse_playwright
2026-07-08,NMB50,10.39,10.37,10.4,10.37,15830,6,nepse_playwright
2026-07-08,NMBHF2,9.79,9.6,9.79,9.53,3180,18,nepse_playwright
2026-07-08,NSIF2,10.6,10.55,10.6,10.55,400,4,nepse_playwright
2026-07-08,PRSF,12.59,12.65,12.65,12.24,163123,30,nepse_playwright
2026-07-08,PSF,11.95,11.42,11.95,11.42,18100,18,nepse_playwright
2026-07-08,RBBF40,9.83,10.05,10.36,9.5,10481,29,nepse_playwright
2026-07-08,RMF1,9.78,9.52,9.78,8.71,4700,13,nepse_playwright
2026-07-08,RMF2,10.1,9.81,10.1,9.81,1100,8,nepse_playwright
2026-07-08,RSY,10.1,10.01,10.1,9.75,66505,20,nepse_playwright
2026-07-08,SAGF,9.95,9.95,9.95,9.95,300,3,nepse_playwright
2026-07-08,SBCF,9.6,9.5,9.71,9.5,3850,9,nepse_playwright
2026-07-08,SEF,9.91,10.0,10.0,9.9,6501,7,nepse_playwright
2026-07-08,SFEF,9.95,9.95,9.95,9.95,200,2,nepse_playwright
2026-07-08,SFMF,10.47,10.47,10.47,10.47,100,1,nepse_playwright
2026-07-08,SIGS2,10.31,10.31,10.31,10.31,150,1,nepse_playwright
2026-07-08,SIGS3,10.47,10.48,10.6,10.45,2500,6,nepse_playwright
2026-07-08,SLCF,10.01,10.0,10.02,10.0,3300,8,nepse_playwright
2026-07-10,C30MF,10.01,10.01,10.01,10.01,200,2,nepse_playwright
2026-07-10,CMF2,9.9,9.9,9.9,9.9,0,0,nepse_playwright
2026-07-10,GBIMESY2,9.09,9.31,9.54,9.09,1600,5,nepse_playwright
2026-07-10,GIBF1,10.5,10.3,10.5,10.3,1300,12,nepse_playwright
2026-07-10,GSY,10.0,10.1,10.1,9.95,4500,21,nepse_playwright
2026-07-10,H8020,11.8,11.65,11.95,11.65,22706,15,nepse_playwright
2026-07-10,HLICF,8.73,8.49,9.01,8.49,2832,11,nepse_playwright
2026-07-10,KDBY,10.68,10.6,10.87,10.52,6650,34,nepse_playwright
2026-07-10,KEF,11.16,10.14,11.16,10.14,20500,15,nepse_playwright
2026-07-10,KSY,9.7,9.7,9.7,9.7,1500,7,nepse_playwright
2026-07-10,LUK,10.0,10.0,10.1,10.0,1600,5,nepse_playwright
2026-07-10,LVF2,9.75,9.75,9.8,9.75,700,6,nepse_playwright
2026-07-10,MBLEF,10.0,9.83,10.15,9.83,1000,10,nepse_playwright
2026-07-10,MMF1,9.6,9.7,9.7,9.5,34230,29,nepse_playwright
2026-07-10,MNMF1,9.85,9.8,9.9,9.8,85300,15,nepse_playwright
2026-07-10,NBF2,9.9,9.99,10.0,9.7,12315,14,nepse_playwright
2026-07-10,NBF3,10.1,9.7,10.1,9.7,47740,26,nepse_playwright
2026-07-10,NIBLGF,9.5,9.02,9.5,9.02,500,5,nepse_playwright
2026-07-10,NIBLSTF,8.47,9.5,9.5,8.47,120850,15,nepse_playwright
2026-07-10,NIBSF2,8.86,8.87,8.87,8.83,20300,8,nepse_playwright
2026-07-10,NICBF,9.1,9.12,9.12,9.1,3000,3,nepse_playwright
2026-07-10,NICFC,9.6,9.14,9.6,9.14,2750,25,nepse_playwright
2026-07-10,NICGF2,9.1,9.12,9.22,9.01,6950,9,nepse_playwright
2026-07-10,NICSF,9.35,9.3,9.4,9.3,39725,26,nepse_playwright
2026-07-10,NMB50,10.25,10.25,10.4,10.25,2986,4,nepse_playwright
2026-07-10,NMBHF2,9.78,9.39,9.78,9.39,3799,14,nepse_playwright
2026-07-10,NSIF2,10.65,10.6,10.8,10.54,800,7,nepse_playwright
2026-07-10,PRSF,12.7,12.58,12.82,12.58,19785,10,nepse_playwright
2026-07-10,PSF,11.85,11.27,11.85,11.27,6700,12,nepse_playwright
2026-07-10,RBBF40,9.26,9.25,9.5,9.25,2400,8,nepse_playwright
2026-07-10,RMF1,9.8,9.68,9.89,9.68,7600,8,nepse_playwright
2026-07-10,RMF2,9.95,9.95,9.95,9.95,100,1,nepse_playwright
2026-07-10,RSY,10.1,9.95,10.2,9.95,3200,11,nepse_playwright
2026-07-10,SAGF,10.25,10.1,10.28,10.1,1400,8,nepse_playwright
2026-07-10,SBCF,9.66,9.65,9.7,9.6,31200,10,nepse_playwright
2026-07-10,SEF,10.22,9.96,10.22,9.96,5300,6,nepse_playwright
2026-07-10,SFEF,10.0,9.95,10.0,9.95,300,3,nepse_playwright
2026-07-10,SFMF,10.2,10.2,10.2,10.2,980,2,nepse_playwright
2026-07-10,SIGS2,10.2,10.25,10.25,10.2,10000,4,nepse_playwright
2026-07-10,SIGS3,10.6,10.43,10.6,10.43,13150,7,nepse_playwright
2026-07-10,SLCF,10.0,10.0,10.1,9.95,28100,11,nepse_playwright
2026-07-13,C30MF,9.93,10.1,10.1,9.93,30100,3,nepse_playwright
2026-07-13,CMF2,9.9,9.9,9.9,9.9,0,0,nepse_playwright
2026-07-13,GBIMESY2,9.5,9.09,9.6,8.95,2005175,25,nepse_playwright
2026-07-13,GIBF1,10.35,10.21,10.5,10.21,1001600,14,nepse_playwright
2026-07-13,GSY,9.95,10.0,10.0,9.95,24850,19,nepse_playwright
2026-07-13,H8020,11.7,11.45,11.7,11.45,1220,9,nepse_playwright
2026-07-13,HLICF,8.75,8.73,8.8,8.48,1700,9,nepse_playwright
2026-07-13,KDBY,10.7,10.68,10.78,10.59,57045,35,nepse_playwright
2026-07-13,KEF,10.66,10.83,10.83,10.2,2408770,16,nepse_playwright
2026-07-13,KSY,9.5,9.5,9.5,9.41,2450,6,nepse_playwright
2026-07-13,LUK,10.0,10.3,10.3,10.0,1800,6,nepse_playwright
2026-07-13,LVF2,9.77,9.76,9.77,9.76,700,6,nepse_playwright
2026-07-13,MBLEF,9.91,10.0,10.17,9.91,510600,14,nepse_playwright
2026-07-13,MMF1,9.7,9.6,9.8,9.5,457040,35,nepse_playwright
2026-07-13,MNMF1,9.8,9.8,9.85,9.8,12150,13,nepse_playwright
2026-07-13,NBF2,10.03,9.7,10.03,9.46,27011,9,nepse_playwright
2026-07-13,NBF3,9.98,9.95,9.98,9.95,14000,16,nepse_playwright
2026-07-13,NIBLGF,9.0,9.22,9.22,8.73,2350,10,nepse_playwright
2026-07-13,NIBLSTF,8.42,8.72,9.11,8.15,151627,58,nepse_playwright
2026-07-13,NIBSF2,8.46,8.86,8.97,8.45,3702321,34,nepse_playwright
2026-07-13,NICBF,8.98,9.01,9.01,8.98,3000,4,nepse_playwright
2026-07-13,NICFC,9.16,9.32,9.32,9.15,1800,12,nepse_playwright
2026-07-13,NICGF2,9.15,9.2,9.2,9.12,700,7,nepse_playwright
2026-07-13,NICSF,9.2,9.36,9.37,9.03,3062450,27,nepse_playwright
2026-07-13,NMB50,10.49,10.49,10.49,10.45,3100,5,nepse_playwright
2026-07-13,NMBHF2,9.51,9.58,9.62,9.51,10001600,31,nepse_playwright
2026-07-13,NSIF2,10.56,10.54,10.56,10.54,2000,8,nepse_playwright
2026-07-13,PRSF,12.6,12.62,12.8,12.6,85300,22,nepse_playwright
2026-07-13,PSF,11.6,11.52,11.8,11.52,1470600,17,nepse_playwright
2026-07-13,RBBF40,9.15,9.5,9.53,9.15,2652000,42,nepse_playwright
2026-07-13,RMF1,9.79,9.7,10.05,9.7,28500,19,nepse_playwright
2026-07-13,RMF2,9.71,9.9,10.0,9.71,570,3,nepse_playwright
2026-07-13,RSY,10.0,9.81,10.0,9.81,5700,9,nepse_playwright
2026-07-13,SAGF,9.95,9.95,9.95,9.95,1100,6,nepse_playwright
2026-07-13,SBCF,9.6,9.66,9.7,9.51,3015900,17,nepse_playwright
2026-07-13,SEF,10.0,10.1,10.1,10.0,15500,7,nepse_playwright
2026-07-13,SFEF,10.0,10.0,10.01,10.0,6000,7,nepse_playwright
2026-07-13,SFMF,10.2,10.2,10.2,10.2,30740,5,nepse_playwright
2026-07-13,SIGS2,10.2,10.2,10.2,10.2,0,0,nepse_playwright
2026-07-13,SIGS3,10.5,10.5,10.6,10.47,67791,12,nepse_playwright
2026-07-13,SLCF,9.9,10.0,10.0,9.9,21000,8,nepse_playwright
2026-07-14,C30MF,10.02,10.01,10.02,10.01,3020,5,nepse_playwright
2026-07-14,CMF2,9.9,9.9,9.9,9.9,0,0,nepse_playwright
2026-07-14,GBIMESY2,9.5,9.4,9.5,9.14,300,3,nepse_playwright
2026-07-14,GIBF1,10.3,10.27,10.49,10.27,21150,12,nepse_playwright
2026-07-14,GSY,10.1,9.95,10.1,9.45,6800,30,nepse_playwright
2026-07-14,H8020,11.55,11.5,11.56,11.5,3030,10,nepse_playwright
2026-07-14,HLICF,8.75,8.7,8.75,8.7,1082,8,nepse_playwright
2026-07-14,KDBY,10.83,10.53,10.83,10.53,79445,32,nepse_playwright
2026-07-14,KEF,10.5,10.36,10.5,10.06,4100,10,nepse_playwright
2026-07-14,KSY,9.8,9.22,9.8,9.22,3550,9,nepse_playwright
2026-07-14,LUK,9.9,10.0,10.0,9.9,1100,3,nepse_playwright
2026-07-14,LVF2,10.0,9.76,10.0,9.72,1600,7,nepse_playwright
2026-07-14,MBLEF,10.07,9.91,10.18,9.83,16500,13,nepse_playwright
2026-07-14,MMF1,9.8,9.59,9.83,9.22,584880,56,nepse_playwright
2026-07-14,MNMF1,9.6,9.8,9.85,9.6,104945,15,nepse_playwright
2026-07-14,NBF2,10.0,10.0,10.0,9.91,4700,4,nepse_playwright
2026-07-14,NBF3,9.95,9.98,10.1,9.95,53691,29,nepse_playwright
2026-07-14,NIBLGF,9.5,8.99,9.5,8.99,7300,15,nepse_playwright
2026-07-14,NIBLSTF,9.07,8.67,9.07,8.6,28000,25,nepse_playwright
2026-07-14,NIBSF2,8.7,8.71,8.8,8.51,37595,30,nepse_playwright
2026-07-14,NICBF,8.98,8.98,8.98,8.98,0,0,nepse_playwright
2026-07-14,NICFC,9.17,9.17,9.18,9.17,2600,15,nepse_playwright
2026-07-14,NICGF2,9.38,9.0,9.38,9.0,8200,5,nepse_playwright
2026-07-14,NICSF,9.35,9.35,9.35,9.35,125000,12,nepse_playwright
2026-07-14,NMB50,10.49,10.49,10.49,10.49,0,0,nepse_playwright
2026-07-14,NMBHF2,9.55,9.51,9.55,9.51,1910,9,nepse_playwright
2026-07-14,NSIF2,10.4,10.87,10.87,10.4,52099,15,nepse_playwright
2026-07-14,PRSF,12.6,12.45,12.88,12.45,1500,5,nepse_playwright
2026-07-14,PSF,11.8,11.02,11.86,11.02,4695,9,nepse_playwright
2026-07-14,RBBF40,9.3,9.15,9.5,9.01,2451040,39,nepse_playwright
2026-07-14,RMF1,9.69,9.6,9.69,9.58,1127140,26,nepse_playwright
2026-07-14,RMF2,9.7,9.42,9.7,9.42,2100,3,nepse_playwright
2026-07-14,RSY,10.0,9.7,10.0,9.7,1200,7,nepse_playwright
2026-07-14,SAGF,10.05,10.0,10.05,10.0,300,3,nepse_playwright
2026-07-14,SBCF,9.65,9.7,9.79,9.55,189932,27,nepse_playwright
2026-07-14,SEF,10.0,9.95,10.1,9.75,30632,15,nepse_playwright
2026-07-14,SFEF,10.0,10.05,10.05,10.0,18560,4,nepse_playwright
2026-07-14,SFMF,10.3,10.5,10.5,10.19,3800,5,nepse_playwright
2026-07-14,SIGS2,10.2,10.2,10.2,10.2,0,0,nepse_playwright
2026-07-14,SIGS3,10.49,10.19,10.49,10.01,505100,56,nepse_playwright
2026-07-14,SLCF,10.0,9.9,10.01,9.9,365650,22,nepse_playwright
2026-07-15,C30MF,9.75,9.73,10.0,9.73,21920,7,nepse_playwright
2026-07-15,CMF2,9.9,9.9,9.9,9.9,0,0,nepse_playwright
2026-07-15,GBIMESY2,9.5,9.97,9.97,9.5,9700,13,nepse_playwright
2026-07-15,GIBF1,10.5,10.27,10.5,10.27,22945,9,nepse_playwright
2026-07-15,GSY,10.0,10.0,10.1,10.0,9550,24,nepse_playwright
2026-07-15,H8020,12.0,11.55,12.15,11.55,3060,8,nepse_playwright
2026-07-15,HLICF,8.7,8.75,8.75,8.55,700,5,nepse_playwright
2026-07-15,KDBY,10.77,10.7,10.92,10.7,23905,25,nepse_playwright
2026-07-15,KEF,10.32,10.2,10.5,10.2,15750,21,nepse_playwright
2026-07-15,KSY,9.75,9.75,9.75,9.75,6044,8,nepse_playwright
2026-07-15,LUK,9.9,9.9,9.9,9.9,0,0,nepse_playwright
2026-07-15,LVF2,9.95,10.0,10.05,9.95,10850,7,nepse_playwright
2026-07-15,MBLEF,10.14,9.88,10.14,9.88,6200,12,nepse_playwright
2026-07-15,MMF1,9.75,9.51,9.8,9.14,28597,29,nepse_playwright
2026-07-15,MNMF1,9.9,9.6,9.9,9.6,7300,17,nepse_playwright
2026-07-15,NBF2,9.91,9.91,9.95,9.91,7100,5,nepse_playwright
2026-07-15,NBF3,10.0,9.95,10.0,9.95,39300,20,nepse_playwright
2026-07-15,NIBLGF,9.49,9.22,9.49,9.22,200,2,nepse_playwright
2026-07-15,NIBLSTF,8.5,8.9,8.9,8.5,93040,37,nepse_playwright
2026-07-15,NIBSF2,9.1,8.9,9.1,8.74,39455,18,nepse_playwright
2026-07-15,NICBF,9.24,9.24,9.24,9.24,800,2,nepse_playwright
2026-07-15,NICFC,9.49,9.17,9.49,9.17,17270,14,nepse_playwright
2026-07-15,NICGF2,9.43,9.1,9.47,9.1,605,4,nepse_playwright
2026-07-15,NICSF,9.0,9.07,9.07,8.91,1600,6,nepse_playwright
2026-07-15,NMB50,10.49,10.49,10.49,10.49,0,0,nepse_playwright
2026-07-15,NMBHF2,9.4,9.5,9.55,9.4,1800,13,nepse_playwright
2026-07-15,NSIF2,10.4,10.21,10.41,10.21,27040,11,nepse_playwright
2026-07-15,PRSF,12.37,12.61,12.7,12.32,103850,19,nepse_playwright
2026-07-15,PSF,11.7,11.51,11.84,11.5,16630,16,nepse_playwright
2026-07-15,RBBF40,9.25,9.3,9.3,9.03,38301,15,nepse_playwright
2026-07-15,RMF1,9.9,9.66,9.9,9.66,575,5,nepse_playwright
2026-07-15,RMF2,9.93,9.64,9.93,9.64,214700,10,nepse_playwright
2026-07-15,RSY,10.01,9.74,10.04,9.74,2105,13,nepse_playwright
2026-07-15,SAGF,10.3,10.0,10.3,10.0,5790,7,nepse_playwright
2026-07-15,SBCF,9.65,9.65,9.73,9.65,92960,16,nepse_playwright
2026-07-15,SEF,9.96,10.0,10.07,9.95,34060,16,nepse_playwright
2026-07-15,SFEF,10.0,10.0,10.0,10.0,700,7,nepse_playwright
2026-07-15,SFMF,10.18,10.1,10.3,10.1,5700,5,nepse_playwright
2026-07-15,SIGS2,10.1,10.2,10.2,10.1,1500,3,nepse_playwright
2026-07-15,SIGS3,10.5,10.5,10.5,10.5,100,1,nepse_playwright
2026-07-15,SLCF,10.0,10.0,10.06,10.0,147419,26,nepse_playwright
2026-07-16,C30MF,10.2,9.75,10.2,9.75,740,5,nepse_playwright
2026-07-16,CMF2,9.9,9.9,9.9,9.9,0,0,nepse_playwright
2026-07-16,GBIMESY2,9.98,9.97,10.78,9.72,16750,22,nepse_playwright
2026-07-16,GIBF1,10.5,10.5,10.5,10.28,12150,12,nepse_playwright
2026-07-16,GSY,10.3,9.91,10.3,9.6,32000,32,nepse_playwright
2026-07-16,H8020,11.65,11.65,11.65,11.65,10000,7,nepse_playwright
2026-07-16,HLICF,8.7,8.7,8.8,8.67,4360,8,nepse_playwright
2026-07-16,KDBY,10.74,10.69,10.93,10.63,61620,26,nepse_playwright
2026-07-16,KEF,10.16,10.02,10.3,10.02,2200,7,nepse_playwright
2026-07-16,KSY,10.03,9.75,10.03,9.75,300,3,nepse_playwright
2026-07-16,LUK,9.9,9.9,9.9,9.9,0,0,nepse_playwright
2026-07-16,LVF2,9.77,9.75,9.77,9.75,12500,7,nepse_playwright
2026-07-16,MBLEF,10.0,9.88,10.1,9.88,1600,9,nepse_playwright
2026-07-16,MMF1,9.75,9.8,9.8,9.3,26000,29,nepse_playwright
2026-07-16,MNMF1,9.9,10.2,10.2,9.61,2500,13,nepse_playwright
2026-07-16,NBF2,9.9,9.9,9.93,9.9,6311,4,nepse_playwright
2026-07-16,NBF3,9.93,9.7,9.93,9.5,22870,19,nepse_playwright
2026-07-16,NIBLGF,10.91,9.21,10.91,9.21,39150,25,nepse_playwright
2026-07-16,NIBLSTF,9.04,8.92,9.45,8.3,36531,20,nepse_playwright
2026-07-16,NIBSF2,9.1,8.85,9.1,8.59,72200,16,nepse_playwright
2026-07-16,NICBF,9.24,9.24,9.24,9.24,0,0,nepse_playwright
2026-07-16,NICFC,9.06,9.5,9.5,9.0,2340,8,nepse_playwright
2026-07-16,NICGF2,9.49,9.9,9.9,9.22,2680,7,nepse_playwright
2026-07-16,NICSF,9.1,9.0,9.2,9.0,2800,8,nepse_playwright
2026-07-16,NMB50,10.18,10.19,10.22,10.18,14700,4,nepse_playwright
2026-07-16,NMBHF2,10.13,9.5,10.13,9.47,79180,25,nepse_playwright
2026-07-16,NSIF2,10.23,10.23,10.23,10.23,100,1,nepse_playwright
2026-07-16,PRSF,12.35,12.41,12.69,12.35,153828,22,nepse_playwright
2026-07-16,PSF,11.8,11.71,11.9,11.71,6100,7,nepse_playwright
2026-07-16,RBBF40,9.99,9.71,9.99,9.15,12450,19,nepse_playwright
2026-07-16,RMF1,10.05,10.05,10.05,9.66,49324,11,nepse_playwright
2026-07-16,RMF2,10.0,10.0,10.3,10.0,3100,5,nepse_playwright
2026-07-16,RSY,10.24,9.76,10.24,9.76,8910,20,nepse_playwright
2026-07-16,SAGF,10.45,10.01,10.45,10.01,300,3,nepse_playwright
2026-07-16,SBCF,9.75,9.37,9.79,9.37,12790,14,nepse_playwright
2026-07-16,SEF,10.02,10.0,10.02,9.95,10400,10,nepse_playwright
2026-07-16,SFEF,10.19,9.95,10.2,9.95,12800,9,nepse_playwright
2026-07-16,SFMF,10.0,10.1,10.1,10.0,10000,3,nepse_playwright
2026-07-16,SIGS2,11.0,10.4,11.0,10.4,7000,9,nepse_playwright
2026-07-16,SIGS3,10.5,10.2,10.5,10.2,1830,5,nepse_playwright
2026-07-16,SLCF,10.55,9.7,10.55,9.7,5500,12,nepse_playwright
